filename,xmin,ymin,xmax,ymax,class
004163.jpg,63.488,50.432,90.88,80.896,tvmonitor
004186.jpg,2.304,40.32,102.912,112,bus
004186.jpg,0.512,22.4,68.096,79.488,bus
004186.jpg,71.936,25.984,93.184,37.504,car
004186.jpg,89.856,18.816,105.472,27.52,car
004186.jpg,93.696,23.424,113.152,34.944,car
004186.jpg,113.152,24.192,128,39.808,car
004186.jpg,60.16,19.84,74.496,27.776,car
004186.jpg,75.776,16.512,89.856,22.4,car
009252.jpg,10.24,67.9485094850949,128,111,sofa
009252.jpg,83.2,24.3875338753388,108.288,56.4850948509485,pottedplant
009252.jpg,60.16,55.2113821138211,65.536,71.5149051490515,chair
009252.jpg,39.424,56.230352303523,56.576,73.0433604336043,chair
009221.jpg,14.592,38.0915915915916,107.776,92.2057057057057,cat
000695.jpg,27.904,48.256,106.24,109.696,horse
000695.jpg,56.32,26.24,73.216,83.584,person
000695.jpg,113.408,56.704,128,88.448,horse
000695.jpg,44.544,43.648,84.992,56.448,horse
000695.jpg,120.576,40.064,128,64.384,person
002407.jpg,27.008,4.096,92.8,126.72,cat
000996.jpg,100.608,53.376,123.392,74.112,chair
000996.jpg,78.848,54.144,96.512,68.48,chair
000996.jpg,62.464,53.376,73.984,63.36,chair
000996.jpg,50.176,51.328,60.672,61.312,chair
000996.jpg,35.584,70.784,77.568,112,chair
000996.jpg,7.168,70.016,42.752,111.488,chair
000996.jpg,0.256,70.528,19.456,98.688,chair
000996.jpg,20.992,40.832,36.352,58.752,chair
000996.jpg,1.28,56.192,128,112,diningtable
000996.jpg,4.864,17.536,23.808,60.8,person
004799.jpg,36.0630498533724,28.416,104.183284457478,121.344,bird
008784.jpg,122.624,67.8358778625954,128,73.7175572519084,car
008784.jpg,109.824,66.0458015267176,123.904,73.4618320610687,car
008784.jpg,105.472,67.8358778625954,113.664,73.4618320610687,car
008784.jpg,98.048,67.324427480916,104.704,73.206106870229,car
008784.jpg,77.056,66.3015267175573,86.528,72.6946564885496,car
008784.jpg,51.2,66.3015267175573,60.16,73.9732824427481,car
008784.jpg,38.4,66.3015267175573,49.664,73.7175572519084,car
008784.jpg,28.16,66.5572519083969,37.376,75.2519083969466,car
008784.jpg,11.264,66.5572519083969,23.808,74.4847328244275,car
008784.jpg,0.512,67.324427480916,10.24,73.7175572519084,car
008784.jpg,86.272,70.1374045801527,90.88,78.8320610687023,boat
008784.jpg,68.352,69.881679389313,73.984,79.8549618320611,boat
008784.jpg,62.72,70.9045801526718,67.84,80.3664122137405,boat
008784.jpg,59.136,69.881679389313,64.512,82.1564885496183,boat
008784.jpg,50.944,69.881679389313,56.32,79.8549618320611,boat
008784.jpg,37.376,70.3931297709924,43.776,79.8549618320611,boat
008784.jpg,12.288,70.9045801526718,18.432,80.6221374045802,boat
008784.jpg,82.944,64,97.792,73.9732824427481,car
001611.jpg,41.4727272727273,54.528,75.3272727272727,128,person
001611.jpg,41.2181818181818,43.776,109.181818181818,128,person
003965.jpg,60.416,42.88,97.536,99.456,bird
001758.jpg,68.0641711229947,58.112,88.1310160427807,96,dog
001758.jpg,17.5160427807487,27.648,75.4304812834225,128,person
004973.jpg,28.416,54.144,60.16,77.184,car
004973.jpg,71.936,54.144,104.448,77.44,car
002939.jpg,72.448,57.216,80.896,73.856,bottle
002939.jpg,40.704,41.856,86.016,112,person
002939.jpg,68.096,68.736,94.464,108.416,chair
002939.jpg,9.728,43.648,30.976,75.648,tvmonitor
005991.jpg,18.048,14.336,43.392,58.88,pottedplant
005991.jpg,47.744,52.992,71.552,107.264,person
001467.jpg,64.768,36.736,121.6,77.696,dog
002844.jpg,36.096,31.9492307692308,128,85.8353846153846,train
006409.jpg,77.824,41.088,128,112,person
006409.jpg,0.256,48.768,29.184,83.584,person
006409.jpg,42.752,61.568,49.408,77.696,bottle
006409.jpg,2.048,74.112,96.256,112,diningtable
009586.jpg,59.52,90.88,68.48,99.84,cow
008127.jpg,49.408,78.5059880239521,128,106.5,diningtable
008127.jpg,53.248,68.8353293413174,62.464,106.5,chair
008127.jpg,68.608,49.2395209580838,87.296,73.6706586826347,pottedplant
008127.jpg,88.576,54.3293413173653,114.944,84.3592814371258,person
008127.jpg,57.6,59.4191616766467,83.968,86.3952095808383,person
008127.jpg,14.848,41.0958083832335,45.568,106.5,person
000848.jpg,8.448,49.2395209580838,66.56,106.5,person
000848.jpg,0.256,63.4910179640719,66.304,106.5,sofa
000848.jpg,82.688,62.4730538922156,90.368,77.4880239520958,chair
000848.jpg,82.688,63.2365269461078,128,106.5,chair
000848.jpg,79.104,64.7634730538922,118.016,106.5,person
002393.jpg,14.336,31.6796407185629,41.472,43.1317365269461,car
002393.jpg,34.816,29.8982035928144,77.312,47.7125748502994,car
002393.jpg,106.496,29.1347305389222,122.112,34.9880239520958,car
002393.jpg,114.944,30.4071856287425,128,44.9131736526946,car
002393.jpg,28.416,33.9700598802395,128,103.191616766467,car
005007.jpg,29.696,18.56,99.84,84.096,tvmonitor
005839.jpg,23.388090349076,23.808,112.759753593429,109.056,car
005839.jpg,2.50924024640657,28.928,33.5728952772074,64,car
001556.jpg,18.432,31.8674698795181,40.704,86.5180722891566,horse
001556.jpg,82.688,29.8433734939759,111.36,95.8795180722892,horse
009392.jpg,104.96,71.2326283987916,128,106,bus
009392.jpg,63.744,80.368580060423,75.264,84.6827794561933,car
009392.jpg,55.04,78.5921450151057,63.744,82.1450151057402,car
009392.jpg,44.288,78.5921450151057,52.736,82.1450151057402,car
009392.jpg,74.24,78.5921450151057,80.384,81.1299093655589,car
009392.jpg,4.864,78.8459214501511,13.056,82.3987915407855,car
009392.jpg,0.256,93.8187311178248,18.944,106,car
007653.jpg,4.352,63.7469879518072,120.832,93.3493975903614,car
007653.jpg,54.528,66.7831325301205,63.744,72.855421686747,person
007772.jpg,38.144,38.272,82.176,85.12,cow
001526.jpg,0.768,30.5906040268456,29.184,102,person
001526.jpg,27.904,39.006711409396,54.784,101.744966442953,person
001526.jpg,54.272,34.9261744966443,80.896,101.744966442953,person
001526.jpg,73.984,34.4161073825503,99.072,101.744966442953,person
001526.jpg,97.536,29.8255033557047,128,101.744966442953,person
003987.jpg,22.0105105105105,97.024,92.9714714714715,127.744,car
003987.jpg,95.524024024024,89.344,106.5,121.344,car
008731.jpg,38.4,45.5301204819277,65.28,92.3373493975904,horse
008731.jpg,75.52,46.5421686746988,98.048,93.3493975903614,person
000591.jpg,0.512,70.509009009009,8.192,89.1426426426427,person
000591.jpg,5.12,68.7222222222222,17.408,85.3138138138138,person
000591.jpg,12.288,69.9984984984985,19.456,85.8243243243243,person
000591.jpg,19.2,70.2537537537538,25.6,92.9714714714715,person
000591.jpg,27.648,67.1906906906907,36.608,85.3138138138138,person
000591.jpg,121.088,72.2957957957958,125.184,81.2297297297297,person
000591.jpg,44.544,71.7852852852853,50.432,82.2507507507508,chair
000591.jpg,39.168,70.7642642642643,46.08,82.506006006006,chair
000591.jpg,58.112,71.2747747747748,62.72,81.2297297297297,chair
000591.jpg,48.128,73.0615615615616,56.32,82.2507507507508,diningtable
001430.jpg,0.256,84.864,64,111.744,diningtable
001430.jpg,25.6,55.424,60.16,89.216,person
001430.jpg,54.016,53.376,77.568,106.112,person
001430.jpg,62.72,55.424,101.888,111.744,person
001430.jpg,14.336,60.544,25.6,72.32,pottedplant
001430.jpg,80.896,16.256,107.008,32.896,tvmonitor
001430.jpg,88.064,37.248,109.568,70.784,pottedplant
003783.jpg,56.96,82.432,68.736,107.776,bottle
003783.jpg,34.176,72.704,50.048,100.352,bottle
003783.jpg,39.296,65.536,52.096,91.392,bottle
003783.jpg,51.328,70.656,61.568,98.048,bottle
003783.jpg,61.312,65.024,72.832,95.488,bottle
003783.jpg,63.104,44.032,77.184,79.872,bottle
003783.jpg,84.864,40.192,96.384,66.304,bottle
003783.jpg,75.392,36.096,85.376,69.12,bottle
003783.jpg,68.736,46.08,77.184,70.912,bottle
003783.jpg,48.768,59.392,60.544,79.104,bottle
003783.jpg,41.6,51.968,51.072,71.936,bottle
003783.jpg,43.904,40.704,54.144,60.672,bottle
003783.jpg,48.256,37.632,55.68,52.48,bottle
003783.jpg,53.888,32,61.568,48.64,bottle
003783.jpg,55.936,48.64,63.36,62.464,bottle
003783.jpg,52.608,52.48,63.872,78.08,bottle
003783.jpg,70.528,36.608,76.928,55.296,bottle
003783.jpg,72.064,27.392,78.208,44.544,bottle
003783.jpg,74.112,22.016,81.28,37.632,bottle
003783.jpg,82.048,25.6,86.912,30.72,bottle
003783.jpg,81.024,30.976,88.448,48.384,bottle
003783.jpg,93.312,32,100.48,51.968,bottle
003783.jpg,91.264,36.352,98.176,59.904,bottle
003783.jpg,87.68,28.416,93.056,40.192,bottle
003783.jpg,54.912,26.112,62.848,41.216,bottle
005910.jpg,55.808,41.2910447761194,89.856,66.9179104477612,bird
005910.jpg,1.024,47.8880597014925,86.016,77.5746268656716,person
005749.jpg,12.544,49.536,123.648,92.032,car
007205.jpg,33.28,54.144,51.456,72.32,car
007205.jpg,51.2,59.52,57.088,65.92,car
007205.jpg,2.56,64.128,36.096,99.2,car
008621.jpg,65.536,38.0758754863813,123.136,91.6945525291829,train
003696.jpg,49.408,44.0120481927711,94.208,94.1084337349398,horse
003696.jpg,44.032,49.8313253012048,66.048,93.6024096385542,person
009822.jpg,37.632,59.52,47.104,65.92,car
009822.jpg,28.928,59.52,38.4,67.968,car
009822.jpg,87.552,63.104,91.648,72.576,person
009822.jpg,27.648,62.08,33.792,67.2,person
009822.jpg,36.352,61.312,41.984,74.368,person
009822.jpg,36.608,66.176,42.24,74.368,motorbike
009822.jpg,50.176,62.848,55.552,74.368,person
009822.jpg,5.632,73.856,21.504,92.8,motorbike
009822.jpg,25.088,75.904,39.68,95.104,motorbike
009822.jpg,42.496,79.744,57.6,103.296,motorbike
009822.jpg,62.464,85.376,81.92,111.232,motorbike
009822.jpg,55.296,69.248,67.072,84.096,motorbike
009822.jpg,20.224,70.528,29.952,85.888,motorbike
009822.jpg,65.536,74.88,80.384,104.064,person
009822.jpg,45.312,72.576,56.32,96.384,person
009822.jpg,26.624,68.224,39.168,88.704,person
009822.jpg,9.216,66.176,21.248,87.68,person
009822.jpg,21.248,64.896,29.44,81.536,person
009822.jpg,95.232,66.176,128,98.944,car
009822.jpg,73.216,68.224,81.92,76.928,motorbike
009822.jpg,82.432,71.296,85.248,75.904,motorbike
009822.jpg,74.24,64.128,80.384,75.904,person
009822.jpg,80.896,64.128,84.48,71.552,person
009822.jpg,1.536,61.056,6.4,73.6,person
009822.jpg,6.656,62.848,12.288,69.504,person
009822.jpg,16.64,60.8,21.248,66.432,person
009822.jpg,19.712,60.544,23.04,64.896,person
009822.jpg,17.408,64.896,22.016,73.088,motorbike
009822.jpg,5.888,68.736,12.544,78.72,motorbike
009822.jpg,15.616,52.096,20.224,56.448,bus
009822.jpg,98.816,64.896,102.656,74.88,person
009822.jpg,95.488,65.92,99.84,75.648,person
009822.jpg,102.656,67.712,108.544,73.088,person
009822.jpg,56.832,64.64,65.024,80,person
009389.jpg,30.464,45.952,128,109.184,train
003239.jpg,80.896,56.96,114.688,89.728,chair
003239.jpg,21.248,77.696,34.56,99.968,pottedplant
002163.jpg,19.456,39.296,117.76,106.112,person
007381.jpg,30.0647482014389,17.152,75.8201438848921,102.4,person
007381.jpg,69.9736211031175,39.68,96.410071942446,101.888,person
008909.jpg,5.632,31.616,124.416,94.848,car
003740.jpg,52.224,56.96,67.584,100.224,person
003740.jpg,89.856,52.096,105.472,96.64,person
003740.jpg,1.792,55.936,25.344,106.368,person
003740.jpg,46.848,77.184,52.224,86.4,dog
008141.jpg,55.04,32.896,79.104,110.72,bottle
008141.jpg,9.728,16.256,114.432,93.056,chair
007388.jpg,19.456,19.072,126.976,112,person
006585.jpg,43.008,32.404833836858,83.2,81.3836858006042,person
006585.jpg,36.608,47.631419939577,84.736,87.4743202416918,motorbike
000577.jpg,0.256,21.7552552552553,122.624,106.5,horse
007167.jpg,2.304,41.088,88.832,72.064,car
007167.jpg,13.056,43.392,128,94.336,car
007167.jpg,86.528,45.184,99.328,59.776,person
007167.jpg,50.688,44.928,57.344,51.328,person
001789.jpg,0.256,37.504,40.704,89.728,train
001789.jpg,50.432,41.088,82.688,81.536,train
001789.jpg,92.928,34.688,128,82.56,train
001789.jpg,91.904,68.736,98.816,87.168,person
001789.jpg,91.392,75.904,122.112,112,person
000285.jpg,57.344,35.712,118.272,112,person
000285.jpg,9.472,40.832,59.136,112,person
000285.jpg,94.464,67.968,111.872,112,chair
000285.jpg,30.72,72.32,58.624,112,chair
008049.jpg,40.704,19.84,100.352,81.28,tvmonitor
006947.jpg,38.912,36.736,109.568,104.832,tvmonitor
005131.jpg,19.456,16.256,95.488,112,cat
005812.jpg,74.496,67.8173652694611,119.296,91.4850299401198,dog
005812.jpg,2.816,63.4910179640719,32.512,95.5568862275449,dog
006289.jpg,42.407444668008,69.12,119.322937625755,127.744,chair
006289.jpg,3.56639839034205,45.568,44.1961770623742,107.264,chair
006289.jpg,24.2645875251509,67.072,127.5,128,diningtable
006289.jpg,105.26861167002,48.64,121.111670020121,61.184,chair
006289.jpg,27.330985915493,31.232,65.9164989939638,86.784,person
006289.jpg,41.3853118712274,51.712,111.912474849095,127.744,person
006289.jpg,89.6810865191147,40.192,109.868209255533,70.656,person
002359.jpg,3.072,45.184,89.856,112,dog
004997.jpg,31.488,36.5149700598802,116.736,83.5958083832335,train
004997.jpg,10.24,53.0568862275449,28.672,74.434131736527,train
005988.jpg,84.992,63.616,105.728,73.6,dog
005988.jpg,24.832,58.752,42.24,72.832,dog
005988.jpg,9.472,32.896,24.32,75.392,person
005988.jpg,88.576,28.288,116.48,80.512,person
005988.jpg,114.176,33.408,128,52.352,car
005988.jpg,0.256,39.04,5.888,52.096,car
007820.jpg,1.28,26.3498498498498,128,87.1006006006006,aeroplane
007820.jpg,70.912,40.3888888888889,110.336,56.9804804804805,aeroplane
009024.jpg,71.8433734939759,36.096,79.1807228915663,45.056,person
009024.jpg,63.2409638554217,44.032,94.8674698795181,92.16,horse
009805.jpg,24.832,50.048,100.352,86.656,cat
003089.jpg,24.064,57.7462462462462,52.48,92.2057057057057,motorbike
003089.jpg,49.152,40.3888888888889,115.712,106.5,motorbike
003089.jpg,37.888,29.4129129129129,74.24,102.926426426426,person
005405.jpg,34.176,38.656,86.656,102.656,person
008096.jpg,33.28,57.728,63.744,77.696,bicycle
008096.jpg,42.24,51.84,59.648,72.32,person
001250.jpg,50.962962962963,50.1284722222222,75.5555555555556,78.1666666666667,bird
005461.jpg,37.376,59.52,115.2,97.664,horse
005461.jpg,12.032,63.104,57.6,84.096,horse
005461.jpg,1.024,62.848,21.76,83.584,horse
005461.jpg,58.112,47.232,73.728,92.288,person
005461.jpg,41.728,59.52,46.848,64.384,person
005461.jpg,18.176,52.352,33.024,110.976,person
005461.jpg,1.28,58.24,9.984,71.552,person
002478.jpg,71.68,80,123.648,101.76,car
002775.jpg,84.096,40.704,112,128,pottedplant
002775.jpg,46.976,88.576,91.52,128,pottedplant
002775.jpg,16.256,73.216,41.344,128,pottedplant
005563.jpg,107.264,16.256,128,35.712,tvmonitor
005563.jpg,52.992,25.984,95.744,100.48,person
005563.jpg,26.624,37.504,94.464,111.744,person
005563.jpg,95.488,38.528,98.816,49.28,bottle
005563.jpg,91.136,36.736,95.488,48.512,bottle
007724.jpg,17.925601750547,21.7849462365591,113.995623632385,109.290322580645,chair
005236.jpg,20.48,35.2,68.096,112,person
005236.jpg,44.544,53.12,78.592,112,horse
005236.jpg,76.032,30.592,110.848,112,person
005236.jpg,93.696,38.784,119.04,101.248,person
009585.jpg,0.256,18.56,65.28,112,person
009585.jpg,69.888,34.176,118.272,112,person
009585.jpg,104.704,19.84,128,112,person
009585.jpg,108.544,79.488,119.808,104.832,bottle
009585.jpg,58.624,65.664,64.768,76.16,bottle
009585.jpg,50.944,67.2,58.88,79.488,bottle
009585.jpg,44.544,67.712,50.432,76.416,bottle
009585.jpg,53.504,71.808,63.744,96.64,bottle
009585.jpg,62.464,72.32,72.704,97.408,bottle
002202.jpg,11.776,22.0989010989011,95.488,108.711538461538,cat
005130.jpg,29.44,33.536,82.944,110.848,bird
005519.jpg,22.016,39.5879345603272,44.544,93.0132924335378,cat
005519.jpg,57.088,20.9274028629857,99.584,75.3752556237219,cat
001383.jpg,25.6,51.328,110.336,95.872,train
000772.jpg,29.0666666666667,30.6666666666667,112,128,dog
003660.jpg,74.88,47.36,112,100.096,tvmonitor
009537.jpg,33.024,69.1797153024911,38.4,79.2864768683274,person
009537.jpg,2.048,31.0266903914591,128,84.3398576512456,train
005374.jpg,74.24,53.8395721925134,92.416,99.0534759358289,person
005374.jpg,54.016,51.0454545454545,65.28,83.0508021390374,person
005374.jpg,55.04,55.3636363636364,66.048,83.0508021390374,person
005374.jpg,47.872,17.0080213903743,128,104.641711229947,bus
004625.jpg,20.992,38.784,110.848,112,horse
007853.jpg,22.016,49.6027837259101,89.6,119.677730192719,bird
001678.jpg,95.488,47.536036036036,128,79.6981981981982,tvmonitor
001678.jpg,64.512,49.3228228228228,89.344,72.551051051051,tvmonitor
001678.jpg,27.392,70.509009009009,65.536,106.5,person
001678.jpg,30.464,37.3258258258258,40.192,49.5780780780781,person
001678.jpg,28.416,42.4309309309309,37.12,50.3438438438438,chair
001678.jpg,41.984,36.8153153153153,49.92,42.9414414414414,tvmonitor
004841.jpg,27.392,67.2,43.776,78.208,aeroplane
004841.jpg,89.6,43.648,96,48,aeroplane
000468.jpg,21.7552552552553,36.608,76.8903903903904,128,person
000468.jpg,23.0315315315315,48.896,105.734234234234,128,person
002870.jpg,15.872,49.5780780780781,47.104,104.457957957958,motorbike
002870.jpg,17.408,25.3288288288288,45.824,92.9714714714715,person
002870.jpg,59.136,56.7252252252252,69.376,83.0165165165165,person
002870.jpg,85.504,68.7222222222222,109.056,87.6111111111111,person
002870.jpg,116.992,55.9594594594595,125.696,85.0585585585586,person
002870.jpg,79.104,61.5750750750751,84.224,81.484984984985,person
002870.jpg,98.304,61.8303303303303,105.216,80.463963963964,person
002870.jpg,104.448,61.5750750750751,112.896,69.487987987988,person
002870.jpg,4.096,58.0015015015015,14.336,80.9744744744745,person
002870.jpg,105.216,67.1906906906907,114.944,85.8243243243243,motorbike
002870.jpg,53.76,69.7432432432432,71.936,83.2717717717718,motorbike
002870.jpg,43.776,74.0825825825826,54.272,81.7402402402403,motorbike
002870.jpg,0.256,69.7432432432432,5.632,81.9954954954955,person
000887.jpg,6.4,35.903125,121.088,86.021875,aeroplane
003555.jpg,103.68,82.816,109.312,89.728,pottedplant
003555.jpg,96,83.84,101.632,90.24,pottedplant
003555.jpg,86.272,83.84,91.904,91.776,pottedplant
003555.jpg,73.728,85.12,80.64,92.032,pottedplant
003555.jpg,60.416,85.632,66.304,93.824,pottedplant
003555.jpg,112.128,77.696,128,93.056,car
008209.jpg,73.216,87.7244897959184,96.256,120.632653061224,horse
008209.jpg,81.408,79.0510204081633,92.672,104.051020408163,person
008209.jpg,87.808,79.8163265306122,91.136,90.7857142857143,person
001119.jpg,64,66.9354354354354,87.808,76.3798798798799,car
009412.jpg,7.936,31.872,25.856,45.696,bus
009412.jpg,19.2,37.76,65.28,112,person
009412.jpg,81.152,26.24,128,112,person
005262.jpg,95.232,68.48,128,92.288,car
005262.jpg,3.584,56.704,13.568,63.36,car
005262.jpg,20.48,45.184,87.552,77.696,bus
001952.jpg,6.656,20.1146095717884,121.6,108.139798488665,bird
003820.jpg,0.256,16.768,128,112,car
003820.jpg,0.256,16.512,8.704,32.896,person
002558.jpg,24.32,48,55.04,90.24,bicycle
002558.jpg,84.48,59.52,112.128,104.064,bicycle
002558.jpg,22.016,25.984,56.832,84.608,person
002558.jpg,84.48,34.944,114.688,97.664,person
000689.jpg,0.512,28.943342776204,127.488,107.470254957507,train
001442.jpg,18.688,38.8573573573574,109.824,106.5,cow
007950.jpg,70.912,96.64,94.208,102.272,car
007950.jpg,0.256,96.64,14.336,105.6,car
007950.jpg,28.16,95.616,43.776,102.528,car
007950.jpg,21.504,95.872,30.72,101.76,car
007950.jpg,9.472,95.36,20.992,102.016,car
006279.jpg,7.936,48.512,127.744,78.464,aeroplane
005653.jpg,20.992,34.688,96.512,82.816,cow
005653.jpg,14.848,41.344,23.552,48.256,cow
005653.jpg,52.992,40.832,72.704,87.68,person
005653.jpg,92.672,42.368,108.032,83.072,person
009644.jpg,9.216,41.7349397590361,123.136,98.6626506024096,car
003608.jpg,22.016,32.384,113.408,88.96,car
007374.jpg,50.432,72.064,81.92,86.144,car
007374.jpg,10.752,68.992,33.792,83.584,car
003857.jpg,16.768,1.536,112,100.864,chair
009350.jpg,22.0405797101449,73.984,105.704347826087,121.6,car
002513.jpg,67.84,76.928,71.424,81.28,aeroplane
002513.jpg,64.768,78.208,68.864,82.304,aeroplane
002513.jpg,63.232,74.112,67.328,78.208,aeroplane
002513.jpg,57.6,68.736,61.696,73.088,aeroplane
002513.jpg,56.064,64.896,59.904,68.736,aeroplane
002513.jpg,52.992,72.064,57.088,76.928,aeroplane
002513.jpg,54.272,76.928,58.368,81.536,aeroplane
002513.jpg,48.128,74.624,51.968,80,aeroplane
000822.jpg,25.088,58.4117647058824,58.88,104.387700534759,motorbike
000822.jpg,59.136,59.1737967914439,90.368,98.5454545454546,motorbike
003373.jpg,59.392,56.96,112.896,100.224,dog
003373.jpg,45.056,16.256,84.48,66.176,person
001807.jpg,74.24,50.8543543543544,105.216,78.6771771771772,horse
001807.jpg,51.456,56.2147147147147,75.776,76.6351351351351,horse
001807.jpg,13.824,48.3018018018018,50.176,70.509009009009,horse
001807.jpg,84.48,47.0255255255255,92.928,71.0195195195195,person
001807.jpg,60.928,47.7912912912913,68.352,68.7222222222222,person
001807.jpg,28.928,43.1966966966967,38.4,64.6381381381381,person
005079.jpg,5.632,44.16,116.224,94.08,aeroplane
009150.jpg,35.968,93.44,51.84,110.848,bird
001673.jpg,9.216,44.16,112.64,97.664,cat
001673.jpg,107.008,16.256,123.392,49.536,bottle
002376.jpg,0.256,29.6681681681682,117.248,78.6771771771772,aeroplane
008091.jpg,22.5060240963855,0.768,103.469879518072,81.664,boat
008091.jpg,50.0843373493976,53.504,66.2771084337349,73.728,person
008091.jpg,22.7590361445783,26.624,33.3855421686747,46.336,boat
003599.jpg,32.256,30.6024096385542,96.256,104.734939759036,bicycle
003032.jpg,8.704,39.04,120.576,75.392,aeroplane
003032.jpg,33.792,80.768,45.056,94.336,car
003032.jpg,0.256,77.44,36.608,100.736,car
008836.jpg,37.888,36.48,112.896,112,person
008836.jpg,87.04,33.92,110.08,84.096,person
008836.jpg,0.256,45.44,32.512,112,person
008836.jpg,114.176,87.168,128,112,person
008836.jpg,106.752,44.672,128,100.48,person
008836.jpg,126.208,17.024,128,32.64,person
008836.jpg,117.76,16.256,123.392,32.64,person
008836.jpg,109.824,16.256,116.736,33.152,person
008836.jpg,101.12,16.256,105.984,32.384,person
008836.jpg,65.536,18.816,72.192,35.712,person
008836.jpg,51.2,20.608,54.784,36.992,person
008836.jpg,32.512,31.104,35.584,43.392,person
008836.jpg,28.928,32.384,32,43.904,person
008836.jpg,26.624,33.408,28.672,43.392,person
008836.jpg,0.256,42.368,14.08,70.784,person
003336.jpg,0.768,31.616,61.952,112,motorbike
003336.jpg,74.496,21.376,107.264,39.296,motorbike
003336.jpg,36.864,23.424,63.232,38.784,motorbike
000780.jpg,97.536,81.28,117.76,112,chair
000780.jpg,82.944,63.616,100.096,78.976,chair
000780.jpg,111.36,67.968,123.392,86.656,chair
000780.jpg,48.896,61.824,69.376,75.904,chair
000780.jpg,14.08,64.896,36.608,77.696,chair
000780.jpg,10.752,83.84,51.456,112,chair
000780.jpg,48.128,70.528,72.448,89.216,pottedplant
006318.jpg,59.904,49.28,92.16,95.104,cat
003618.jpg,56.064,48.566265060241,69.376,79.1807228915663,person
003618.jpg,57.6,52.1084337349398,62.72,63.7469879518072,person
003618.jpg,14.848,57.421686746988,23.04,70.8313253012048,person
003618.jpg,39.936,62.4819277108434,99.84,89.0481927710843,horse
003618.jpg,54.272,55.6506024096386,78.08,66.2771084337349,horse
003618.jpg,14.592,60.9638554216867,23.552,78.4216867469879,horse
003618.jpg,0.256,64.2530120481928,3.072,75.3855421686747,horse
003623.jpg,27.392,21.632,109.568,95.872,bird
005954.jpg,60.288,13.824,112,123.904,cat
004954.jpg,12.6333333333333,39.168,103.866666666667,123.392,sheep
004954.jpg,33.0777777777778,7.68,112.811111111111,111.616,person
006619.jpg,28.16,54.1726726726727,56.832,71.2747747747748,aeroplane
007666.jpg,0.768,31.36,105.728,111.744,train
000797.jpg,9.472,48.512,89.088,112,dog
000797.jpg,17.408,40.064,108.544,110.72,person
000797.jpg,0.768,30.848,83.968,112,sofa
005867.jpg,60.16,64.64,74.496,78.208,tvmonitor
005867.jpg,59.392,80.512,93.44,112,chair
003945.jpg,47.616,65.5269461077844,78.08,91.7395209580838,bicycle
003945.jpg,26.368,56.1107784431138,58.112,86.6497005988024,bicycle
003945.jpg,0.256,51.0209580838323,12.544,80.0329341317365,bicycle
003945.jpg,53.76,52.0389221556886,80.64,82.8323353293413,person
003945.jpg,36.352,45.6766467065868,58.88,77.9970059880239,person
003945.jpg,35.84,39.8233532934132,61.184,77.4880239520958,person
003945.jpg,0.512,31.6796407185629,12.288,60.437125748503,person
003945.jpg,0.512,27.0988023952096,16.64,34.4790419161677,person
003163.jpg,14.336,43.2796610169492,112.896,87.5169491525424,bus
000232.jpg,12.032,39.552,96.256,101.504,cow
000232.jpg,58.88,24.192,64.512,39.808,person
000232.jpg,103.424,34.176,128,46.464,boat
000232.jpg,0.256,28.544,22.528,39.552,boat
000232.jpg,14.08,33.408,32.256,39.04,boat
008796.jpg,48.384,55.0657894736842,73.984,67.3184210526316,bird
005735.jpg,0.256,41.6,126.208,89.472,train
009684.jpg,49.152,53.888,128,112,sofa
009684.jpg,14.592,32.384,97.28,112,person
003074.jpg,76.288,64.1276276276276,90.368,71.53003003003,bird
003074.jpg,52.736,70.509009009009,66.56,78.1666666666667,bird
003074.jpg,37.376,77.4009009009009,50.176,84.8033033033033,bird
003074.jpg,13.824,87.1006006006006,28.672,94.2477477477478,bird
006319.jpg,45.056,16.512,128,111.744,pottedplant
006319.jpg,0.256,16.256,21.76,55.936,pottedplant
006560.jpg,0.256,23.168,62.976,112,person
006560.jpg,57.088,23.936,128,112,person
004459.jpg,25.344,67.712,30.208,80.256,person
004459.jpg,12.032,67.712,16.384,78.464,person
004459.jpg,14.848,68.736,19.968,80,person
004459.jpg,0.512,19.072,128,84.352,aeroplane
004459.jpg,40.192,67.2,44.544,77.696,person
004459.jpg,43.264,66.176,46.336,77.696,person
007078.jpg,8.704,48.512,16.896,59.52,pottedplant
007078.jpg,33.792,47.744,39.168,54.656,pottedplant
007078.jpg,64.512,48.256,96,71.296,chair
007078.jpg,92.16,55.168,128,110.72,sofa
005874.jpg,39.168,63.2409638554217,111.104,105.746987951807,sofa
005874.jpg,32,62.7349397590361,40.704,81.710843373494,pottedplant
008534.jpg,36.608,19.8720930232558,124.672,113.5,cat
000854.jpg,43.008,61.056,106.24,88.192,sofa
000854.jpg,0.512,64.384,32.768,102.528,chair
000854.jpg,114.432,77.184,128,108.928,chair
000854.jpg,0.256,16.512,26.112,79.744,pottedplant
000854.jpg,79.104,56.448,99.072,95.616,person
000854.jpg,67.072,55.168,80.64,94.848,person
000854.jpg,55.04,54.4,68.864,93.056,person
000854.jpg,8.448,61.056,39.424,100.736,person
001265.jpg,24.5305810397554,11.264,101.946483180428,120.064,person
006506.jpg,92.672,55.6506024096386,128,93.0963855421687,horse
006506.jpg,81.408,60.710843373494,98.816,90.566265060241,horse
006506.jpg,60.416,57.9277108433735,73.472,94.1084337349398,horse
006506.jpg,41.984,66.2771084337349,55.04,90.566265060241,horse
006506.jpg,0.768,72.855421686747,29.44,99.1686746987952,horse
006506.jpg,18.432,65.0120481927711,31.232,91.8313253012048,horse
006506.jpg,102.144,49.5783132530121,116.224,79.1807228915663,person
006506.jpg,81.92,53.3734939759036,96.256,78.4216867469879,person
006506.jpg,59.136,52.8674698795181,74.496,80.9518072289157,person
006506.jpg,41.728,55.6506024096386,55.808,81.4578313253012,person
006506.jpg,18.944,57.9277108433735,30.976,83.2289156626506,person
006506.jpg,7.936,58.1807228915663,20.992,87.7831325301205,person
002124.jpg,85.248,76.8903903903904,121.856,106.5,sofa
002124.jpg,68.096,65.9144144144144,90.88,92.2057057057057,chair
002124.jpg,20.48,65.1486486486486,35.584,78.4219219219219,tvmonitor
001911.jpg,65.024,52.8963963963964,102.4,75.8693693693694,aeroplane
007959.jpg,59.1646706586826,39.168,88.4311377245509,48.896,sofa
007959.jpg,86.6497005988024,38.656,98.6107784431138,49.152,chair
007959.jpg,52.2934131736527,42.496,66.2904191616767,50.176,chair
007959.jpg,51.0209580838323,45.568,68.5808383233533,53.76,chair
007959.jpg,47.4580838323353,48.896,75.4520958083832,70.4,chair
007959.jpg,39.8233532934132,57.088,85.122754491018,90.88,chair
007959.jpg,33.2065868263473,68.608,91.2305389221557,128,chair
009634.jpg,68.608,48.256,91.904,111.232,pottedplant
009634.jpg,101.376,67.456,116.224,104.064,pottedplant
000120.jpg,16.896,43.855,112.64,83.38,dog
003763.jpg,0.256,16.256,104.192,112,cat
004117.jpg,23.7333333333333,32.8045977011494,113.866666666667,104.712643678161,horse
004117.jpg,46.4,31.7471264367816,73.8666666666667,73.2528735632184,person
008562.jpg,19.2,28.544,98.048,92.288,bus
008562.jpg,3.072,63.104,14.848,70.528,car
008562.jpg,12.8,63.104,20.224,68.736,car
008562.jpg,123.392,57.472,125.184,64.128,motorbike
008562.jpg,50.176,49.28,61.44,66.688,person
008562.jpg,32.768,51.072,44.544,61.568,person
008562.jpg,110.336,56.448,113.408,63.872,person
008562.jpg,118.016,57.216,124.416,65.152,motorbike
003392.jpg,34.56,16.768,127.232,112,cat
006272.jpg,37,55.552,56.0140845070423,88.832,person
006272.jpg,37.2535211267606,68.864,52.7183098591549,97.792,motorbike
009437.jpg,19.712,61.312,127.744,112,diningtable
009437.jpg,91.904,30.08,124.672,66.944,person
009437.jpg,15.36,53.888,40.96,103.04,person
009437.jpg,0.512,52.352,55.808,111.744,chair
003773.jpg,3.328,52.3858858858859,124.16,80.2087087087087,aeroplane
008888.jpg,46.848,39.552,64,56.704,tvmonitor
008888.jpg,60.16,52.352,105.472,111.488,chair
008888.jpg,0.256,62.336,16.128,104.32,chair
000123.jpg,0.256,22.656,91.648,103.04,train
009668.jpg,0.256,20.864,82.176,112,dog
009668.jpg,81.152,39.296,121.6,112,person
002848.jpg,51.456,55.75,71.168,72.5,motorbike
003165.jpg,21.0835913312693,18.7492957746479,104.043343653251,108.529577464789,car
004935.jpg,44.0120481927711,15.872,85.2530120481928,75.52,person
004935.jpg,48.3132530120482,35.84,95.8795180722892,110.848,horse
001896.jpg,71.68,31.104,108.032,110.976,bird
009192.jpg,19.456,23.424,106.24,102.016,tvmonitor
002045.jpg,6.144,26.5052770448549,121.6,101.238786279683,car
002045.jpg,92.672,35.9749340369393,128,58.7532981530343,car
002045.jpg,0.256,44.164907651715,15.36,58.4973614775726,car
002361.jpg,21.376,50.944,53.888,124.416,pottedplant
002361.jpg,91.264,75.776,112,128,person
000005.jpg,67.328,70.016,82.944,102.784,chair
000005.jpg,42.24,83.584,64.768,111.232,chair
000005.jpg,1.28,78.464,17.152,111.744,chair
000005.jpg,61.696,65.664,75.52,92.544,chair
000005.jpg,70.912,63.616,79.872,72.32,chair
007631.jpg,73.216,16.256,92.928,45.184,person
007631.jpg,95.488,16.256,111.36,44.928,person
007631.jpg,83.712,35.968,87.296,45.696,bottle
007631.jpg,40.192,35.2,43.776,46.208,bottle
007631.jpg,30.72,35.456,34.816,46.72,bottle
007631.jpg,10.24,16.256,25.6,45.696,person
007631.jpg,0.256,25.728,7.68,46.208,person
007631.jpg,111.616,45.952,128,74.88,chair
007631.jpg,88.064,45.952,108.8,74.624,chair
007631.jpg,16.64,46.72,36.352,73.344,chair
007631.jpg,0.256,46.976,16.384,73.344,chair
007631.jpg,24.576,32.384,83.712,103.04,person
007631.jpg,65.792,41.856,116.992,112,person
007631.jpg,113.408,81.28,128,112,person
007631.jpg,53.504,80.768,81.152,112,person
007631.jpg,23.552,84.864,45.824,112,person
007631.jpg,0.256,83.072,23.808,112,person
007631.jpg,0.256,77.952,3.84,86.4,person
007631.jpg,29.44,28.8,60.672,45.952,person
003688.jpg,0.512,22.0105105105105,68.352,106.5,person
003688.jpg,59.648,41.6651651651652,126.976,106.5,person
003792.jpg,4.096,48.4792899408284,38.4,87.1538461538462,dog
003792.jpg,45.568,48.4792899408284,104.96,94.2781065088757,dog
003792.jpg,89.856,43.1360946745562,121.344,88.9349112426035,dog
002727.jpg,52.48,77.9114114114114,80.128,106.5,bicycle
002727.jpg,34.816,43.1966966966967,61.952,106.5,person
002727.jpg,53.504,57.7462462462462,79.104,104.713213213213,person
007297.jpg,12.032,42.5120274914089,112.64,75.8247422680412,aeroplane
005246.jpg,21.504,26.7790697674419,126.208,113.5,bird
008973.jpg,69.376,32.475975975976,113.664,92.7162162162162,cow
008009.jpg,0.512,16.512,83.968,111.744,dog
009434.jpg,4.096,42.4309309309309,123.392,98.3318318318318,car
009434.jpg,90.624,25.3288288288288,110.848,48.3018018018018,person
009434.jpg,53.504,23.2867867867868,72.704,42.4309309309309,person
009434.jpg,40.96,21.7552552552553,53.248,32.9864864864865,person
009434.jpg,101.12,21.7552552552553,120.832,37.0705705705706,person
003671.jpg,34.56,23.0315315315315,91.648,103.947447447447,dog
008121.jpg,19.712,20.608,62.208,81.28,tvmonitor
002670.jpg,21.632,36.608,111.744,109.824,dog
002670.jpg,16.512,0.512,112,128,sofa
006069.jpg,1.28,0.256,50.176,120.32,pottedplant
006069.jpg,38.4,60.416,113.408,128,cat
005159.jpg,77.568,74.112,115.968,87.68,car
005159.jpg,77.824,71.808,80.384,79.488,person
005159.jpg,4.864,70.272,16.64,77.696,car
004936.jpg,0.512,16.256,128,107.392,bicycle
001747.jpg,23.552,17.024,98.048,112,cat
007498.jpg,0.256,16.7659574468085,79.104,112,diningtable
007498.jpg,31.744,16.5106382978723,128,112,person
006835.jpg,25.344,16.256,128,111.232,bus
006835.jpg,52.48,17.536,128,112,person
009002.jpg,8.96,37.3308550185874,113.92,82.0743494423792,train
001797.jpg,0.256,16.256,127.744,111.232,sofa
001797.jpg,1.28,17.024,67.84,112,person
001797.jpg,45.056,24.96,88.576,81.28,person
004539.jpg,1.024,84.608,41.984,111.744,car
004539.jpg,10.752,78.208,32,88.192,car
004539.jpg,88.32,80.768,128,111.488,car
004539.jpg,107.776,76.416,128,83.328,car
004539.jpg,68.608,77.44,78.848,84.864,car
004539.jpg,72.192,73.088,80.896,83.072,car
004539.jpg,66.048,74.88,69.12,77.952,car
004224.jpg,12.032,38.528,119.296,92.544,aeroplane
004224.jpg,42.752,74.624,58.624,108.16,person
004224.jpg,1.024,65.152,4.864,75.392,person
008180.jpg,22.2657657657658,85.504,106.5,128,bicycle
008180.jpg,31.1996996996997,1.536,106.5,128,person
008180.jpg,26.3498498498498,13.056,46.0045045045045,40.192,person
008180.jpg,44.7282282282282,11.52,66.4249249249249,39.424,person
008180.jpg,46.7702702702703,29.184,65.1486486486486,47.872,person
009268.jpg,48.512,31.488,110.464,96.512,dog
004848.jpg,41.472,16.8061224489796,71.424,77.7755102040816,bird
002636.jpg,79.616,73.088,128,101.248,sofa
002636.jpg,0.256,75.904,36.608,112,sofa
002636.jpg,39.168,61.056,45.824,77.952,person
002636.jpg,33.28,63.872,44.544,82.816,chair
002636.jpg,59.648,64.128,69.632,83.584,chair
002636.jpg,64.256,63.104,74.496,80,chair
002636.jpg,44.544,65.92,55.04,85.632,chair
002636.jpg,43.776,64.384,61.696,84.096,diningtable
000598.jpg,74.496,78.8372093023256,107.264,108,tvmonitor
000598.jpg,44.288,71.4186046511628,66.304,100.581395348837,chair
000598.jpg,22.272,57.3488372093023,39.424,69.3720930232558,tvmonitor
006108.jpg,15.616,24.6090651558074,61.952,104.665722379603,bird
006731.jpg,102.656,46.72,119.296,101.248,bottle
006731.jpg,44.8,27.776,90.112,87.424,person
006731.jpg,14.08,35.968,49.152,85.888,person
006731.jpg,0.256,82.304,128,112,diningtable
006499.jpg,0.256,44.2177177177177,81.92,99.0975975975976,train
005657.jpg,0.256,25.5528700906344,125.44,106,person
008840.jpg,35.584,22.0105105105105,108.8,87.3558558558559,dog
008840.jpg,0.512,54.4279279279279,52.992,106.5,dog
005680.jpg,30.976,32.64,95.232,97.408,train
005680.jpg,121.856,78.464,128,92.544,person
005831.jpg,9.216,53.632,119.04,104.064,car
004886.jpg,3.072,22.912,55.808,112,person
004886.jpg,55.552,32.128,128,112,person
004886.jpg,93.696,21.632,128,112,person
004886.jpg,41.984,92.8,46.336,108.16,bottle
002310.jpg,39.424,29.1576576576577,123.904,106.5,bird
000911.jpg,0.256,60.2037037037037,28.16,103.734567901235,car
000911.jpg,19.968,34.8950617283951,98.048,95.8888888888889,bus
000911.jpg,99.072,75.641975308642,111.616,93.6111111111111,bicycle
000911.jpg,105.216,58.9382716049383,116.736,93.1049382716049,person
005168.jpg,9.216,51.1096096096096,113.92,79.9534534534535,train
000198.jpg,40.96,55.5,73.216,82.1417910447761,train
001420.jpg,49.152,49.5783132530121,87.04,90.3132530120482,horse
001420.jpg,71.936,42.2409638554217,93.184,89.8072289156626,person
001420.jpg,111.616,59.4457831325301,128,99.421686746988,pottedplant
001882.jpg,1.28,47.7912912912913,53.76,78.4219219219219,sofa
001882.jpg,74.496,63.1066066066066,101.888,91.1846846846847,chair
002101.jpg,57.7462462462462,92.16,106.5,124.672,dog
000663.jpg,13.0710900473934,0.512,116.720379146919,119.552,bus
000663.jpg,11.7914691943128,9.984,26.1232227488152,24.064,car
000663.jpg,102.644549763033,6.144,118,13.568,car
000663.jpg,106.227488151659,9.216,118,20.736,car
000663.jpg,105.45971563981,17.408,118,27.648,car
000663.jpg,106.227488151659,25.088,118,53.76,car
008680.jpg,57.088,58.496,80.896,71.808,bus
008680.jpg,85.76,51.84,128,107.904,car
008680.jpg,1.024,65.92,45.568,95.36,car
008680.jpg,44.544,68.992,73.216,84.096,car
008680.jpg,70.4,67.712,90.624,79.488,car
008037.jpg,37.632,34.2627627627628,118.016,81.2297297297297,car
001480.jpg,42.496,29.2765957446808,128,112,sofa
001480.jpg,32,16.7659574468085,71.424,63.2340425531915,person
001480.jpg,35.328,23.9148936170213,84.224,80.0851063829787,person
001480.jpg,44.288,32.0851063829787,110.592,103.063829787234,person
001480.jpg,37.376,100.765957446809,65.28,112,person
005714.jpg,31.232,73.088,96.512,91.52,boat
005714.jpg,50.944,69.248,56.32,81.024,person
005714.jpg,61.696,65.92,69.888,74.112,person
008269.jpg,5.376,29.1119402985075,128,106.5,cat
001902.jpg,65.536,53.632,128,86.144,bus
001902.jpg,87.296,68.992,128,112,car
001902.jpg,50.176,73.344,59.648,80.256,car
001902.jpg,45.056,73.344,50.176,77.696,car
001902.jpg,35.584,73.088,38.4,84.096,person
001902.jpg,30.72,73.088,34.56,83.84,person
001902.jpg,26.624,73.856,30.464,84.096,person
001902.jpg,20.736,72.064,25.6,83.328,person
004295.jpg,9.216,18.816,115.968,105.856,car
008368.jpg,0.256,47.0481927710843,127.744,106,sofa
008368.jpg,44.544,36.421686746988,110.848,106,person
004496.jpg,6.144,89.3978978978979,34.816,106.5,chair
004496.jpg,72.96,78.9324324324324,87.04,106.5,chair
004496.jpg,73.472,27.8813813813814,121.088,106.244744744745,person
004496.jpg,34.304,24.0525525525525,82.176,105.734234234234,person
004496.jpg,8.704,29.9234234234234,39.168,90.4189189189189,person
009059.jpg,24.832,37.76,80.384,63.872,bus
002523.jpg,8.96,22.4,124.16,104.576,bicycle
005687.jpg,21.248,89.3978978978979,79.616,106.5,diningtable
005687.jpg,20.992,21.7552552552553,26.624,31.9654654654655,pottedplant
005687.jpg,61.184,80.7192192192192,71.936,90.4189189189189,pottedplant
005687.jpg,14.848,77.6561561561562,68.096,106.5,pottedplant
005687.jpg,110.848,96.8003003003003,120.576,106.5,pottedplant
005687.jpg,72.704,82.506006006006,93.952,106.5,chair
005687.jpg,44.288,83.527027027027,60.928,106.5,chair
007204.jpg,78,16.4,128,56.4,cat
007204.jpg,12.8,16.4,109.6,111.2,cat
002947.jpg,17.536,74.496,112,128,sofa
002947.jpg,26.752,74.24,48.768,94.464,chair
001597.jpg,58.112,50.56,84.48,90.496,bird
006314.jpg,42.368,29.184,106.624,95.488,tvmonitor
005549.jpg,34.816,67.712,50.176,77.184,car
005549.jpg,94.72,67.968,101.12,74.112,car
007460.jpg,52.3858858858859,91.136,101.65015015015,100.864,boat
009913.jpg,10.24,36.992,114.432,82.816,car
003556.jpg,51.3823529411765,1.28,96.5,115.968,person
003556.jpg,36.8529411764706,96.768,43.7352941176471,120.32,bottle
007503.jpg,3.84,25.472,128,109.696,aeroplane
004100.jpg,81.408,62.8513513513514,119.552,94.503003003003,tvmonitor
000110.jpg,20.224,75.648,28.16,96.384,person
000110.jpg,13.824,75.136,22.016,104.064,person
000110.jpg,7.936,75.648,12.8,93.568,person
008284.jpg,66.048,47.744,89.088,76.928,dog
008284.jpg,0.256,16.256,67.328,112,person
008284.jpg,0.512,47.232,58.112,111.488,chair
007601.jpg,4.864,33.408,123.392,92.544,car
007601.jpg,0.512,39.296,12.8,62.336,car
001830.jpg,26.1782841823056,12.032,83.9932975871314,125.696,person
002180.jpg,25.088,38.784,121.856,112,train
002180.jpg,2.048,68.736,25.6,84.096,car
002180.jpg,0.256,68.48,12.032,86.656,car
002180.jpg,126.72,61.312,128,65.664,person
003066.jpg,35.584,52.9976525821596,65.28,78.5845070422535,bird
006841.jpg,0.256,63.2405063291139,20.224,92.6075949367089,cow
006841.jpg,26.112,62.4810126582278,46.336,85.7721518987342,cow
006841.jpg,18.944,58.4303797468354,50.176,92.6075949367089,cow
006841.jpg,50.176,61.2151898734177,96.256,101.721518987342,cow
006841.jpg,79.872,61.7215189873418,123.648,91.8481012658228,cow
006841.jpg,98.816,50.8354430379747,111.616,95.8987341772152,person
006841.jpg,125.184,53.873417721519,128,78.6835443037975,person
005695.jpg,34.176,33.024,100.736,127.744,person
005695.jpg,59.776,50.176,100.48,124.416,person
007558.jpg,80.384,35.751497005988,90.624,48.9850299401198,person
007558.jpg,89.856,32.4431137724551,102.656,47.9670658682635,person
007558.jpg,36.608,29.3892215568862,43.776,62.7275449101796,chair
007558.jpg,40.192,26.8443113772455,72.448,67.3083832335329,chair
007558.jpg,56.32,25.062874251497,65.792,33.2065868263473,bottle
007558.jpg,57.088,22.0089820359281,72.192,36.0059880239521,pottedplant
006583.jpg,21.504,44.7654320987654,86.784,105,person
006583.jpg,66.048,38.1851851851852,95.744,77.1604938271605,tvmonitor
006583.jpg,93.952,39.1975308641975,108.8,65.5185185185185,tvmonitor
006105.jpg,31.6603498542274,1.28,58.8002915451895,113.408,cat
008280.jpg,0.512,44.3358208955224,128,92.7985074626866,aeroplane
007437.jpg,25.088,48.3018018018018,75.52,85.0585585585586,bus
002690.jpg,36.992,75.776,99.712,128,dog
007758.jpg,13.824,27.2906976744186,50.176,69.5,cat
004437.jpg,97.28,23.424,128,92.544,train
004437.jpg,30.976,27.52,106.752,102.272,train
004437.jpg,33.792,69.248,39.936,80.512,person
004437.jpg,16.896,64.384,25.856,91.264,person
004437.jpg,26.624,70.784,28.928,75.392,person
004437.jpg,98.048,24.704,128,93.056,train
004437.jpg,0.256,66.432,11.52,77.184,train
001057.jpg,1.536,31.1417910447761,90.368,106.5,car
001057.jpg,27.392,45.3507462686567,39.424,58.544776119403,person
001057.jpg,44.544,44.589552238806,65.792,57.2761194029851,person
002618.jpg,4.352,20.1041666666667,123.648,102.536458333333,sheep
005652.jpg,49.152,36.8153153153153,63.488,77.6561561561562,person
005652.jpg,42.496,64.1276276276276,67.584,87.6111111111111,person
005652.jpg,47.36,51.3648648648649,66.56,100.373873873874,bicycle
005652.jpg,77.312,34.7732732732733,93.184,60.0435435435435,motorbike
005652.jpg,26.88,33.2417417417417,30.976,43.7072072072072,person
005652.jpg,23.552,35.539039039039,26.624,44.2177177177177,person
005652.jpg,15.616,34.2627627627628,18.688,45.2387387387387,person
008468.jpg,20.4,64.8,68.8,94.8,sofa
008468.jpg,86.8,78,125.6,106.8,chair
008468.jpg,97.2,67.2,117.2,83.6,chair
008468.jpg,89.6,59.6,96.8,71.6,chair
008468.jpg,83.6,58,91.2,69.2,chair
008468.jpg,60,50.4,73.2,75.6,pottedplant
008388.jpg,0.284444444444444,16.2840236686391,128,111.715976331361,car
001941.jpg,30.208,27.776,128,95.36,motorbike
001941.jpg,74.496,16.512,120.832,85.632,person
008416.jpg,70.144,31.454954954955,116.224,106.5,dog
008416.jpg,29.184,52.1306306306306,69.888,92.2057057057057,dog
008757.jpg,12.544,36.992,107.776,90.24,bicycle
004481.jpg,10.752,54.1642335766423,119.04,107.558394160584,car
004481.jpg,38.4,32.1934306569343,64,73.5802919708029,person
004481.jpg,68.608,40.8795620437956,91.648,72.558394160584,person
001470.jpg,26.368,23.68,79.616,75.904,tvmonitor
000051.jpg,90.112,51.328,128,112,motorbike
000051.jpg,26.88,16.256,109.312,78.72,motorbike
000051.jpg,106.24,31.616,119.04,65.92,person
004325.jpg,14.7538461538462,5.632,62.4769230769231,88.576,boat
000601.jpg,76.8,19.7557471264368,128,62.4655172413793,pottedplant
000601.jpg,43.008,28.1954022988506,107.52,68.0919540229885,pottedplant
000601.jpg,0.256,34.0775862068966,115.2,108.5,pottedplant
004856.jpg,24.1521739130435,0.256,102.570652173913,126.976,cat
001676.jpg,7.68,43.6610169491525,123.648,89.6779661016949,car
003164.jpg,6.656,27.008,128,95.616,train
008999.jpg,13.568,35.968,22.016,59.52,boat
008999.jpg,40.96,32.64,48.896,59.776,boat
008999.jpg,56.832,48,60.928,57.472,boat
008999.jpg,63.488,27.008,72.704,60.8,boat
008999.jpg,79.104,41.6,84.224,58.496,boat
008999.jpg,106.24,36.992,113.664,58.752,boat
008999.jpg,82.688,47.232,85.76,57.728,boat
007813.jpg,13.056,63.104,59.136,91.008,dog
007813.jpg,69.12,36.992,128,86.144,person
007813.jpg,0.512,82.048,128,112,diningtable
000122.jpg,10.5494736842105,5.33333333333333,115.063157894737,126.4,cat
007389.jpg,4.352,36.8219584569733,43.776,90.4124629080119,cow
007389.jpg,31.232,40.1394658753709,63.488,91.6884272997033,cow
007389.jpg,58.624,37.8427299703264,85.248,96.2818991097923,cow
007389.jpg,81.152,55.4510385756677,100.352,97.5578635014837,cow
007389.jpg,98.048,53.6646884272997,112.128,96.7922848664689,cow
007389.jpg,100.864,48.0504451038576,128,97.5578635014837,cow
009051.jpg,0.256,61.568,7.168,72.832,tvmonitor
009051.jpg,13.824,66.688,79.872,94.592,sofa
009051.jpg,36.096,75.904,62.208,101.504,chair
009051.jpg,69.632,73.856,88.064,91.52,chair
009051.jpg,71.936,81.28,103.936,110.208,chair
009051.jpg,24.064,82.56,55.04,112,chair
003183.jpg,56.32,61.056,62.208,64.896,aeroplane
003274.jpg,37.888,35.712,76.288,77.184,dog
001324.jpg,14.592,32.7312312312312,39.936,106.5,dog
001324.jpg,52.736,30.4339339339339,103.168,101.905405405405,dog
005032.jpg,27.3358208955224,16.896,89.2462686567164,103.424,train
000266.jpg,41.088,4.864,111.744,128,dog
000266.jpg,16.256,0.256,112,128,sofa
006735.jpg,17.6801801801802,6.144,109.810810810811,125.44,dog
006735.jpg,28.6238738738739,0.512,73.1621621621622,110.08,person
006735.jpg,95.0495495495496,0.256,118.463963963964,31.744,person
005738.jpg,14.848,39.552,96.768,85.12,car
005738.jpg,0.256,42.368,27.392,75.136,car
005738.jpg,58.112,37.76,63.232,42.112,person
001248.jpg,0.256,31.104,17.408,90.752,person
001248.jpg,60.416,23.424,70.912,84.864,person
001248.jpg,69.888,27.008,75.008,35.968,person
001248.jpg,65.536,24.192,85.504,80.768,person
001248.jpg,71.936,31.616,88.576,94.08,person
001248.jpg,84.736,27.52,95.232,93.824,person
001248.jpg,90.368,21.376,109.824,101.248,person
001248.jpg,101.632,21.12,127.232,104.32,person
001248.jpg,34.56,74.88,45.568,87.168,person
001248.jpg,19.2,76.928,30.976,87.936,person
009880.jpg,80,38.4,103.04,64.512,person
009880.jpg,90.752,35.328,112,74.24,person
009880.jpg,28.544,30.208,53.888,82.944,person
009880.jpg,24.192,31.232,109.184,128,person
009880.jpg,75.904,36.608,82.048,53.248,person
007537.jpg,70.912,31.7102102102102,99.328,77.6561561561562,dog
007537.jpg,13.824,40.3888888888889,55.808,82.2507507507508,dog
000805.jpg,23.424,16.64,107.136,105.216,dog
000805.jpg,94.848,21.76,112,54.784,person
004361.jpg,115.968,60.032,128,93.056,motorbike
004361.jpg,76.288,46.464,115.968,87.168,motorbike
004361.jpg,47.616,43.904,84.992,89.984,motorbike
004361.jpg,9.728,46.72,43.264,87.424,motorbike
004361.jpg,17.664,25.728,26.112,48.768,person
001960.jpg,49.5744680851064,35.328,89.4042553191489,84.992,horse
004912.jpg,7.424,32.64,104.96,89.728,bicycle
004912.jpg,5.12,69.504,43.52,112,chair
004912.jpg,76.8,61.824,112.896,112,chair
006664.jpg,0.256,50.048,83.712,102.528,bicycle
006664.jpg,5.888,30.848,65.28,92.288,person
008618.jpg,72.192,51.4380664652568,100.608,83.1601208459215,sheep
008618.jpg,50.688,50.6767371601209,85.504,86.4592145015106,sheep
008618.jpg,36.608,53.7220543806647,74.752,88.2356495468278,sheep
008618.jpg,24.064,57.2749244712991,76.032,105.238670694864,sheep
008618.jpg,10.752,59.558912386707,59.648,106,sheep
008618.jpg,0.256,22.2537764350453,41.984,105.746223564955,person
008618.jpg,72.704,26.3141993957704,95.488,59.8126888217523,person
008618.jpg,100.096,27.3293051359517,116.48,76.5619335347432,person
008618.jpg,122.112,23.2688821752266,128,100.924471299094,person
008618.jpg,37.888,23.7764350453172,54.784,62.8580060422961,person
008618.jpg,22.784,26.0604229607251,38.144,62.0966767371601,person
008618.jpg,95.232,82.9063444108761,128,106,sheep
005270.jpg,12.544,44.928,128,108.16,cat
004303.jpg,0.256,29.2580071174377,78.08,99.5,bus
004303.jpg,104.96,61.0943060498221,123.392,67.4110320284697,car
004303.jpg,75.52,61.346975088968,104.96,71.2010676156584,car
004303.jpg,99.584,60.5889679715303,111.36,65.1370106761566,car
004303.jpg,89.856,59.8309608540925,97.28,63.3683274021352,car
002941.jpg,105.472,30.336,112.384,56.448,bottle
002941.jpg,113.408,34.176,126.208,63.616,bottle
002941.jpg,98.048,33.408,111.616,63.104,bottle
002941.jpg,86.784,31.104,98.816,59.52,bottle
006043.jpg,1.28,26.496,14.592,33.664,car
006043.jpg,0.512,16.512,126.976,110.976,car
006043.jpg,119.04,23.424,126.976,49.536,person
006043.jpg,64.512,21.632,77.312,44.928,person
006043.jpg,76.032,21.888,83.968,32.128,person
006043.jpg,29.696,22.144,38.4,32.128,person
006896.jpg,47.872,44.416,57.344,77.696,person
006896.jpg,14.848,51.072,22.784,85.376,person
006896.jpg,7.424,54.144,18.432,83.072,person
006896.jpg,0.256,50.56,30.976,112,person
006896.jpg,30.208,46.464,42.752,82.816,person
006352.jpg,39.168,46.208,104.448,61.312,bus
006352.jpg,11.008,36.992,44.544,111.744,person
006482.jpg,7.68,23.936,103.936,112,person
008849.jpg,36.096,51.584,87.04,112,dog
008849.jpg,0.512,35.968,128,112,sofa
003419.jpg,58.624,31.872,71.68,38.784,pottedplant
003419.jpg,40.192,38.528,52.224,45.184,pottedplant
003419.jpg,53.76,45.696,65.536,54.4,pottedplant
003419.jpg,32,42.368,47.104,58.752,pottedplant
003419.jpg,41.728,49.28,54.784,66.432,pottedplant
003419.jpg,51.968,52.608,75.008,83.072,pottedplant
003419.jpg,70.912,38.528,94.464,76.16,pottedplant
003419.jpg,90.88,54.656,118.528,96.896,pottedplant
003419.jpg,4.864,59.52,26.112,93.312,pottedplant
003419.jpg,0.256,73.6,6.656,104.32,pottedplant
003419.jpg,0.256,45.952,17.408,62.08,pottedplant
003419.jpg,0.256,55.424,16.384,69.504,pottedplant
003419.jpg,16.64,41.6,22.272,54.4,pottedplant
003419.jpg,12.032,45.952,18.432,56.192,pottedplant
003419.jpg,8.448,40.064,14.336,50.304,pottedplant
003419.jpg,6.656,23.424,15.872,39.04,pottedplant
003419.jpg,0.512,23.168,7.68,38.016,pottedplant
003419.jpg,117.504,61.568,128,93.312,pottedplant
003419.jpg,116.224,35.968,126.72,53.12,pottedplant
003419.jpg,115.2,52.352,128,66.944,pottedplant
001247.jpg,60.672,49.2395209580838,117.504,64,boat
002001.jpg,71.68,34.176,79.872,39.04,aeroplane
002001.jpg,43.52,44.16,52.736,48.768,aeroplane
002001.jpg,46.848,64.64,55.296,68.224,aeroplane
002001.jpg,48.384,68.736,57.088,72.576,aeroplane
002001.jpg,63.744,64.64,72.448,68.224,aeroplane
002967.jpg,63.7440476190476,0.256,86.2678571428571,65.28,pottedplant
002967.jpg,22.7916666666667,39.168,60.1607142857143,68.096,pottedplant
002967.jpg,57.3452380952381,85.248,81.6607142857143,111.616,pottedplant
009755.jpg,34.304,54.0748502994012,128,105.991017964072,sofa
009755.jpg,55.04,54.8383233532934,81.408,85.377245508982,person
001231.jpg,57.088,48.512,78.592,70.528,chair
001231.jpg,13.824,52.352,46.336,83.328,chair
001231.jpg,75.52,61.312,128,112,sofa
004977.jpg,0.256,16.256,118.784,87.68,dog
004977.jpg,0.256,38.784,128,112,person
008633.jpg,32,33.5202429149798,74.752,52.9048582995951,bicycle
008633.jpg,32.768,33.0101214574899,69.12,47.5485829959514,bicycle
008633.jpg,75.776,35.5607287449393,128,91.9291497975709,car
008633.jpg,0.512,33.7753036437247,50.176,94.7348178137652,car
006472.jpg,12.288,13.255,128,92.56,tvmonitor
003499.jpg,27.392,22.656,126.976,98.944,train
006959.jpg,112.64,44.2177177177177,128,87.6111111111111,person
006959.jpg,64.512,37.3258258258258,118.784,106.5,person
006959.jpg,0.256,21.7552552552553,83.2,106.5,person
007477.jpg,75.1020881670534,7.68,116.447795823666,39.424,boat
002669.jpg,74.752,51.072,95.232,60.544,cow
002669.jpg,29.696,64.896,62.72,89.472,cow
002669.jpg,113.152,77.696,122.368,91.264,person
002669.jpg,41.728,63.104,69.888,84.864,cow
004551.jpg,0.256,16.256,126.208,112,dog
006346.jpg,93.184,57.3957219251337,128,88.1310160427807,bus
006346.jpg,4.864,58.4117647058824,83.712,86.3529411764706,bus
006346.jpg,0.256,83.5588235294118,55.296,111.5,car
006346.jpg,107.264,72.6363636363636,125.44,111.5,person
006346.jpg,65.28,72.6363636363636,87.296,111.5,person
006346.jpg,84.224,69.5882352941177,89.856,88.8930481283422,person
006346.jpg,77.824,69.8422459893048,85.248,88.8930481283422,person
006346.jpg,32.768,74.9224598930481,46.336,98.0374331550802,person
006346.jpg,28.16,72.6363636363636,36.608,85.8449197860963,person
006346.jpg,16.64,72.8903743315508,27.136,85.3368983957219,person
006346.jpg,0.256,74.9224598930481,53.504,92.1951871657754,car
003565.jpg,71.68,71.808,128,97.152,bird
009246.jpg,29.8286334056399,9.216,95.6117136659436,52.736,bird
003093.jpg,40.96,75.648,46.08,96.64,pottedplant
003093.jpg,35.584,71.808,42.752,97.92,pottedplant
003093.jpg,94.72,73.088,101.632,96.896,pottedplant
002491.jpg,82.048,73.728,112,128,person
002491.jpg,26.24,66.816,88.704,128,person
007172.jpg,36.608,82.1726190476191,82.944,107,bicycle
007172.jpg,83.712,57.3452380952381,110.08,90.875,bicycle
007172.jpg,118.528,68.0952380952381,128,89.0833333333333,bicycle
007172.jpg,69.632,65.5357142857143,76.544,81.9166666666667,bicycle
007172.jpg,35.584,43.7797619047619,45.824,60.6726190476191,person
007172.jpg,30.976,29.1904761904762,87.296,107,person
007172.jpg,88.064,35.5892857142857,110.848,85.5,person
007172.jpg,118.272,48.1309523809524,128,78.3333333333333,person
001738.jpg,32,33.408,82.688,92.8,dog
004457.jpg,104.704,35.968,128,112,person
004457.jpg,1.28,28.544,40.704,112,person
004457.jpg,39.424,46.208,78.848,112,person
009587.jpg,0.768,16.256,128,102.272,dog
001209.jpg,50.176,40.576,69.888,76.928,dog
006821.jpg,45.056,52.4716981132075,72.192,79.3288409703504,bus
006821.jpg,95.488,66.1536388140162,128,93.2641509433962,car
006821.jpg,81.664,65.900269541779,93.952,73.7547169811321,car
006821.jpg,93.184,67.4204851752022,98.304,72.2345013477089,car
006821.jpg,78.08,68.433962264151,81.92,71.2210242587601,car
006821.jpg,3.84,61.8463611859838,13.824,90.4770889487871,person
002545.jpg,35.2,11.008,68.736,126.976,person
002545.jpg,62.336,15.872,70.016,33.792,bottle
002545.jpg,16.768,6.912,79.488,100.864,sofa
002545.jpg,77.952,19.712,112,71.68,sofa
002520.jpg,53.504,69.0602409638554,65.792,93.6024096385542,horse
002520.jpg,38.912,68.5542168674699,44.8,73.8674698795181,horse
002520.jpg,7.68,69.0602409638554,14.848,76.144578313253,horse
002520.jpg,84.736,64.2530120481928,97.792,94.1084337349398,person
002520.jpg,112.64,67.7951807228916,119.808,94.1084337349398,person
007953.jpg,101.13963963964,42.752,104.968468468468,54.784,person
007953.jpg,87.3558558558559,49.152,93.9924924924925,55.552,person
007953.jpg,77.6561561561562,49.408,82.7612612612613,56.32,person
007953.jpg,70.7642642642643,45.056,75.8693693693694,56.32,person
007953.jpg,48.3018018018018,43.776,53.6621621621622,56.576,person
007953.jpg,53.4069069069069,45.568,58.0015015015015,57.088,person
007953.jpg,43.451951951952,44.544,48.0465465465466,57.856,person
007953.jpg,38.8573573573574,43.008,44.2177177177177,57.856,person
007953.jpg,31.9654654654655,44.8,36.0495495495496,58.368,person
007953.jpg,28.6471471471471,44.544,32.475975975976,60.416,person
007953.jpg,22.2657657657658,49.152,25.3288288288288,61.696,person
007953.jpg,24.5630630630631,49.92,28.3918918918919,58.112,person
007953.jpg,88.8873873873874,55.04,102.926426426426,76.288,person
007953.jpg,61.0645645645646,64,69.9984984984985,74.24,person
007953.jpg,71.53003003003,93.44,93.481981981982,100.352,person
007953.jpg,45.7492492492492,53.76,56.2147147147147,69.12,person
007953.jpg,52.3858858858859,53.76,60.0435435435435,63.744,person
007953.jpg,34.518018018018,60.672,44.9834834834835,74.752,person
007953.jpg,39.3678678678679,66.304,50.8543543543544,86.784,person
007953.jpg,58.2567567567568,90.88,74.5930930930931,101.12,bicycle
007953.jpg,69.487987987988,75.776,84.0375375375375,79.104,bicycle
007953.jpg,40.8993993993994,76.544,48.8123123123123,93.696,bicycle
007953.jpg,53.4069069069069,62.72,58.2567567567568,76.288,bicycle
007953.jpg,45.7492492492492,63.232,54.1726726726727,77.568,bicycle
007953.jpg,86.8453453453454,70.144,103.436936936937,79.104,bicycle
004647.jpg,21.248,52.3858858858859,76.288,106.244744744745,motorbike
004647.jpg,70.4,36.0495495495496,94.976,101.13963963964,person
004647.jpg,29.44,35.0285285285285,54.528,75.8693693693694,person
001191.jpg,0.256,16.768,76.288,112,sheep
008535.jpg,30.464,18.816,128,80,motorbike
008535.jpg,11.008,35.456,96.256,111.744,dog
006033.jpg,17.024,3.072,74.112,128,person
006033.jpg,61.568,11.264,111.232,126.464,person
009527.jpg,18.944,19.328,73.216,81.28,boat
009527.jpg,63.744,54.144,82.176,70.272,boat
009527.jpg,22.528,67.456,128,112,boat
009801.jpg,43.008,69.504,71.424,79.744,car
009801.jpg,0.256,72.32,8.448,78.464,car
009801.jpg,37.376,69.76,47.872,75.904,car
009801.jpg,94.208,71.808,103.424,75.648,car
003053.jpg,72.192,66.9354354354354,115.2,81.7402402402403,train
003053.jpg,13.568,69.2327327327327,32.256,83.527027027027,train
003053.jpg,117.248,75.1036036036036,125.696,81.9954954954955,car
004722.jpg,18.176,35.456,42.752,89.216,horse
004722.jpg,65.792,42.624,93.952,107.904,person
004722.jpg,84.48,44.16,111.616,111.488,person
008319.jpg,38.656,22.4,46.336,47.744,bottle
008319.jpg,47.36,16.512,57.6,48.768,bottle
008319.jpg,58.112,16.512,68.096,48.512,bottle
008319.jpg,68.608,16.256,79.104,48.768,bottle
008319.jpg,79.872,16.512,90.112,48.256,bottle
008319.jpg,90.368,16.256,100.864,48.512,bottle
008319.jpg,101.376,16.512,111.616,48.768,bottle
008319.jpg,112.128,16.256,120.832,48.256,bottle
008319.jpg,121.088,16.256,128,48,bottle
008319.jpg,1.024,62.08,18.432,111.232,bottle
008319.jpg,15.872,62.336,33.024,110.208,bottle
008319.jpg,23.808,56.96,33.792,84.096,bottle
008319.jpg,31.488,59.52,47.104,108.416,bottle
008319.jpg,39.936,56.96,49.152,73.088,bottle
008319.jpg,46.848,60.544,61.696,109.952,bottle
008319.jpg,55.552,56.704,60.928,65.92,bottle
008319.jpg,60.416,59.264,67.072,77.696,bottle
008319.jpg,71.168,55.168,76.288,67.456,bottle
008319.jpg,71.936,58.752,80.896,76.672,bottle
008319.jpg,87.04,58.752,95.744,77.696,bottle
008319.jpg,86.272,54.144,97.024,73.6,bottle
008319.jpg,101.632,53.888,110.848,76.928,bottle
008319.jpg,116.736,53.632,128,73.6,bottle
008319.jpg,60.416,61.568,75.52,109.44,bottle
008319.jpg,75.52,61.312,89.6,109.44,bottle
008319.jpg,90.112,62.08,105.472,109.184,bottle
008319.jpg,105.216,57.728,120.576,109.44,bottle
008319.jpg,119.808,62.336,128,109.44,bottle
001512.jpg,40.96,54.6831831831832,111.36,80.7192192192192,bird
006625.jpg,72.704,54.656,81.664,61.312,car
006625.jpg,30.72,52.096,45.824,70.528,car
006625.jpg,4.352,53.376,28.416,78.208,car
006625.jpg,26.112,55.168,38.912,84.096,person
006625.jpg,17.664,56.192,25.6,82.816,person
006625.jpg,4.864,55.936,14.848,88.448,person
003685.jpg,0.256,29.056,127.744,112,train
003685.jpg,47.104,46.72,60.16,65.152,person
000320.jpg,94.08,2.048,102.272,6.912,car
000320.jpg,85.632,2.56,93.824,6.656,car
000320.jpg,74.368,0.256,85.888,7.424,car
000320.jpg,16.256,19.968,111.232,128,person
007336.jpg,27.776,48.384,54.144,120.832,person
007336.jpg,73.856,51.968,99.2,122.368,person
009658.jpg,29.4129129129129,21.76,85.3138138138138,77.312,cat
009148.jpg,31.219512195122,35.0869565217391,71.4579945799458,104.615942028986,horse
009148.jpg,50.2981029810298,20.9746376811594,60.7046070460705,31.3007246376812,horse
008936.jpg,23.552,70.784,53.76,103.296,chair
008936.jpg,1.024,91.264,19.2,112,chair
008936.jpg,7.424,66.944,30.976,94.336,chair
008936.jpg,52.736,60.544,65.792,76.928,chair
008936.jpg,63.232,66.432,81.92,87.168,chair
008936.jpg,70.656,59.008,79.104,64.896,chair
008936.jpg,77.056,61.568,89.856,72.064,chair
008936.jpg,81.152,57.472,90.112,62.336,chair
008936.jpg,88.064,56.704,93.184,61.824,chair
008936.jpg,92.672,59.264,97.28,62.336,chair
008936.jpg,95.232,60.544,107.264,73.088,chair
008936.jpg,114.944,57.472,124.416,66.176,chair
008936.jpg,108.032,57.984,112.896,65.152,chair
003872.jpg,52.48,59.52,79.104,78.72,dog
006476.jpg,34.048,67.5760869565218,37.376,77.7934782608696,person
006476.jpg,65.536,42.0326086956522,114.432,110.744565217391,person
006476.jpg,55.552,68.0869565217391,122.624,110.744565217391,motorbike
008322.jpg,25.6,23.424,63.488,91.264,dog
008322.jpg,60.16,27.776,128,95.36,dog
000170.jpg,22.272,41.6,27.904,58.24,bottle
000170.jpg,10.496,45.184,18.688,62.336,bottle
000170.jpg,82.944,53.888,90.112,68.736,bottle
000170.jpg,109.056,56.192,113.408,65.92,bottle
000170.jpg,0.768,39.296,11.008,68.736,person
000170.jpg,1.024,23.168,118.016,111.232,person
002940.jpg,86.272,47.232,127.488,110.72,cow
002940.jpg,94.976,44.928,100.608,53.376,cow
002940.jpg,100.352,43.648,106.496,48.768,cow
002940.jpg,63.232,44.16,71.424,51.584,cow
002940.jpg,8.96,44.16,16.64,52.608,cow
002940.jpg,0.256,49.792,10.496,68.48,cow
002940.jpg,0.256,17.024,59.904,112,person
004743.jpg,0.256,16.512,128,112,cat
007191.jpg,23.808,94.848,111.616,111.744,diningtable
007191.jpg,17.408,59.52,20.736,66.944,bottle
007191.jpg,66.56,81.792,74.24,106.368,bottle
007191.jpg,76.544,98.432,80.896,112,bottle
007191.jpg,70.144,96.64,74.752,112,bottle
007191.jpg,11.52,64.896,39.168,87.424,diningtable
007191.jpg,22.784,65.152,38.4,89.216,chair
007191.jpg,3.072,66.432,21.76,89.984,chair
007191.jpg,98.816,86.912,126.464,112,chair
007191.jpg,33.792,84.096,59.392,100.48,chair
007191.jpg,34.048,61.568,40.96,82.56,chair
007191.jpg,1.024,72.32,8.96,105.344,chair
007439.jpg,25.344,30.1786786786787,125.184,87.6111111111111,horse
003117.jpg,38.912,34.7732732732733,112.384,100.629129129129,car
009270.jpg,1.28,22.2611940298507,103.424,105.992537313433,bird
003253.jpg,2.048,41.2325581395349,63.744,112.604651162791,dog
003253.jpg,80.128,13.8604651162791,128,86.7674418604651,dog
003253.jpg,0.256,9.25581395348837,128,117.976744186047,person
007216.jpg,74.88,75.52,85.12,104.448,horse
007216.jpg,71.552,66.56,87.68,88.832,person
004010.jpg,0.256,44.8014354066986,128,103.165071770335,sofa
004010.jpg,30.208,12.5478468899522,115.2,117.5,person
004609.jpg,60.544,45.824,112,105.472,dog
004609.jpg,16.512,25.6,97.92,128,person
001384.jpg,23.04,51.84,85.504,98.944,car
001384.jpg,84.48,20.608,115.2,43.392,car
001384.jpg,66.304,38.784,85.248,52.352,car
001384.jpg,102.144,16.768,118.784,25.472,car
001384.jpg,20.48,78.72,28.16,86.4,car
007656.jpg,75.904,88.32,82.304,100.608,bicycle
007656.jpg,71.552,81.664,81.024,100.864,person
009160.jpg,45.312,57.7462462462462,100.608,102.415915915916,motorbike
009160.jpg,74.24,33.496996996997,95.488,61.3198198198198,person
008876.jpg,57.344,47.536036036036,76.544,86.0795795795796,person
008876.jpg,12.544,69.487987987988,124.416,106.5,horse
002051.jpg,21.7552552552553,0.512,106.5,128,person
002051.jpg,22.0105105105105,3.84,71.2747747747748,128,bird
002311.jpg,0.256,30.592,127.744,106.88,car
002311.jpg,103.68,71.296,128,112,car
002311.jpg,86.528,18.048,95.488,49.536,person
002311.jpg,103.424,17.792,113.92,49.792,person
002311.jpg,95.488,41.344,106.24,55.68,person
002311.jpg,107.264,43.648,121.344,58.752,person
002311.jpg,96.512,21.632,105.216,42.88,person
002311.jpg,113.664,23.424,124.928,48.256,person
002311.jpg,73.216,20.608,81.92,32.64,person
002311.jpg,51.968,23.168,58.624,30.336,person
002311.jpg,45.824,21.888,52.992,30.592,person
002311.jpg,36.608,22.912,44.544,30.336,person
002311.jpg,30.208,19.84,34.816,30.848,person
002311.jpg,17.152,22.912,25.6,33.152,person
002311.jpg,7.424,24.448,15.616,39.296,person
002311.jpg,21.76,23.936,29.696,31.616,person
002311.jpg,80.896,20.864,87.296,34.176,person
002311.jpg,93.952,20.864,100.608,42.624,person
000748.jpg,12.032,52.3424657534247,112.64,89.3424657534247,bus
001936.jpg,21.504,68.7222222222222,34.304,74.5930930930931,aeroplane
001936.jpg,51.712,60.5540540540541,65.28,66.9354354354354,aeroplane
001936.jpg,63.744,69.7432432432432,76.288,75.3588588588589,aeroplane
002919.jpg,6.912,17.024,92.928,108.416,bird
009490.jpg,16.256,22.272,69.76,123.648,person
002751.jpg,26.624,60.544,81.408,94.08,bicycle
002751.jpg,38.4,45.184,75.776,83.072,person
002751.jpg,116.224,28.8,128,54.144,person
002751.jpg,95.744,37.76,105.216,52.352,chair
002751.jpg,30.976,36.992,54.272,52.608,bicycle
002880.jpg,19.0021978021978,8.96,104.918681318681,120.576,dog
005320.jpg,95.744,52.864,122.88,64.128,boat
002645.jpg,0.256,69.0602409638554,12.032,85.2530120481928,tvmonitor
002645.jpg,49.664,66.2771084337349,61.184,83.7349397590361,chair
002645.jpg,59.904,66.5301204819277,71.936,87.2771084337349,chair
002645.jpg,63.744,64.5060240963855,98.048,106,chair
003774.jpg,0.256,38.528,109.568,73.6,dog
000977.jpg,38.144,90.6741741741742,45.824,96.8003003003003,car
000977.jpg,9.216,88.3768768768769,24.064,100.373873873874,car
000977.jpg,45.568,84.0375375375375,67.328,102.926426426426,car
000977.jpg,66.048,89.3978978978979,75.008,97.0555555555556,car
000977.jpg,82.176,86.0795795795796,101.632,106.5,car
000977.jpg,83.712,87.6111111111111,116.224,106.244744744745,car
006699.jpg,17.024,68.864,112,128,diningtable
006699.jpg,25.728,0.768,112,70.144,person
001661.jpg,27.392,66.944,84.48,111.744,sheep
007654.jpg,66.304,39.3342857142857,102.4,82.3085714285714,aeroplane
007244.jpg,25.6,24.704,104.96,112,person
007244.jpg,5.632,85.376,124.928,112,bicycle
003907.jpg,27.392,58.752,86.528,98.176,sofa
003907.jpg,68.864,69.504,126.976,112,sofa
003907.jpg,0.768,49.024,10.496,86.656,chair
002565.jpg,0.256,20.864,117.76,105.088,train
002565.jpg,66.048,60.8,85.504,102.016,person
008612.jpg,44.8,57.4133333333333,56.32,85.28,person
008612.jpg,24.832,63.24,75.52,85.28,horse
008930.jpg,16.512,15.104,112,128,cat
008573.jpg,18.688,59.1363636363636,83.712,116.732057416268,sofa
008573.jpg,45.056,56.0645933014354,77.568,90.877990430622,person
003580.jpg,13.7537688442211,1.536,102.826633165829,128,person
006174.jpg,12.544,35.456,99.328,111.744,dog
006174.jpg,0.256,41.344,34.56,112,dog
005314.jpg,1.536,18.816,127.744,107.648,motorbike
003351.jpg,40.96,37.248,118.016,104.832,cat
005741.jpg,64.768,52.3614457831325,121.6,91.3253012048193,horse
005741.jpg,1.024,50.3373493975904,25.344,94.8674698795181,person
000146.jpg,55.8716577540107,53.248,80.5106951871658,104.448,person
003979.jpg,30.464,47.0255255255255,58.112,64.8933933933934,bird
003979.jpg,44.544,59.7882882882883,70.912,83.527027027027,bird
003979.jpg,76.8,64.6381381381381,113.152,106.5,bird
005805.jpg,44.032,40.064,70.144,97.664,bird
005805.jpg,80.896,75.904,104.704,97.408,bird
009085.jpg,3.328,53.4069069069069,124.416,82.2507507507508,aeroplane
009085.jpg,107.776,96.0345345345345,126.208,104.457957957958,aeroplane
009085.jpg,80.896,99.6081081081081,98.048,105.223723723724,aeroplane
009085.jpg,27.392,98.3318318318318,41.216,104.457957957958,aeroplane
009085.jpg,1.28,96.5450450450451,28.928,104.457957957958,aeroplane
009085.jpg,0.768,100.373873873874,15.616,104.968468468468,aeroplane
006836.jpg,31.3507462686567,20.2666666666667,106.244136460554,113.333333333333,horse
006836.jpg,42.2782515991471,16.2666666666667,87.5874200426439,70.1333333333333,person
001565.jpg,25.088,49.0722891566265,118.016,83.4819277108434,train
001565.jpg,0.256,51.0963855421687,22.272,77.1566265060241,train
009500.jpg,96,80.7647058823529,121.6,108.705882352941,person
009500.jpg,15.872,76.4465240641711,44.032,111.5,person
009500.jpg,58.368,71.1122994652406,98.56,111.5,person
009500.jpg,46.848,78.4786096256684,72.96,111.5,person
000800.jpg,60.16,58.24,83.968,69.248,car
000800.jpg,113.408,60.544,128,68.736,car
000800.jpg,19.968,59.52,28.928,65.152,car
000800.jpg,9.728,59.52,18.176,64.128,car
004386.jpg,4.864,41.6651651651652,98.304,105.98948948949,car
004386.jpg,50.176,21.7552552552553,61.44,32.7312312312312,train
004386.jpg,66.304,22.2657657657658,78.848,30.6891891891892,train
004386.jpg,78.08,23.542042042042,93.44,30.6891891891892,train
009382.jpg,21.7552552552553,60.416,106.5,128,motorbike
009382.jpg,30.1786786786787,19.2,99.3528528528529,124.16,person
009382.jpg,24.3078078078078,0.256,59.533033033033,94.72,person
002958.jpg,16.64,22.0105105105105,128,106.5,person
001330.jpg,45.056,60.032,53.76,70.528,car
001330.jpg,76.032,57.984,85.504,63.104,car
001330.jpg,42.752,57.984,87.552,95.36,car
001330.jpg,35.84,56.704,44.032,89.472,person
006949.jpg,0.256,23.2867867867868,113.408,104.713213213213,cat
008492.jpg,39.168,40.462962962963,126.976,84.5,train
003708.jpg,45.44,30.464,80.512,78.592,person
003708.jpg,77.184,39.168,109.44,119.808,chair
003708.jpg,17.024,39.936,41.856,47.872,diningtable
004367.jpg,27.904,29.056,128,112,car
006433.jpg,0.256,16.256,128,112,aeroplane
006433.jpg,54.272,32.64,63.744,46.464,person
008624.jpg,27.136,65.152,36.352,93.824,chair
008624.jpg,34.56,67.968,55.04,105.856,chair
008624.jpg,66.304,65.408,85.504,95.36,chair
008624.jpg,60.416,71.296,85.504,112,chair
008624.jpg,99.584,71.296,119.808,77.952,chair
008624.jpg,106.24,81.28,128,112,chair
005421.jpg,16.64,20.608,93.696,112,person
000433.jpg,56.32,37.5783783783784,120.064,109.475675675676,chair
000433.jpg,50.176,31.227027027027,116.224,107.697297297297,person
001971.jpg,35.584,34.176,127.744,84.096,cat
001971.jpg,0.256,22.912,28.416,72.32,chair
003021.jpg,6.656,27.008,122.368,94.08,bus
001976.jpg,43.776,37.7728459530026,96.256,51.5900783289817,boat
001976.jpg,10.752,34.1906005221932,65.024,74.1070496083551,boat
000143.jpg,43.52,33.2417417417417,128,106.5,cat
008484.jpg,0.256,16.256,104.192,96.64,car
002714.jpg,43.008,39.296,62.976,107.392,person
005522.jpg,109.824,40.576,114.432,49.28,person
005522.jpg,116.224,39.808,120.32,49.536,person
005522.jpg,51.712,42.112,57.856,53.12,person
005522.jpg,57.6,41.856,62.464,51.328,person
005522.jpg,69.632,39.296,78.336,62.848,person
005522.jpg,32,37.504,38.4,67.968,person
005522.jpg,29.696,39.552,37.376,71.296,person
005522.jpg,22.016,43.648,28.416,56.96,person
005522.jpg,15.104,42.624,20.992,56.96,person
005522.jpg,0.256,45.44,24.064,95.872,person
005522.jpg,0.256,58.24,4.864,112,person
004576.jpg,7.68,37.8363363363363,112.896,84.0375375375375,car
004576.jpg,98.56,38.8573573573574,127.232,56.46996996997,car
001841.jpg,16.512,56.32,87.168,128,person
001200.jpg,4.096,23.0294985250737,121.6,102.433628318584,train
008968.jpg,22.016,28.8,113.408,100.992,car
002366.jpg,59.136,19.328,125.44,96.896,motorbike
002366.jpg,0.512,62.08,55.04,96.64,motorbike
001724.jpg,22.6272727272727,6.0952380952381,96.8963636363636,122.71746031746,horse
004607.jpg,23.808,43.392,99.584,75.392,sofa
004607.jpg,89.088,45.952,127.232,93.568,chair
004607.jpg,0.256,48.768,33.792,91.52,chair
004607.jpg,90.368,22.144,96.256,44.672,person
006578.jpg,21.7552552552553,13.056,106.244744744745,128,sofa
006578.jpg,45.2387387387387,13.312,96.0345345345345,85.504,person
006578.jpg,22.521021021021,43.008,91.6951951951952,109.568,person
007687.jpg,71.68,26.3583815028902,128,107.745664739884,dog
007687.jpg,0.256,26.8670520231214,115.712,108,person
006449.jpg,0.512,19.84,128,109.952,bicycle
002300.jpg,70.656,16.256,121.6,55.936,cow
002300.jpg,106.496,19.328,128,100.224,cow
002300.jpg,28.416,51.328,101.12,97.664,cow
002300.jpg,0.256,16.256,30.72,73.856,cow
002702.jpg,44.2177177177177,48.384,106.5,128,chair
002702.jpg,21.7552552552553,70.144,47.0255255255255,128,chair
002702.jpg,41.1546546546547,50.944,92.460960960961,109.824,chair
000685.jpg,4.096,16.512,127.488,111.744,motorbike
006212.jpg,1.792,54.9584450402145,121.6,102.840482573727,aeroplane
000229.jpg,24.32,69.504,107.776,112,diningtable
000229.jpg,102.144,72.064,124.416,110.976,person
000229.jpg,87.296,57.216,110.592,92.288,person
000229.jpg,98.304,50.56,111.872,67.968,person
000229.jpg,61.184,49.536,86.272,70.016,person
000229.jpg,37.888,52.864,54.016,81.28,person
000229.jpg,20.736,56.96,50.432,99.712,person
000229.jpg,0.512,64.128,27.392,112,person
000229.jpg,90.624,93.056,97.792,110.72,bottle
000229.jpg,9.984,47.744,13.824,57.216,bottle
000229.jpg,118.016,64.384,128,88.192,chair
009032.jpg,79.104,69.504,87.296,81.792,pottedplant
009032.jpg,6.912,33.664,52.992,83.072,tvmonitor
009032.jpg,52.48,35.2,89.6,81.536,tvmonitor
006497.jpg,5.632,37.504,125.184,83.584,car
006497.jpg,24.832,32.384,55.296,46.976,car
006497.jpg,118.016,41.088,125.696,55.168,person
006497.jpg,109.056,42.368,115.712,50.56,person
006497.jpg,99.84,40.832,105.728,48.768,person
006497.jpg,95.232,42.368,101.12,48.512,person
006497.jpg,91.648,42.368,95.232,47.488,person
006497.jpg,42.496,42.624,47.36,46.464,person
008749.jpg,0.768,16.768,128,112,pottedplant
008200.jpg,50.176,49.024,101.632,96.64,bird
009006.jpg,41.216,64.2544910179641,48.896,69.0898203592815,car
009006.jpg,49.92,64,59.136,69.3443113772455,car
009006.jpg,67.328,64.5089820359281,76.288,69.3443113772455,car
009006.jpg,72.96,66.2904191616767,87.808,75.1976047904192,car
001904.jpg,94.976,48.6492537313433,120.32,93.5597014925373,person
001904.jpg,51.456,50.4253731343284,108.032,106.5,person
001904.jpg,33.28,51.1865671641791,53.76,83.9179104477612,person
001904.jpg,10.24,53.4701492537313,33.792,81.3805970149254,person
001904.jpg,0.256,35.455223880597,14.08,93.8134328358209,person
001904.jpg,50.944,39.0074626865672,100.096,106.5,person
005566.jpg,20.48,25.984,108.032,91.008,car
005566.jpg,53.504,18.048,64.768,25.216,car
005566.jpg,112.896,16.256,128,25.472,car
005566.jpg,79.104,17.28,84.224,21.376,car
001455.jpg,32,61.2058823529412,88.32,111.5,bicycle
001455.jpg,37.632,47.9973262032086,76.8,104.133689839572,person
001455.jpg,13.056,48.2513368983957,23.552,64,person
001455.jpg,25.6,47.4893048128342,39.168,62.7299465240642,person
001455.jpg,106.24,39.1069518716578,128,48.5053475935829,car
008822.jpg,0.256,24.5630630630631,100.608,106.5,dog
005327.jpg,0.512,56.704,128,111.744,sofa
005327.jpg,8.448,67.712,81.664,83.072,person
005327.jpg,73.728,69.76,102.656,81.792,dog
002055.jpg,3.84,79.488,38.656,110.208,dog
002055.jpg,16.384,53.376,58.624,112,person
002055.jpg,0.512,72.32,70.4,111.744,sofa
005264.jpg,53.1833667334669,23.808,116.810621242485,128,bird
005264.jpg,5.33567134268537,12.032,75.0711422845691,128,bird
003011.jpg,0.256,93.568,60.928,112,diningtable
003011.jpg,0.256,84.864,17.152,96.896,chair
003011.jpg,23.552,90.496,63.744,112,chair
003011.jpg,50.688,65.152,98.56,82.048,sofa
003011.jpg,70.144,71.808,122.368,111.744,sofa
003011.jpg,100.352,65.664,107.264,71.552,chair
003011.jpg,8.96,52.096,36.352,78.208,tvmonitor
003011.jpg,54.016,54.4,64,64.64,tvmonitor
006041.jpg,0.256,18.304,12.032,45.184,tvmonitor
006041.jpg,19.456,29.824,52.992,112,person
006041.jpg,56.832,21.632,128,97.152,person
006041.jpg,45.824,40.576,128,112,sofa
006252.jpg,34.816,38.016,124.416,93.568,dog
005186.jpg,35.584,60.288,53.76,91.008,chair
005186.jpg,104.448,62.336,119.552,84.864,chair
005186.jpg,87.296,82.048,128,112,sofa
005186.jpg,8.192,58.24,33.024,93.056,pottedplant
005186.jpg,0.256,81.024,10.496,102.784,pottedplant
007570.jpg,72.448,36.9277108433735,99.584,95.1204819277108,person
007570.jpg,19.2,49.0722891566265,48.64,95.6265060240964,horse
004346.jpg,0.768,80,100.352,99.456,car
004346.jpg,91.648,81.28,115.968,94.336,car
004346.jpg,112.128,82.304,128,98.432,car
004346.jpg,15.616,80,19.2,86.656,person
004346.jpg,4.352,78.72,9.216,88.192,person
004346.jpg,0.256,79.488,3.072,91.264,person
004346.jpg,20.48,79.232,24.064,85.376,person
004346.jpg,10.752,79.488,14.592,85.888,person
004346.jpg,99.84,82.304,103.424,86.912,person
007314.jpg,56.576,44.672,84.48,99.968,motorbike
007314.jpg,83.968,49.024,94.976,74.112,motorbike
007314.jpg,90.88,54.912,116.992,84.352,motorbike
007314.jpg,116.992,46.976,127.488,73.6,person
007314.jpg,11.008,48.768,45.568,107.648,person
007314.jpg,37.12,37.504,51.968,86.4,person
007314.jpg,87.296,29.824,114.432,108.416,person
007314.jpg,50.688,36.48,63.232,85.12,person
007314.jpg,55.552,39.296,81.92,91.264,person
007530.jpg,25.9047619047619,16.64,57.3968253968254,51.968,tvmonitor
007530.jpg,62.4761904761905,15.616,98.7936507936508,42.752,cat
007530.jpg,16.2539682539683,80.128,50.5396825396825,128,chair
001102.jpg,8.448,21.7544910179641,72.448,59.4191616766467,aeroplane
001102.jpg,2.56,45.6766467065868,128,106.5,aeroplane
001102.jpg,89.088,35.2425149700599,128,54.5838323353293,aeroplane
007130.jpg,27.136,40.576,49.152,64.128,tvmonitor
007130.jpg,56.576,36.48,75.52,56.192,tvmonitor
007130.jpg,90.88,43.904,121.6,59.776,pottedplant
004571.jpg,57.344,53.4643962848297,99.072,84.6904024767802,cow
004571.jpg,14.336,33.6625386996904,43.008,82.9133126934985,cow
004571.jpg,53.504,35.9473684210526,61.184,62.8575851393189,person
004571.jpg,60.672,37.2167182662539,67.328,61.0804953560372,person
008397.jpg,10.752,105.344,15.104,110.208,car
008397.jpg,12.288,106.624,38.912,112,car
008397.jpg,50.944,106.624,75.264,112,car
008397.jpg,77.312,105.856,86.784,112,car
008397.jpg,83.712,105.856,108.8,112,car
008397.jpg,4.864,98.432,9.216,107.648,person
008397.jpg,10.752,98.944,13.824,107.648,person
008397.jpg,14.848,90.24,75.264,112,bus
008397.jpg,104.448,95.104,125.184,112,bus
008397.jpg,1.536,93.568,17.408,100.224,bus
001316.jpg,38.4,31.616,128,111.744,dog
005613.jpg,16.128,16.256,76.288,90.752,person
005613.jpg,41.216,74.112,101.12,112,dog
007474.jpg,70.912,34.176,110.848,98.432,dog
007474.jpg,11.008,27.52,83.712,111.232,dog
008713.jpg,0.256,40.8993993993994,122.368,106.5,sofa
000296.jpg,109.312,51.4683908045977,128,65.7902298850575,car
000296.jpg,11.264,50.1896551724138,117.504,76.2758620689655,boat
001775.jpg,55.808,47.2807807807808,83.2,95.7792792792793,train
001775.jpg,24.832,79.9534534534535,28.928,96.5450450450451,person
007633.jpg,0.256,51.8723404255319,60.416,90.6808510638298,bus
007633.jpg,57.6,54.1702127659574,88.064,87.1063829787234,bus
007633.jpg,87.04,55.1914893617021,128,82.7659574468085,bus
005310.jpg,22.784,65.4039039039039,50.688,96.5450450450451,person
005310.jpg,34.816,30.4339339339339,54.016,49.0675675675676,person
008211.jpg,74.88,68.864,87.168,78.592,person
007104.jpg,35.712,7.424,97.664,120.832,bottle
001892.jpg,1.024,16.768,128,111.488,bus
002058.jpg,28.416,38.6021021021021,128,82.506006006006,cat
000048.jpg,30.848,27.392,90.496,119.04,bird
000048.jpg,16.512,0.256,93.312,128,person
008376.jpg,11.264,21.632,118.016,107.904,car
008376.jpg,95.744,31.616,106.496,40.064,person
008376.jpg,108.032,30.336,117.504,49.28,person
008376.jpg,114.688,31.616,122.624,61.312,person
008376.jpg,77.312,35.2,115.2,62.08,car
001432.jpg,0.512,16.512,127.744,112,car
009348.jpg,37.12,39.04,92.928,69.504,aeroplane
000359.jpg,75.9675925925926,68.096,107.796296296296,122.624,dog
000359.jpg,15.3657407407407,3.328,82.3333333333333,123.136,person
000359.jpg,18.9305555555556,21.504,115.944444444444,109.056,chair
004542.jpg,86.272,21.1063829787234,118.016,108.425531914894,person
004542.jpg,51.2,46.1276595744681,79.872,101.531914893617,person
004542.jpg,1.28,71.9148936170213,33.024,111.744680851064,person
004542.jpg,17.92,61.1914893617021,32.768,97.4468085106383,person
004542.jpg,34.304,50.9787234042553,128,97.9574468085106,sofa
004694.jpg,44.4444444444444,18.176,83.5555555555556,65.28,person
004694.jpg,56.1269841269841,47.36,83.3015873015873,119.296,motorbike
000107.jpg,120.576,60.544,128,74.112,sheep
000107.jpg,75.776,54.144,85.504,61.568,cow
000107.jpg,61.952,53.376,66.304,59.264,sheep
005788.jpg,0.512,16.256,128,104.832,sofa
005788.jpg,37.888,24.192,91.648,83.072,person
009343.jpg,42.752,23.7904191616766,107.264,104.718562874252,person
009343.jpg,57.088,63.4910179640719,128,106.5,sofa
009343.jpg,4.608,61.4550898203593,61.952,98.1017964071856,chair
006883.jpg,23.808,49.536,64.512,80,cat
008867.jpg,28.16,67.0361445783133,109.568,90.566265060241,horse
008867.jpg,47.872,46.289156626506,81.92,88.289156626506,person
008529.jpg,16.256,89.344,83.84,128,diningtable
008529.jpg,43.904,50.176,86.912,112.384,diningtable
008529.jpg,17.024,48.384,54.4,93.952,person
008529.jpg,31.872,43.52,52.352,75.008,person
008529.jpg,45.184,40.192,64.896,70.912,person
008529.jpg,61.312,38.4,79.488,59.904,person
008529.jpg,79.232,40.192,100.48,64.256,person
008529.jpg,97.92,46.592,112,60.416,person
008529.jpg,84.096,49.664,112,108.8,person
008529.jpg,77.952,79.872,112,128,person
008529.jpg,18.048,27.648,27.52,44.032,person
001362.jpg,39.8783783783784,8.192,73.0615615615616,46.08,person
001362.jpg,22.0105105105105,10.24,106.244744744745,128,sofa
004293.jpg,30.72,71.8743315508021,77.312,107.689839572193,dog
009410.jpg,2.56,16.768,116.992,112,person
009410.jpg,10.24,48,89.856,112,person
003370.jpg,41.472,45.5301204819277,73.984,91.8313253012048,train
004974.jpg,91.904,87.6170212765958,124.672,106,bird
004974.jpg,91.648,51.3617021276596,128,95.531914893617,bird
004974.jpg,57.6,62.3404255319149,92.672,105.744680851064,bird
004974.jpg,23.552,58,65.536,90.4255319148936,bird
004974.jpg,14.08,76.8936170212766,41.984,101.148936170213,bird
004974.jpg,7.936,89.4042553191489,58.368,106,bird
001636.jpg,15.104,47.488,30.976,71.296,bicycle
006337.jpg,14.08,49.8333333333333,107.008,102.671171171171,dog
001711.jpg,109.824,56.96,128,107.904,horse
001711.jpg,79.872,16.256,110.08,55.168,person
001711.jpg,0.768,16.256,10.496,69.504,person
001711.jpg,8.96,16.256,18.432,38.784,person
001711.jpg,107.008,59.52,114.432,71.808,person
001711.jpg,105.216,60.544,109.568,65.664,person
001711.jpg,99.584,62.336,108.544,74.368,person
001711.jpg,55.296,45.952,64,58.24,person
009865.jpg,80.384,56.874251497006,105.472,84.1047904191617,cow
009865.jpg,38.4,57.6377245508982,60.928,105.482035928144,cow
009865.jpg,0.256,57.3832335329341,35.584,106.245508982036,cow
009865.jpg,56.32,57.3832335329341,80.896,93.2664670658683,cow
001510.jpg,38.144,30.08,56.32,77.696,person
001510.jpg,93.696,39.296,101.632,45.952,person
001510.jpg,91.392,42.368,104.192,58.752,motorbike
001510.jpg,24.832,53.888,79.872,79.232,motorbike
001104.jpg,0.256,22.5179640718563,100.864,106.5,dog
004913.jpg,70.144,40.832,82.688,101.76,person
004913.jpg,55.552,48.256,85.76,103.04,person
004913.jpg,34.048,61.568,58.112,107.648,person
004913.jpg,99.84,36.992,126.208,90.496,person
004913.jpg,71.936,25.728,86.272,48.768,person
004913.jpg,17.92,28.8,35.328,51.328,person
004913.jpg,0.256,42.88,23.552,105.856,person
004913.jpg,17.664,44.16,40.192,107.392,person
004913.jpg,44.8,47.744,60.416,93.824,person
004913.jpg,32,29.312,52.48,63.872,person
004913.jpg,51.456,33.152,72.192,60.032,person
004913.jpg,79.36,35.2,95.744,69.504,person
004913.jpg,92.672,31.36,109.056,71.808,person
004913.jpg,78.336,68.736,100.864,106.112,person
004913.jpg,99.328,64.64,124.672,107.136,person
003522.jpg,63.744,16.512,128,99.968,cat
005601.jpg,0.512,56.3821989528796,109.312,112.5,dog
005601.jpg,55.296,30.9895287958115,92.16,85.8376963350785,dog
000948.jpg,105.728,25.472,128,58.496,tvmonitor
000948.jpg,5.632,18.304,72.704,112,chair
000948.jpg,50.688,38.784,80.64,106.368,person
005496.jpg,41.984,47.21387283237,116.224,96.0462427745665,boat
005496.jpg,106.24,71.3757225433526,111.872,79.2601156069364,person
008470.jpg,38.656,60.8,128,112,diningtable
008470.jpg,101.632,45.184,128,87.936,person
008470.jpg,72.704,35.712,107.776,74.368,person
008470.jpg,16.128,51.328,60.16,112,person
008470.jpg,0.256,34.688,26.624,103.296,person
008470.jpg,0.256,90.496,15.616,112,chair
004012.jpg,51.072,30.208,71.808,60.416,person
004012.jpg,66.432,97.024,73.088,103.424,person
004012.jpg,16.256,28.928,112,128,chair
008067.jpg,33.792,57.728,89.344,100.48,tvmonitor
007373.jpg,0.256,61.568,126.208,112,diningtable
007373.jpg,115.968,37.504,128,52.608,diningtable
007373.jpg,18.944,43.136,75.52,61.312,diningtable
007373.jpg,69.12,99.456,115.2,112,chair
007373.jpg,117.76,56.96,128,82.304,chair
007373.jpg,83.712,53.12,104.96,63.36,chair
007373.jpg,49.664,53.12,69.12,63.36,chair
007373.jpg,10.24,55.936,30.72,68.992,chair
007373.jpg,1.792,47.488,10.752,69.504,chair
007373.jpg,1.536,43.648,7.424,46.976,chair
007373.jpg,13.056,41.344,22.016,55.936,chair
007373.jpg,18.432,48.768,36.096,60.8,chair
007373.jpg,48.384,49.28,65.024,61.568,chair
007373.jpg,75.776,45.184,86.528,61.056,chair
007373.jpg,86.272,42.624,90.88,53.888,chair
007373.jpg,77.312,40.576,86.272,45.952,chair
007373.jpg,60.928,39.552,69.12,44.672,chair
007373.jpg,32.768,40.064,43.776,43.648,chair
007373.jpg,99.584,38.784,110.848,63.104,chair
007373.jpg,110.592,40.576,122.624,67.2,chair
007373.jpg,101.888,36.992,106.752,44.416,chair
007373.jpg,110.336,36.736,120.576,40.576,chair
002549.jpg,61.952,34.944,103.424,72.32,tvmonitor
004450.jpg,21.7552552552553,0.256,90.9294294294294,94.976,horse
004479.jpg,0.512,32.128,21.76,99.456,person
004479.jpg,22.016,93.568,35.584,112,bottle
004479.jpg,12.032,85.376,22.784,112,bottle
004479.jpg,43.776,34.688,95.488,108.416,person
004479.jpg,95.488,47.488,128,112,person
004816.jpg,28.928,30.9444444444444,93.44,96.5450450450451,dog
008452.jpg,40.192,60.8157181571816,95.744,92.1490514905149,sofa
008452.jpg,30.208,58.2682926829268,79.36,95.970189701897,person
007140.jpg,34.7272727272727,33.792,106,108.544,bicycle
007140.jpg,41.0909090909091,41.728,105.236363636364,128,person
006707.jpg,64.512,17.536,106.752,83.84,chair
006707.jpg,0.256,16.512,53.76,91.264,sofa
006707.jpg,30.208,29.568,92.672,106.624,person
000820.jpg,46.08,51.84,94.208,94.592,sheep
000820.jpg,89.088,27.008,105.472,34.176,sheep
005630.jpg,49.0909090909091,12.3611111111111,128,116,cat
002234.jpg,28.16,54.4,106.24,80,boat
002234.jpg,0.256,37.248,34.816,58.496,boat
005122.jpg,26.3498498498498,48.384,100.373873873874,95.488,bicycle
005122.jpg,22.2657657657658,14.592,35.2837837837838,52.224,person
005122.jpg,87.6111111111111,24.832,95.0135135135135,32.512,person
005122.jpg,37.0705705705706,18.688,94.2477477477478,89.344,person
005122.jpg,84.5480480480481,30.208,88.6321321321321,33.792,bottle
005122.jpg,85.3138138138138,33.024,91.1846846846847,38.912,bottle
002547.jpg,49.92,52.352,69.632,88.704,bird
006761.jpg,33.536,65.408,89.088,98.432,cow
001443.jpg,8.448,24.6283422459893,80.384,111.245989304813,cat
001443.jpg,0.256,40.6310160427808,31.744,111.5,chair
001405.jpg,43,15.104,91.0722891566265,111.36,horse
001405.jpg,56.1566265060241,22.784,90.566265060241,115.968,person
007970.jpg,25.856,53.376,83.456,92.544,car
007970.jpg,75.776,57.728,128,79.488,car
007970.jpg,57.344,52.352,67.328,63.104,person
004839.jpg,55.9036144578313,28.416,72.855421686747,72.704,boat
004839.jpg,34.9036144578313,30.976,50.3373493975904,64.768,boat
003717.jpg,29.184,65.2724550898204,91.648,100.646706586826,bicycle
003717.jpg,90.368,43.8952095808383,128,73.1616766467066,bicycle
003717.jpg,24.832,29.6437125748503,62.464,64.7634730538922,bicycle
003717.jpg,76.032,24.5538922155689,125.184,65.5269461077844,bicycle
003717.jpg,21.504,21.7544910179641,39.68,48.2215568862276,bicycle
003717.jpg,60.928,22.0089820359281,73.216,45.1676646706587,person
003717.jpg,27.392,21.7544910179641,50.176,62.9820359281437,person
003717.jpg,43.264,44.6586826347305,81.92,84.3592814371258,person
003717.jpg,6.912,51.7844311377246,30.208,102.682634730539,person
003717.jpg,2.56,90.2125748502994,23.808,104.464071856287,person
003717.jpg,49.152,89.4491017964072,65.024,100.90119760479,person
003717.jpg,7.424,42.1137724550898,29.696,97.0838323353294,person
003717.jpg,90.624,22.0089820359281,120.832,79.0149700598802,person
003717.jpg,90.88,21.7544910179641,104.704,66.0359281437126,person
003717.jpg,0.256,21.7544910179641,22.528,62.7275449101796,person
003996.jpg,82.176,18.816,128,112,person
003996.jpg,30.208,16.512,104.192,112,person
000657.jpg,64.768,61.3198198198198,79.36,66.4249249249249,aeroplane
000657.jpg,51.968,62.3408408408408,64.512,66.9354354354354,aeroplane
000657.jpg,37.888,64.6381381381381,52.736,69.487987987988,aeroplane
000657.jpg,59.904,70.509009009009,74.496,75.6141141141141,aeroplane
000657.jpg,49.152,71.7852852852853,60.928,76.6351351351351,aeroplane
008620.jpg,3.84,21.632,103.424,112,dog
006734.jpg,41.984,48.256,122.624,109.952,car
002011.jpg,6.656,38.528,127.488,105.856,dog
000407.jpg,56,24.8,87.4666666666667,66.9333333333333,person
000407.jpg,17.3333333333333,35.4666666666667,107.466666666667,98.6666666666667,horse
004286.jpg,2.304,44.7282282282282,125.952,79.1876876876877,aeroplane
009532.jpg,83.968,75.3588588588589,108.032,95.0135135135135,car
009532.jpg,109.312,72.0405405405406,116.224,91.4399399399399,person
009532.jpg,116.48,69.487987987988,123.648,91.6951951951952,person
009532.jpg,124.416,70.2537537537538,128,91.4399399399399,person
009532.jpg,30.208,68.2117117117117,38.912,90.4189189189189,person
009532.jpg,45.824,51.3648648648649,53.248,60.8093093093093,person
000461.jpg,2.304,47.0255255255255,82.688,80.463963963964,car
000958.jpg,0.32,44.8,104.64,111.68,dog
008596.jpg,54.4943820224719,34.1333333333333,80.1067415730337,113.6,horse
008596.jpg,48.685393258427,19.2,87.2359550561798,77.3333333333333,person
008341.jpg,0.256,51.8753753753754,68.096,106.5,sofa
008341.jpg,94.976,51.3648648648649,128,106.5,chair
008341.jpg,20.224,43.9624624624625,51.968,106.5,person
008341.jpg,75.52,46.0045045045045,108.8,106.5,person
008341.jpg,72.704,38.0915915915916,92.672,61.5750750750751,pottedplant
002302.jpg,38.4,36.992,125.184,98.688,boat
002302.jpg,16.896,25.216,52.224,111.232,person
008244.jpg,30.208,16.512,128,104.064,train
009747.jpg,69.566265060241,85.76,85.2530120481928,119.04,bicycle
009747.jpg,53.8795180722892,64.256,71.8433734939759,115.968,person
009747.jpg,32.3734939759036,81.664,39.4578313253012,109.824,bicycle
001315.jpg,16.64,69.44,112,106.88,sofa
001315.jpg,29.44,16.32,91.84,106.88,person
001870.jpg,1.28,5.12,128,128,aeroplane
009758.jpg,75.264,59.1927710843374,111.616,72.855421686747,diningtable
009758.jpg,77.312,55.6506024096386,92.928,60.2048192771084,diningtable
009758.jpg,37.376,57.421686746988,62.464,66.2771084337349,diningtable
009758.jpg,31.232,53.6265060240964,44.544,58.9397590361446,diningtable
009758.jpg,3.584,55.6506024096386,28.928,67.289156626506,diningtable
009758.jpg,20.992,69.0602409638554,89.344,105.746987951807,diningtable
009758.jpg,115.712,59.6987951807229,125.184,71.3373493975904,chair
009758.jpg,97.536,65.7710843373494,113.152,85.2530120481928,chair
009758.jpg,84.992,71.0843373493976,98.816,97.9036144578313,chair
009758.jpg,71.424,61.9759036144578,86.528,74.8795180722892,chair
009758.jpg,99.072,56.4096385542169,104.448,61.4698795180723,chair
009758.jpg,68.608,54.1325301204819,75.52,64,chair
009758.jpg,62.976,56.9156626506024,65.536,60.2048192771084,chair
009758.jpg,55.296,60.2048192771084,65.792,68.0481927710843,chair
009758.jpg,46.336,54.3855421686747,51.968,57.421686746988,chair
009758.jpg,29.184,58.9397590361446,37.376,67.7951807228916,chair
009758.jpg,11.008,58.6867469879518,23.552,68.0481927710843,chair
009758.jpg,0.256,64,9.728,74.8795180722892,chair
009758.jpg,1.024,72.6024096385542,26.624,103.722891566265,chair
009758.jpg,38.4,93.855421686747,79.616,106,chair
004746.jpg,68.096,35.2014925373134,125.952,96.8582089552239,train
004746.jpg,7.424,35.455223880597,61.696,95.8432835820896,train
004773.jpg,35.968,63.744,110.208,126.976,diningtable
004773.jpg,77.44,59.136,112,113.408,chair
004773.jpg,18.048,73.728,64.64,128,chair
004773.jpg,18.816,47.104,32.64,57.856,tvmonitor
002136.jpg,19.456,34.176,125.696,94.08,bird
002151.jpg,23.424,0.256,94.08,83.712,cat
007864.jpg,5.632,37.8363363363363,37.888,59.2777777777778,aeroplane
000509.jpg,0.256,16.512,119.808,112,car
007410.jpg,72.448,71.53003003003,78.336,94.2477477477478,bottle
007410.jpg,64,71.2747747747748,69.888,92.7162162162162,bottle
007410.jpg,68.096,64.6381381381381,72.704,80.9744744744745,bottle
007410.jpg,66.048,45.2387387387387,92.16,71.53003003003,person
007410.jpg,83.712,34.0075075075075,127.744,106.5,person
007410.jpg,38.144,44.9834834834835,64,89.6531531531532,person
007410.jpg,1.792,41.1546546546547,43.264,99.8633633633634,person
006488.jpg,36.608,57.0117647058824,107.52,100.974117647059,dog
006488.jpg,62.72,22.96,127.488,101.228235294118,person
003362.jpg,44.544,52.8674698795181,72.192,88.5421686746988,horse
003362.jpg,43.776,33.1325301204819,75.264,79.1807228915663,person
004438.jpg,39.2,69.3333333333333,63.4666666666667,92.8,dog
004438.jpg,32.5333333333333,46.4,86.6666666666667,112,person
004438.jpg,77.3333333333333,27.2,110.4,101.866666666667,person
004438.jpg,2.66666666666667,55.7333333333333,36.8,98.9333333333333,tvmonitor
002555.jpg,10.24,47.744,24.832,81.28,horse
002555.jpg,23.552,70.784,31.232,80.512,horse
002555.jpg,14.848,40.32,51.712,92.544,horse
002555.jpg,44.8,44.928,71.936,91.008,horse
002555.jpg,51.968,40.32,124.672,112,horse
002555.jpg,1.792,52.608,15.616,85.888,person
002555.jpg,95.232,62.08,128,112,person
001977.jpg,46.08,36.7322580645161,123.136,84.1322580645161,person
007263.jpg,70.656,56.96,81.664,68.224,tvmonitor
007263.jpg,11.264,58.752,41.216,90.496,chair
007263.jpg,40.192,67.456,124.416,107.648,sofa
005135.jpg,47.36,62.7349397590361,128,106,sofa
005135.jpg,0.768,58.9397590361446,14.848,98.4096385542169,chair
005699.jpg,39.68,71.552,88.576,95.36,boat
006189.jpg,34.048,44.9834834834835,47.616,95.524024024024,bottle
006189.jpg,28.672,21.7552552552553,109.056,105.734234234234,dog
006189.jpg,0.256,21.7552552552553,20.224,63.1066066066066,pottedplant
006631.jpg,70.4,24.0229357798165,128,105.5,person
006631.jpg,24.064,27.322629969419,86.272,105.5,person
003807.jpg,9.216,33.152,128,112,cat
003807.jpg,11.264,25.984,101.888,104.064,cat
006005.jpg,30.08,20.736,62.336,50.176,person
006005.jpg,61.568,17.92,91.264,49.152,person
006005.jpg,62.592,84.48,81.792,116.48,chair
009133.jpg,0.256,27.1156156156156,91.648,106.5,cow
007776.jpg,42.752,49.8333333333333,67.328,61.3198198198198,train
007776.jpg,96.512,49.5780780780781,110.592,56.46996996997,train
007776.jpg,26.88,59.0225225225225,96,87.6111111111111,train
007776.jpg,90.88,55.9594594594595,128,73.5720720720721,train
007776.jpg,88.064,67.1906906906907,128,96.0345345345345,train
009255.jpg,5.97665369649806,16.975,123.517509727626,112.015,horse
008461.jpg,66.816,55.9594594594595,90.88,65.1486486486486,car
008461.jpg,39.424,62.5960960960961,91.648,78.6771771771772,car
008461.jpg,68.096,65.4039039039039,71.936,67.9564564564565,person
006523.jpg,48.384,63.616,79.872,74.88,aeroplane
005481.jpg,0.256,29.824,119.296,86.912,train
005481.jpg,54.016,26.24,64,32.128,car
005481.jpg,45.312,25.216,56.064,31.104,car
005481.jpg,39.168,23.168,52.736,29.824,car
005220.jpg,53.248,29.824,119.04,91.52,person
005220.jpg,0.256,27.52,54.016,112,person
005220.jpg,116.48,48.512,128,112,person
008048.jpg,17.5542857142857,43.6946564885496,36.5714285714286,81.0419847328244,person
008048.jpg,39.4971428571429,37.8931297709924,53.0285714285714,85.7557251908397,person
008048.jpg,41.3257142857143,33.1793893129771,69.12,88.6564885496183,person
008048.jpg,64,29.9160305343511,88.8685714285714,87.9312977099237,person
008048.jpg,87.7714285714286,25.2022900763359,115.565714285714,87.9312977099237,person
003678.jpg,60.672,39.710843373494,85.504,58.1807228915663,tvmonitor
003678.jpg,60.672,44.2650602409639,125.44,104.481927710843,person
003678.jpg,0.256,22.2530120481928,40.192,87.0240963855422,person
003678.jpg,16.64,81.710843373494,26.368,106,bottle
003678.jpg,0.512,82.4698795180723,128,106,diningtable
001292.jpg,92.928,62.08,105.472,104.064,bottle
001292.jpg,15.616,32.128,78.848,102.528,person
001292.jpg,61.952,27.52,68.096,42.368,person
001292.jpg,47.616,33.664,55.04,38.784,person
001292.jpg,39.424,31.872,57.6,40.832,car
003856.jpg,29.184,55.6162162162162,125.184,111,person
003856.jpg,30.464,22.3351351351351,95.488,108.205405405405,person
003856.jpg,6.4,45.9621621621622,40.192,72.3837837837838,person
003856.jpg,16.128,51.0432432432433,43.008,79.7513513513514,person
005370.jpg,66.56,61.3198198198198,89.856,66.9354354354354,boat
003516.jpg,15.616,60.8093093093093,112.384,95.7792792792793,diningtable
003516.jpg,34.56,52.8963963963964,50.688,60.8093093093093,chair
003516.jpg,51.712,53.4069069069069,68.352,60.2987987987988,chair
003516.jpg,71.68,53.4069069069069,88.576,60.0435435435435,chair
003516.jpg,93.952,55.1936936936937,122.368,94.7582582582583,chair
003516.jpg,0.512,55.1936936936937,28.416,93.9924924924925,chair
003516.jpg,69.12,60.8093093093093,92.928,101.905405405405,chair
003516.jpg,45.312,61.0645645645646,67.072,100.118618618619,chair
003516.jpg,18.176,60.5540540540541,46.336,101.13963963964,chair
000796.jpg,42.24,46.208,107.008,96.896,bird
003521.jpg,36.864,54.656,89.856,112,chair
003521.jpg,91.392,43.648,112.384,87.424,chair
003521.jpg,84.48,44.16,128,112,person
003521.jpg,37.632,50.56,83.968,112,person
003521.jpg,0.256,16.512,28.672,112,person
002965.jpg,6.144,61.056,15.616,86.144,bottle
002965.jpg,24.064,54.4,32.768,83.072,bottle
002965.jpg,33.792,54.4,42.752,78.464,bottle
002965.jpg,43.776,55.168,50.944,75.904,bottle
002965.jpg,50.944,54.656,59.136,74.368,bottle
002965.jpg,60.16,56.192,66.304,77.44,bottle
002965.jpg,66.816,55.168,73.216,82.56,bottle
002965.jpg,73.728,55.68,80.896,83.328,bottle
002965.jpg,80.896,56.192,88.576,84.096,bottle
002965.jpg,89.344,56.448,96,84.096,bottle
002965.jpg,96.256,57.728,104.96,84.864,bottle
002965.jpg,53.504,77.696,71.424,111.744,bottle
002965.jpg,69.12,83.072,86.016,112,bottle
002965.jpg,3.072,24.96,30.976,65.152,person
002965.jpg,34.304,21.632,46.336,46.72,person
002965.jpg,73.984,32.384,95.744,60.032,person
002965.jpg,44.288,40.576,67.328,66.944,person
002965.jpg,76.032,45.184,96,68.224,person
002965.jpg,95.488,33.408,109.312,60.544,person
002965.jpg,84.992,31.616,99.584,57.216,person
002965.jpg,41.728,27.264,70.912,59.008,person
002965.jpg,111.36,34.944,126.208,55.168,person
002965.jpg,106.24,36.224,114.944,52.352,person
002965.jpg,120.32,37.504,128,53.888,person
002965.jpg,30.976,34.432,45.568,52.352,person
002965.jpg,0.256,16.256,9.216,54.144,person
003695.jpg,0.266666666666667,60.3018867924528,128,96.7547169811321,train
001061.jpg,82.688,24.448,114.944,48.768,bird
001061.jpg,81.92,45.696,125.184,112,person
001061.jpg,0.256,16.256,82.176,112,person
004776.jpg,19.712,30.848,109.568,106.368,train
004999.jpg,40.192,41.856,78.592,71.296,dog
001845.jpg,6.912,61.312,58.88,103.808,car
001845.jpg,0.768,65.664,9.472,84.096,car
000323.jpg,70.912,16.768,128,112,person
000323.jpg,3.072,16.768,78.08,112,person
007831.jpg,27.5052083333333,58.112,60.9375,105.472,bird
009289.jpg,20.992,25.3288288288288,109.312,106.5,train
009289.jpg,107.264,78.4219219219219,128,106.5,train
003028.jpg,0.256,32.188622754491,127.744,96.0658682634731,aeroplane
009307.jpg,2.24,4.16,128,117.44,aeroplane
008293.jpg,48.8123123123123,49.92,63.1066066066066,64,bus
008293.jpg,63.1066066066066,12.288,106.5,97.024,bus
008293.jpg,89.3978978978979,36.864,106.5,59.392,person
008293.jpg,32.475975975976,49.664,50.5990990990991,103.168,person
009401.jpg,0.256,22.4,108.8,100.48,train
005369.jpg,79.36,72.32,99.072,81.28,boat
008967.jpg,58.624,25.3288288288288,97.024,105.98948948949,bottle
008967.jpg,91.904,25.3288288288288,122.88,103.692192192192,bottle
008967.jpg,41.472,35.2837837837838,66.56,106.5,bottle
008967.jpg,35.072,39.6231231231231,59.648,106.244744744745,bottle
002734.jpg,114.944,27.9304812834225,128,40.3770053475936,car
002734.jpg,81.664,27.9304812834225,107.52,39.8689839572192,car
002734.jpg,64,18.024064171123,110.592,36.8208556149733,bus
005298.jpg,4.096,47.0255255255255,42.496,106.5,person
005298.jpg,62.976,32.475975975976,94.976,106.5,person
001627.jpg,61.312,2.304,76.928,22.784,person
000256.jpg,2.048,44.8498542274052,125.696,79.3454810495627,aeroplane
000850.jpg,54.528,34.176,85.504,69.504,bird
001298.jpg,80.128,31.36,110.592,65.408,person
001298.jpg,49.408,58.752,82.944,87.68,person
001298.jpg,27.392,43.392,53.248,83.072,person
001298.jpg,0.768,16.512,109.056,80.512,boat
005229.jpg,0.256,16.256,128,112,person
004241.jpg,33.024,36.736,94.464,99.2,boat
008772.jpg,2.048,37.504,125.696,111.488,cat
003147.jpg,39.168,58.6867469879518,93.696,87.0240963855422,dog
003147.jpg,13.824,30.6024096385542,35.584,84.7469879518072,person
005592.jpg,31.232,50.56,70.912,68.992,car
009897.jpg,60.416,33.408,119.552,97.152,cow
009897.jpg,32,53.376,68.352,91.264,cow
007809.jpg,22.272,22.4,128,111.488,horse
007809.jpg,94.72,16.768,128,98.688,person
007431.jpg,23.552,95.6474820143885,43.52,105.561151079137,bird
007431.jpg,23.808,106.069544364508,43.264,115.220623501199,bird
007431.jpg,73.984,104.798561151079,93.44,114.712230215827,bird
007431.jpg,74.496,93.6139088729017,93.952,104.544364508393,bird
007431.jpg,64.512,81.6666666666667,70.912,92.0887290167866,bird
007431.jpg,91.392,49.8920863309353,105.472,57.0095923261391,bird
007431.jpg,89.6,38.4532374100719,99.328,47.8585131894485,bird
007431.jpg,101.632,23.7098321342926,115.712,32.3525179856115,bird
007431.jpg,96.512,19.1342925659472,104.192,31.589928057554,bird
007431.jpg,61.44,32.0983213429257,74.496,39.7242206235012,bird
007431.jpg,15.616,25.2350119904077,31.232,35.4028776978417,bird
007431.jpg,5.632,40.7410071942446,14.592,46.841726618705,bird
000408.jpg,29.056,29.184,104.832,127.744,cow
008874.jpg,22.784,58.496,37.888,72.32,tvmonitor
008874.jpg,26.88,60.288,98.048,96.64,sofa
008874.jpg,62.976,75.392,128,112,chair
004808.jpg,29.184,57.472,108.288,85.888,car
006660.jpg,12.032,82.615,75.52,109.39,car
006660.jpg,0.256,64,41.984,79.81,boat
006660.jpg,70.656,13.255,128,87.46,boat
005961.jpg,30.848,100.096,91.264,124.16,bus
005961.jpg,94.336,110.336,98.944,122.368,person
005961.jpg,101.248,109.056,105.856,122.112,person
005961.jpg,108.16,107.264,112,120.832,person
005961.jpg,45.44,107.776,58.496,128,person
005961.jpg,16.256,108.8,22.4,128,person
005961.jpg,22.4,116.992,35.2,128,person
001858.jpg,4.352,46.7702702702703,121.6,76.6351351351351,aeroplane
007908.jpg,48.896,22.0105105105105,128,106.5,bus
004178.jpg,20.48,49.8990228013029,79.104,100.71335504886,dog
004178.jpg,72.192,44.5635179153094,128,92.8371335504886,dog
002800.jpg,46.1639344262295,44.8035294117647,77.1147540983607,100.695294117647,horse
002800.jpg,46.1639344262295,27.8270588235294,90.4918032786885,101.478823529412,horse
005599.jpg,65.3948126801153,37.376,98.1095100864553,111.36,bicycle
005599.jpg,31.6657060518732,43.776,65.9020172910663,104.448,bicycle
005599.jpg,58.0403458213257,6.912,100.64553314121,94.464,person
005599.jpg,26.5936599423631,9.472,68.4380403458213,96.256,person
005254.jpg,35.584,52.352,78.592,93.824,dog
003492.jpg,25.6,18.0081967213115,128,110.5,horse
003492.jpg,34.304,38.844262295082,117.248,110.5,person
003492.jpg,9.984,41.8934426229508,36.608,110.5,person
000420.jpg,19.968,23.424,121.6,104.832,car
006058.jpg,0.256,43.392,127.744,112,car
009809.jpg,15.616,21.7544910179641,101.888,106.5,person
004164.jpg,45.056,55.424,59.648,72.576,chair
004164.jpg,86.272,50.56,103.424,68.736,tvmonitor
004164.jpg,1.28,76.16,109.312,109.696,sofa
000760.jpg,16.384,62.7349397590361,59.136,88.0361445783133,horse
000760.jpg,42.752,66.5301204819277,68.608,79.9397590361446,horse
000760.jpg,60.16,61.9759036144578,90.88,87.7831325301205,horse
000760.jpg,67.584,61.4698795180723,107.008,91.3253012048193,horse
000760.jpg,89.088,68.0481927710843,118.016,87.2771084337349,horse
000760.jpg,30.976,55.6506024096386,40.704,79.6867469879518,person
000760.jpg,55.04,58.433734939759,62.208,79.433734939759,person
000760.jpg,70.912,53.8795180722892,80.64,64.5060240963855,person
000760.jpg,81.92,52.6144578313253,92.16,78.4216867469879,person
000760.jpg,95.488,55.144578313253,104.96,70.5783132530121,person
003640.jpg,70.144,63.104,113.664,89.472,cow
000214.jpg,52.48,16.256,128,112,horse
008509.jpg,6.912,73.414201183432,17.664,91.4792899408284,dog
008509.jpg,57.344,66.2899408284024,69.12,84.8639053254438,dog
008509.jpg,86.528,70.6153846153846,107.264,90.207100591716,dog
008509.jpg,24.064,37.5384615384615,42.752,84.3550295857988,horse
008509.jpg,20.992,22.5266272189349,44.8,66.0355029585799,person
002995.jpg,12.2549019607843,6.144,111.921568627451,128,cat
003154.jpg,41.472,42.112,119.808,93.312,bus
009512.jpg,76.416,70.4,111.744,128,horse
009512.jpg,65.408,57.088,89.472,88.832,horse
009512.jpg,45.44,31.488,60.544,62.976,horse
009512.jpg,16.512,36.608,64.896,128,person
009512.jpg,21.888,32.512,29.056,56.576,person
009512.jpg,61.568,33.792,65.152,38.4,cow
009512.jpg,65.152,34.048,70.528,38.912,cow
009512.jpg,71.808,32.256,76.416,36.352,cow
004237.jpg,58.112,56.704,128,112,tvmonitor
004237.jpg,0.256,16.768,43.264,112,tvmonitor
004237.jpg,33.792,51.328,68.096,101.248,person
004490.jpg,29.952,29.056,108.288,106.624,sheep
004710.jpg,37.376,22.2537764350453,90.88,84.9365558912387,bottle
004710.jpg,9.728,22.5075528700906,43.264,42.0483383685801,bottle
006935.jpg,23.542042042042,11.776,106.5,128,cow
004793.jpg,7.168,49.792,75.52,111.232,car
006838.jpg,58.88,30.4339339339339,128,106.244744744745,person
001186.jpg,57.472,59.136,64.384,72.448,bicycle
001186.jpg,55.424,50.176,65.152,69.12,person
009151.jpg,59.392,47.744,87.296,66.944,tvmonitor
009151.jpg,5.12,62.592,28.16,93.056,chair
009151.jpg,103.68,70.784,115.2,83.328,tvmonitor
009151.jpg,50.688,56.192,67.328,84.096,chair
008364.jpg,43.776,29.3664596273292,124.416,93.0310559006211,train
008364.jpg,0.256,24.2732919254658,38.4,97.6149068322981,train
000476.jpg,32.256,44.16,91.648,111.488,person
000476.jpg,53.248,92.032,103.936,112,dog
000476.jpg,1.024,55.68,96.768,104.064,sofa
004392.jpg,83.968,73.344,112.64,107.904,chair
004392.jpg,85.504,85.888,123.392,112,chair
004392.jpg,115.456,34.176,128,69.248,pottedplant
004392.jpg,120.32,69.76,128,109.184,pottedplant
004392.jpg,46.08,44.16,85.504,112,person
004392.jpg,45.824,45.952,65.28,112,person
005384.jpg,3.072,16.512,128,112,train
005384.jpg,80.128,50.048,116.736,112,person
007154.jpg,33.408,7.424,82.56,128,person
000896.jpg,0.512,64.384,65.536,91.264,aeroplane
002423.jpg,59.648,55.207756232687,104.96,78.398891966759,train
007150.jpg,0.256,40.576,25.088,110.976,person
007150.jpg,70.912,33.152,127.488,111.744,person
007150.jpg,57.6,35.2,89.088,86.912,person
007150.jpg,20.224,65.92,127.744,111.744,motorbike
000340.jpg,85.504,49.536,114.432,108.928,bird
000340.jpg,18.432,25.728,47.616,81.28,bird
002318.jpg,7.424,58.752,48.128,103.04,motorbike
008251.jpg,29.184,75.1692307692308,85.504,84.0538461538462,boat
001517.jpg,4.864,43.904,106.496,90.496,dog
001517.jpg,1.024,16.768,127.744,112,chair
003233.jpg,0.256,35.968,127.488,104.064,aeroplane
005672.jpg,93.6657824933687,16.64,102.832891246684,44.032,bottle
005672.jpg,51.395225464191,15.616,83.9893899204244,28.416,chair
005672.jpg,16.2546419098143,0.256,51.1405835543767,48.896,person
005672.jpg,16.2546419098143,27.392,112,128,diningtable
008512.jpg,53.504,40.03,81.408,65.785,dog
005960.jpg,24.064,88.704,42.496,110.72,cat
003120.jpg,57.088,57.472,71.936,69.504,tvmonitor
003120.jpg,95.744,87.68,128,112,diningtable
003120.jpg,102.656,84.608,111.104,94.592,chair
003120.jpg,43.264,77.696,64.256,101.76,chair
003120.jpg,3.328,70.784,40.704,99.712,sofa
009187.jpg,12.544,29.1119402985075,128,99.9029850746269,train
003311.jpg,32.256,50.816,102.656,83.584,bus
003311.jpg,101.888,68.992,105.216,80.256,person
003311.jpg,104.96,68.736,108.8,80,person
003311.jpg,41.984,52.608,45.568,59.776,person
003311.jpg,45.568,55.168,48.384,59.776,person
003311.jpg,60.416,55.936,62.976,59.52,person
003311.jpg,82.688,54.912,86.272,58.752,person
009080.jpg,89.856,54.656,105.472,61.824,bird
009080.jpg,20.224,35.968,44.544,64.128,bird
008663.jpg,0.256,43.136,126.976,99.968,car
008663.jpg,61.952,31.36,70.912,42.88,person
008663.jpg,16.896,44.928,25.6,55.168,person
008663.jpg,28.416,45.44,36.096,50.56,person
008663.jpg,91.136,38.784,96.256,45.952,person
008663.jpg,98.048,38.784,105.472,49.536,person
008453.jpg,71.936,39.775,87.04,51.76,cat
008453.jpg,18.432,36.205,60.928,104.545,person
008453.jpg,57.6,13.255,128,105.31,chair
004033.jpg,17.92,22.280701754386,30.72,55.6052631578947,person
004033.jpg,30.72,29.6578947368421,55.552,63.2368421052632,motorbike
004033.jpg,46.848,21.0087719298246,83.456,70.359649122807,motorbike
004033.jpg,48.384,20.7543859649123,114.432,91.7280701754386,motorbike
002166.jpg,3.584,39.8842729970326,123.136,101.896142433234,train
005836.jpg,21.7552552552553,51.968,40.6441441441441,127.744,person
005836.jpg,39.6231231231231,10.24,88.6321321321321,128,person
004192.jpg,35.328,72.32,59.648,92.8,tvmonitor
007997.jpg,13.312,37.76,87.04,111.744,person
007997.jpg,65.792,30.848,128,112,person
005169.jpg,57.216,48.896,67.2,64.512,cat
005169.jpg,103.552,13.568,112,22.528,car
005169.jpg,72.32,14.848,83.584,23.552,car
005169.jpg,70.784,13.056,80,22.016,car
006569.jpg,46.848,56.0218340611354,98.56,74.764192139738,bus
006569.jpg,8.192,59.5676855895197,36.096,74.0043668122271,bus
002795.jpg,79.616,53.376,81.92,57.216,person
002795.jpg,24.576,54.144,27.392,59.52,person
002795.jpg,25.856,79.488,30.976,91.52,person
002795.jpg,52.48,65.408,58.368,76.416,person
002795.jpg,50.176,68.224,65.536,79.744,motorbike
009860.jpg,16.64,19.8762626262626,125.44,104.042929292929,train
003646.jpg,51.2,52.352,70.656,93.312,bird
003627.jpg,34.56,21.7552552552553,93.44,106.5,dog
001036.jpg,16.128,63.616,31.744,111.744,person
001036.jpg,0.256,61.568,8.96,111.488,person
001036.jpg,36.608,38.272,58.368,64.896,person
001036.jpg,58.112,17.28,128,112,person
001036.jpg,28.16,64.128,92.416,112,person
008430.jpg,20.736,24.5630630630631,118.784,106.5,person
007793.jpg,33.28,55.6017964071856,128,106.5,motorbike
007793.jpg,49.92,33.9700598802395,82.432,75.1976047904192,person
007793.jpg,92.16,52.8023952095808,110.336,76.7245508982036,person
007793.jpg,87.808,42.1137724550898,98.816,58.6556886227545,person
007793.jpg,120.064,47.7125748502994,128,64.5089820359281,motorbike
007054.jpg,20.352,3.328,112,128,person
000063.jpg,31.488,45.44,97.024,86.4,dog
000063.jpg,19.2,16.256,109.568,112,chair
007612.jpg,40.064,48.384,82.048,128,dog
008892.jpg,11.008,97.408,40.96,112,car
008892.jpg,62.208,97.408,72.448,105.344,car
008892.jpg,71.936,96.64,85.504,105.6,car
008892.jpg,79.872,95.616,104.448,108.416,car
008892.jpg,0.256,93.568,16.64,112,car
008892.jpg,76.288,97.664,128,112,car
008892.jpg,95.232,80.256,128,108.16,car
008892.jpg,49.92,96.64,53.248,104.832,person
004558.jpg,53.9174174174174,16.128,68.7222222222222,30.976,pottedplant
004558.jpg,54.4279279279279,43.264,68.2117117117117,60.16,pottedplant
004558.jpg,54.4279279279279,72.448,67.4459459459459,90.112,pottedplant
004558.jpg,50.5990990990991,89.088,84.5480480480481,120.32,pottedplant
006940.jpg,19.712,27.264,128,110.208,dog
009214.jpg,46.08,45.184,80.384,73.856,bicycle
009214.jpg,37.376,73.088,119.808,112,car
009214.jpg,27.392,66.688,36.352,95.104,person
009214.jpg,18.432,68.736,26.368,94.848,person
009214.jpg,9.728,69.76,18.432,95.872,person
009214.jpg,119.296,64.128,128,89.216,person
009214.jpg,0.256,70.272,5.12,96.128,person
009214.jpg,35.84,71.808,40.704,81.28,person
009214.jpg,41.728,69.504,45.312,76.928,person
009214.jpg,47.104,68.48,52.224,73.6,person
009214.jpg,57.856,36.992,79.616,65.664,person
000130.jpg,1.024,16.256,128,79.744,boat
005383.jpg,20.48,23.0092024539877,102.144,103.717791411043,person
006468.jpg,50.944,49.024,91.648,79.232,train
001521.jpg,27.52,101.376,64.128,128,person
001521.jpg,50.304,33.536,74.88,118.272,person
001521.jpg,65.92,41.984,90.752,108.032,horse
005338.jpg,16.64,24.192,45.568,61.568,bird
005338.jpg,59.904,27.776,101.632,108.416,bird
005380.jpg,22.4,7.168,103.04,128,chair
005380.jpg,56.96,46.592,100.48,123.904,cat
001069.jpg,67.584,35.2,112.128,50.816,car
001069.jpg,0.256,45.952,29.952,62.336,car
009567.jpg,0.768,31.104,97.792,112,sofa
009567.jpg,25.6,38.272,77.312,112,person
006206.jpg,50.176,78.72,88.32,106.624,bicycle
006206.jpg,43.776,76.928,77.312,105.6,bicycle
006206.jpg,83.2,77.44,128,112,car
006171.jpg,13.824,25.472,59.136,60.544,person
006171.jpg,0.256,28.288,75.52,72.576,sofa
006171.jpg,64.256,42.368,128,62.336,sofa
006171.jpg,0.512,58.496,105.472,96.64,dog
003065.jpg,17.408,80.9744744744745,94.976,92.9714714714715,boat
003065.jpg,57.088,69.487987987988,69.888,71.7852852852853,boat
003065.jpg,64.512,74.0825825825826,77.312,84.8033033033033,person
003065.jpg,49.92,75.8693693693694,59.904,85.3138138138138,person
003065.jpg,64.256,68.2117117117117,66.304,70.509009009009,person
003065.jpg,61.184,68.466966966967,62.72,70.509009009009,person
005524.jpg,27.0988023952096,12.288,106.5,76.032,dog
005524.jpg,40.3323353293413,8.192,106.5,128,sofa
009707.jpg,20.224,61.346975088968,70.144,91.414590747331,cat
000317.jpg,30.208,57.3898305084746,104.192,75.1864406779661,car
001451.jpg,0.768,81.814371257485,128,106.5,diningtable
001451.jpg,97.024,72.1437125748503,107.264,88.685628742515,bottle
001451.jpg,41.984,61.4550898203593,56.576,96.0658682634731,bottle
001451.jpg,61.952,51.7844311377246,98.816,83.5958083832335,person
001451.jpg,24.832,47.2035928143713,56.576,85.377245508982,person
001451.jpg,3.072,60.1826347305389,13.312,69.5988023952096,pottedplant
008386.jpg,39.424,30.336,65.536,57.472,tvmonitor
008386.jpg,68.096,30.336,92.416,55.936,tvmonitor
008386.jpg,52.224,88.704,94.72,112,chair
005574.jpg,33.28,48.512,128,94.848,aeroplane
005574.jpg,40.448,66.944,57.856,111.744,person
001270.jpg,7.936,50.6176470588235,114.688,78.1470588235294,aeroplane
007590.jpg,16.256,3.584,112,128,person
007590.jpg,80.768,11.52,106.112,56.064,person
000372.jpg,68.864,26.3353293413174,92.16,96.8293413173653,person
000372.jpg,90.624,50.5119760479042,107.52,61.2005988023952,horse
000372.jpg,19.968,27.0988023952096,64.768,98.8652694610778,horse
005824.jpg,43.776,42.5807799442897,59.136,78.575208913649,person
005281.jpg,52.8,62.464,67.0545454545455,86.016,bicycle
005281.jpg,55.6,46.336,70.3636363636364,82.432,person
005281.jpg,37.0181818181818,50.944,44.6545454545455,81.408,person
005281.jpg,26.3272727272727,45.824,39.3090909090909,90.112,person
005281.jpg,46.6909090909091,58.368,50,64.768,person
001073.jpg,14.08,61.568,38.144,79.488,cow
001073.jpg,34.56,61.056,44.544,77.696,cow
001073.jpg,58.112,55.168,72.192,76.416,cow
001073.jpg,70.656,56.704,89.6,81.28,cow
001073.jpg,83.712,54.912,108.8,77.44,cow
001073.jpg,107.776,57.216,128,74.112,cow
007025.jpg,20.224,28.288,112.64,112,cat
008837.jpg,0.256,36.3713527851459,18.944,110.981432360743,tvmonitor
008837.jpg,16.896,24.4031830238727,111.872,110.981432360743,tvmonitor
003798.jpg,52.224,60.5642673521851,100.352,86.2686375321337,car
008699.jpg,37.888,50.56,100.864,109.44,horse
008699.jpg,61.44,30.336,79.872,80.768,person
006198.jpg,32,43.392,47.616,60.544,person
006198.jpg,20.992,41.344,31.488,94.08,person
006198.jpg,111.616,35.968,125.184,108.16,person
006198.jpg,111.104,31.616,128,112,person
006198.jpg,83.712,36.224,94.208,56.704,person
006198.jpg,72.448,31.616,88.064,60.8,person
006198.jpg,1.024,36.992,24.576,112,person
006198.jpg,87.552,40.32,113.408,112,person
006198.jpg,24.832,37.248,86.528,112,person
006198.jpg,50.944,36.992,96.256,112,person
003142.jpg,13.312,25.984,102.912,104.064,bicycle
002713.jpg,28.8,37.888,66.176,124.416,horse
002713.jpg,27.008,12.8,69.248,97.024,person
002713.jpg,105.344,44.032,111.232,60.928,person
004073.jpg,60.416,38.272,128,111.744,person
004073.jpg,103.168,69.248,119.04,75.904,car
004073.jpg,109.056,68.736,119.808,74.112,car
004073.jpg,4.864,53.632,51.2,78.72,bus
008886.jpg,5.84232365145228,11.0270935960591,121.626556016598,116.445812807882,horse
008886.jpg,88.6970954356847,11.5541871921182,128,101.160098522168,person
006437.jpg,41.984,59.1927710843374,71.936,67.5421686746988,bus
003279.jpg,44.544,34.675,128,81.85,sofa
005773.jpg,25.1244239631336,51.5090543259557,50.1889400921659,91.943661971831,person
005773.jpg,43.794930875576,61.5533199195171,63.4884792626728,94.0040241448692,person
005773.jpg,52.2350230414747,44.0402414486922,85.9953917050691,94.0040241448692,person
005773.jpg,86.7626728110599,73.1428571428571,103.387096774194,101.472837022133,person
005773.jpg,9.01152073732719,103.275653923541,14.3824884792627,128,chair
005773.jpg,16.9400921658986,111.774647887324,59.3963133640553,128,chair
005773.jpg,53.258064516129,118.213279678068,72.4400921658986,128,chair
002384.jpg,11.008,32.384,76.288,110.208,person
002384.jpg,53.76,44.16,113.152,110.464,dog
001806.jpg,91.8353658536585,49.152,105.5,92.416,cow
001806.jpg,51.3475609756098,68.096,68.0487804878049,96.256,cow
001806.jpg,37.6829268292683,54.528,63.4939024390244,97.792,person
001806.jpg,52.1067073170732,40.192,75.3871951219512,96,person
005781.jpg,26.8694362017804,29.184,73.8249258160237,75.52,bird
005861.jpg,62.976,58.4023668639053,97.792,77.4852071005917,car
005861.jpg,7.68,61.7100591715976,21.504,67.5621301775148,car
005861.jpg,31.232,61.7100591715976,46.848,68.0710059171598,car
005573.jpg,30.976,30.592,82.688,111.488,person
005573.jpg,0.768,29.824,107.008,111.488,sofa
005877.jpg,27.136,31.7102102102102,56.064,106.5,horse
005877.jpg,74.752,31.1996996996997,123.904,106.5,horse
007189.jpg,50.944,33.152,76.544,58.752,tvmonitor
007189.jpg,69.376,58.752,125.44,111.744,person
004284.jpg,25.6,60.5608365019011,54.272,77.6292775665399,car
004284.jpg,64.256,56.9942965779468,99.584,76.8650190114068,car
003108.jpg,54.784,27.008,128,101.248,sofa
003108.jpg,93.184,85.888,99.328,106.624,bottle
006725.jpg,39.168,42.1756756756757,108.032,84.8033033033033,cat
008971.jpg,21.248,38.7448979591837,118.272,88.7448979591837,aeroplane
007754.jpg,96.512,44.672,122.112,81.024,tvmonitor
007754.jpg,70.656,49.28,88.32,77.696,tvmonitor
007754.jpg,67.328,25.216,80.896,39.552,tvmonitor
007754.jpg,20.992,39.552,43.264,74.624,chair
007754.jpg,33.536,34.176,62.976,75.392,chair
002456.jpg,1.28,16.256,21.76,48.256,chair
002456.jpg,5.12,16.256,29.184,46.464,chair
002456.jpg,0.256,35.456,128,112,diningtable
005796.jpg,48,15.104,66.176,39.68,person
005796.jpg,92.8,70.4,112,99.072,tvmonitor
008409.jpg,83.712,47.744,97.792,59.52,tvmonitor
008409.jpg,14.336,64.128,47.104,102.272,sofa
001151.jpg,23.808,49.6616314199396,80.896,104.477341389728,dog
001151.jpg,67.328,22.7613293051359,109.568,105.492447129909,person
001151.jpg,56.576,22.2537764350453,84.224,71.7401812688822,person
007911.jpg,5.376,10.1907630522088,118.016,124.949799196787,motorbike
007911.jpg,36.864,7.64056224899598,41.728,20.3915662650602,person
007911.jpg,60.416,7.13052208835341,66.304,21.6666666666667,person
007911.jpg,56.32,6.11044176706827,61.184,16.8212851405623,person
007911.jpg,52.224,6.36546184738956,56.32,21.6666666666667,person
007911.jpg,20.224,9.42570281124498,25.344,21.1566265060241,person
007911.jpg,11.008,10.4457831325301,15.616,21.6666666666667,person
007911.jpg,76.544,6.62048192771084,80.896,19.8815261044177,person
007911.jpg,82.944,6.87550200803213,86.272,19.3714859437751,person
007911.jpg,93.184,6.87550200803213,98.304,21.1566265060241,person
007911.jpg,96.512,5.85542168674699,100.352,19.6265060240964,person
007911.jpg,101.376,7.13052208835341,106.752,21.921686746988,person
007911.jpg,122.624,9.68072289156627,125.44,24.4718875502008,person
007911.jpg,0.256,9.17068273092369,3.072,19.1164658634538,person
001483.jpg,43.776,39.8783783783784,99.328,98.8423423423424,train
001483.jpg,18.944,60.0435435435435,39.168,85.3138138138138,train
008391.jpg,1.28,36.2605177993528,127.232,102.988673139159,car
008391.jpg,11.52,25.2669902912621,125.696,43.6747572815534,car
008391.jpg,52.48,54.668284789644,63.232,70.0080906148867,person
006939.jpg,55.552,16.512,128,112,person
006939.jpg,0.256,24.192,58.624,112,person
006939.jpg,26.368,36.992,28.416,40.832,bottle
006939.jpg,27.648,36.736,30.976,52.608,bottle
006939.jpg,29.44,35.968,33.792,53.888,bottle
006939.jpg,33.28,34.688,38.4,54.144,bottle
006939.jpg,37.632,34.176,43.776,54.144,bottle
000535.jpg,49.664,52.5695187165775,90.112,81.5267379679144,bicycle
000535.jpg,0.512,52.5695187165775,30.976,84.8288770053476,bicycle
000535.jpg,52.736,30.4705882352941,80.896,77.2085561497326,person
000535.jpg,0.256,33.5187165775401,18.176,79.24064171123,person
000535.jpg,33.28,39.8689839572192,43.776,69.0802139037433,person
009283.jpg,65.28,72.32,90.624,97.152,bus
009283.jpg,51.968,79.488,64.768,92.288,car
009283.jpg,0.256,78.72,27.392,110.72,car
009283.jpg,118.528,84.864,126.208,109.44,person
009283.jpg,93.44,82.304,98.816,97.408,person
009283.jpg,88.064,82.816,92.928,97.664,person
009283.jpg,126.208,83.072,128,86.656,person
007270.jpg,32.768,62.336,70.144,92.544,car
007270.jpg,113.408,48,121.6,69.76,person
007270.jpg,89.6,56.448,113.92,64.128,car
001632.jpg,2.816,42.368,115.2,110.976,horse
000818.jpg,75.52,58.2770034843206,128,79.3885017421603,train
000818.jpg,0.256,73.5383275261324,8.448,79.3885017421603,car
008263.jpg,3.84,39.808,93.696,102.272,train
008263.jpg,93.952,73.344,106.24,83.072,train
008263.jpg,36.864,61.568,45.312,82.56,person
008263.jpg,41.472,78.464,55.552,112,person
008263.jpg,53.504,75.904,61.44,110.464,person
008263.jpg,58.88,75.392,73.216,112,person
008263.jpg,72.704,77.696,88.576,111.232,person
000373.jpg,26.3498498498498,87.808,102.926426426426,115.968,car
000918.jpg,26.0945945945946,3.84,106.5,128,person
000918.jpg,22.2657657657658,19.2,106.5,126.464,chair
001492.jpg,47.36,64.2544910179641,124.672,101.919161676647,car
001492.jpg,11.52,61.4550898203593,26.624,69.0898203592815,car
001492.jpg,0.256,61.7095808383234,11.008,69.5988023952096,car
001492.jpg,100.864,54.5838323353293,107.264,58.9101796407186,car
001492.jpg,91.392,54.5838323353293,99.84,59.4191616766467,car
007546.jpg,40.192,58.1807228915663,70.4,67.0361445783133,bus
006610.jpg,3.072,41.6,128,112,diningtable
006610.jpg,18.432,25.216,38.656,88.704,bottle
006610.jpg,36.608,28.8,56.32,89.728,bottle
006610.jpg,30.208,16.256,112.384,45.952,person
002251.jpg,0.512,22.4,128,112,sofa
006251.jpg,19.2,76.928,37.376,89.216,sheep
006251.jpg,40.96,72.576,51.456,81.28,sheep
006251.jpg,32.512,75.392,45.824,84.864,sheep
006251.jpg,101.632,73.6,109.056,83.328,sheep
006251.jpg,82.688,72.832,92.416,82.56,sheep
006251.jpg,58.112,75.392,69.632,84.864,sheep
006251.jpg,66.304,72.32,75.008,81.536,sheep
006251.jpg,43.52,66.944,51.968,72.576,sheep
006251.jpg,56.32,67.712,60.928,72.32,sheep
006251.jpg,97.024,73.088,102.4,79.232,sheep
006251.jpg,91.648,66.944,97.792,71.808,sheep
006251.jpg,98.048,66.944,104.448,71.808,sheep
006251.jpg,70.4,70.016,77.312,76.672,sheep
002956.jpg,62.72,61.568,120.832,101.504,bicycle
003420.jpg,6.4,71.296,30.976,84.096,car
003420.jpg,28.416,72.064,51.968,83.584,car
003420.jpg,45.568,72.064,69.12,83.072,car
003420.jpg,61.952,73.088,85.248,82.56,car
003420.jpg,75.008,73.856,97.28,82.816,car
003420.jpg,89.856,74.88,109.824,82.816,car
003420.jpg,100.864,74.88,119.552,82.816,car
003420.jpg,110.848,75.136,125.952,82.048,car
000761.jpg,76.8,79.744,105.472,112,chair
000761.jpg,4.864,81.28,42.24,112,tvmonitor
000761.jpg,38.4,52.096,111.872,98.432,sofa
003458.jpg,52.8658536585366,30.976,104.993902439024,121.344,bird
003458.jpg,26.8018292682927,41.216,79.1829268292683,126.208,bird
006714.jpg,16.768,20.224,111.488,128,person
001628.jpg,27.7333333333333,31.2208121827411,112,103.175126903553,horse
001628.jpg,53.3333333333333,26.1573604060914,85.3333333333333,69.3299492385787,person
000763.jpg,5.12,51.1096096096096,123.904,75.6141141141141,aeroplane
005668.jpg,0.512,49.536,47.36,111.488,dog
005668.jpg,42.752,45.952,86.528,111.488,dog
005668.jpg,35.584,35.2,84.224,73.088,dog
005668.jpg,75.008,44.672,128,98.944,dog
009613.jpg,74.112,62.976,90.24,79.616,chair
009613.jpg,22.912,72.96,53.12,80.64,diningtable
009613.jpg,43.648,66.304,65.92,81.408,sofa
009613.jpg,40.064,68.096,48.768,74.496,chair
009613.jpg,35.968,70.144,52.096,99.84,chair
009613.jpg,16.256,73.728,34.688,104.192,chair
009613.jpg,25.984,61.696,31.36,67.328,person
009613.jpg,18.816,64.768,45.696,98.048,person
009613.jpg,59.52,68.608,80.768,85.76,chair
009613.jpg,29.568,67.328,33.152,76.032,bottle
009613.jpg,32.384,67.328,35.2,75.264,bottle
009613.jpg,34.688,67.584,36.992,76.288,bottle
009613.jpg,35.968,66.304,38.272,75.776,bottle
007781.jpg,0.256,26.752,107.264,112,pottedplant
002061.jpg,30.208,16.512,87.04,46.72,sofa
002061.jpg,101.12,16.512,128,46.976,sofa
002061.jpg,0.256,58.752,126.208,111.744,diningtable
002061.jpg,19.968,27.776,49.664,72.576,person
002061.jpg,53.76,40.576,119.552,92.288,person
000469.jpg,4.096,23.168,116.224,96.64,car
004708.jpg,11.52,56.192,61.184,100.48,cat
004708.jpg,79.872,55.424,122.88,70.784,cat
004708.jpg,1.28,16.768,128,110.976,sofa
004612.jpg,58.88,55.6506024096386,69.12,73.1084337349398,bird
001386.jpg,1.28,30.592,124.672,110.72,motorbike
001386.jpg,81.664,38.784,89.088,42.624,car
001386.jpg,70.912,36.992,78.08,42.368,car
001386.jpg,118.528,36.224,127.232,42.368,car
001386.jpg,123.904,39.04,128,44.928,car
003406.jpg,87.296,25.472,117.248,108.416,person
003406.jpg,113.152,35.2,128,90.752,person
003406.jpg,0.512,17.024,128,111.744,car
006802.jpg,33.536,20.0085714285714,127.744,108.245714285714,train
006802.jpg,88.064,44.6742857142857,93.696,49.76,person
006802.jpg,53.504,42.1314285714286,66.048,78.24,person
006697.jpg,10.496,35.712,66.56,102.272,person
006697.jpg,65.28,36.992,128,112,person
007144.jpg,0.768,22.4,128,85.12,bus
002579.jpg,35.4166666666667,18.944,106.109375,121.6,bird
007647.jpg,27.1156156156156,61.44,54.9384384384384,86.272,motorbike
007647.jpg,29.1576576576577,46.336,50.3438438438438,77.568,person
007647.jpg,49.8333333333333,60.416,106.5,85.76,car
008655.jpg,75.904,12.288,87.68,32.768,pottedplant
008655.jpg,82.048,83.968,107.392,128,dog
008655.jpg,84.096,52.48,92.544,72.448,dog
008655.jpg,70.528,32.768,84.864,45.568,tvmonitor
008655.jpg,41.856,45.312,80.768,78.592,diningtable
008655.jpg,66.688,44.8,85.12,77.312,chair
008655.jpg,51.328,47.872,69.504,83.712,chair
008655.jpg,37.76,43.776,56.192,75.776,chair
008655.jpg,54.144,41.216,65.92,45.568,chair
004605.jpg,23.808,52.3858858858859,90.112,104.457957957958,bicycle
004605.jpg,105.216,23.2867867867868,128,56.9804804804805,bicycle
004605.jpg,39.936,21.7552552552553,77.312,35.7942942942943,bicycle
004605.jpg,40.448,28.9024024024024,74.752,101.905405405405,person
004605.jpg,113.664,30.6891891891892,128,106.244744744745,person
002695.jpg,1.792,16.768,71.424,102.272,cow
002695.jpg,109.056,45.184,128,63.104,cow
002695.jpg,89.088,43.392,103.68,58.496,cow
009209.jpg,35.584,42.88,70.144,70.528,motorbike
009209.jpg,37.376,38.016,57.6,67.712,person
003868.jpg,0.512,76.16,128,111.744,person
006636.jpg,6.656,35.2,90.88,76.928,aeroplane
000163.jpg,13.312,14.6018518518519,78.848,92.5185185185185,person
000163.jpg,6.656,36.5,116.736,109.833333333333,motorbike
002699.jpg,22.784,46.464,109.312,76.416,bus
005697.jpg,26.88,62.8513513513514,107.52,106.5,sofa
005697.jpg,58.112,47.2807807807808,69.12,64.3828828828829,chair
004120.jpg,15.104,31.9654654654655,128,98.3318318318318,bus
007565.jpg,36.608,24.704,101.12,83.328,cat
007565.jpg,15.104,47.744,92.672,106.88,cat
008730.jpg,40.96,68.992,111.616,88.704,boat
008730.jpg,54.528,61.056,70.912,66.944,boat
008730.jpg,87.296,63.872,119.04,74.88,boat
008730.jpg,35.328,49.024,51.968,69.248,boat
008730.jpg,0.256,58.496,14.08,67.2,boat
008160.jpg,5.632,33.664,96.512,109.696,car
008160.jpg,51.968,16.256,116.736,51.584,car
008160.jpg,19.2,23.424,30.976,52.864,person
008160.jpg,11.776,24.704,22.016,51.584,person
007448.jpg,55.552,46.0361445783133,71.68,73.3614457831325,person
007448.jpg,43.776,58.1807228915663,88.576,87.7831325301205,horse
004258.jpg,0.256,16.512,87.808,68.992,boat
004258.jpg,79.104,17.024,128,55.168,boat
004258.jpg,64.512,27.776,78.592,45.952,person
004258.jpg,101.632,34.176,107.008,41.344,person
004258.jpg,23.296,24.192,31.488,32.128,person
004258.jpg,79.104,30.592,90.368,46.208,person
004258.jpg,89.856,26.752,97.024,44.416,person
004258.jpg,11.008,16.512,19.456,44.16,person
004258.jpg,19.2,16.768,26.624,34.944,person
004258.jpg,105.216,27.776,115.968,40.576,person
002335.jpg,0.256,29.824,128,112,sofa
002070.jpg,2.048,48.1269841269841,126.208,83.9365079365079,sofa
006593.jpg,0.512,22.2657657657658,127.744,106.5,car
008098.jpg,18.688,61.056,25.6,65.152,car
008098.jpg,58.88,56.704,67.584,64.128,car
008098.jpg,68.352,55.936,92.672,66.688,car
008098.jpg,92.16,57.728,124.416,70.784,car
008098.jpg,76.288,50.048,101.12,62.336,bus
008098.jpg,25.088,44.928,58.88,70.528,bus
009494.jpg,47.36,68.466966966967,65.024,100.884384384384,motorbike
009494.jpg,47.36,60.8093093093093,66.048,94.2477477477478,person
001205.jpg,22.528,40.7835820895522,80.384,88.2313432835821,boat
005850.jpg,13.824,45.952,89.088,98.432,cat
005850.jpg,0.256,27.52,30.72,73.856,person
008301.jpg,55.168,48.896,112,128,person
008320.jpg,0.512,17.5808080808081,125.44,114.5,horse
000717.jpg,52.992,87.168,76.032,112,chair
000717.jpg,58.88,25.984,78.848,103.296,person
000717.jpg,46.592,49.536,61.44,104.064,person
000717.jpg,3.84,66.944,37.376,111.232,person
000717.jpg,77.312,48.768,100.096,111.488,person
000717.jpg,112.64,48.768,128,112,person
000717.jpg,100.608,48.768,118.016,110.464,person
000717.jpg,12.032,53.376,38.144,111.488,person
000717.jpg,0.768,54.656,9.216,82.048,person
009671.jpg,11.52,65.92,51.968,82.816,car
009671.jpg,64.768,68.736,113.664,88.704,car
009671.jpg,49.152,67.712,85.248,81.28,car
009671.jpg,27.904,62.08,32.768,67.712,person
009671.jpg,37.376,62.08,42.496,67.2,person
009671.jpg,23.04,62.848,27.392,70.784,person
000899.jpg,23.552,56.9804804804805,121.088,83.527027027027,train
000834.jpg,77.824,37.76,94.464,48,cow
000834.jpg,63.744,34.432,80.128,42.112,cow
000834.jpg,2.56,40.576,25.6,55.424,cow
000834.jpg,17.664,47.488,45.312,60.544,cow
000834.jpg,16.384,40.32,37.12,46.976,cow
000834.jpg,25.088,78.72,99.84,112,person
008349.jpg,34.304,32.384,80.896,98.944,sheep
004292.jpg,19.0401069518717,40.448,62.9839572192513,105.472,pottedplant
004292.jpg,56.1256684491979,8.192,85.3368983957219,96.512,person
000349.jpg,40.704,49.536,105.728,108.672,diningtable
000349.jpg,82.176,48.256,122.624,108.928,chair
000349.jpg,72.704,35.456,92.16,52.864,chair
000349.jpg,25.6,39.296,52.736,92.288,chair
000349.jpg,42.752,57.216,83.456,112,chair
000349.jpg,0.512,16.512,22.784,49.536,tvmonitor
009131.jpg,80.896,35.2,93.696,72.064,boat
000756.jpg,34.5712328767123,2.048,110.5,128,dog
002445.jpg,21.3222222222222,22.784,107.188888888889,125.44,cat
009726.jpg,59.392,38.016,114.176,96.64,person
009726.jpg,15.36,34.688,76.032,101.76,person
009726.jpg,0.256,69.76,20.224,112,person
009726.jpg,75.008,85.12,84.48,111.744,bottle
009726.jpg,91.904,83.328,100.352,110.72,bottle
009726.jpg,16.128,92.032,125.184,112,diningtable
009726.jpg,0.256,56.192,29.696,77.952,diningtable
009726.jpg,0.256,71.296,21.504,112,person
006071.jpg,27.648,38.6987951807229,90.368,96.1325301204819,motorbike
006071.jpg,99.072,34.3975903614458,109.056,76.6506024096386,person
006071.jpg,0.512,22.5060240963855,17.664,85,person
006071.jpg,79.616,33.1325301204819,96.256,77.4096385542169,person
006071.jpg,19.2,36.6746987951807,30.464,66.7831325301205,person
006071.jpg,107.264,22.5060240963855,128,101.698795180723,person
006071.jpg,40.192,40.4698795180723,49.152,54.3855421686747,person
006071.jpg,35.584,47.8072289156627,38.912,60.710843373494,person
006071.jpg,95.744,43.2530120481928,100.864,53.8795180722892,person
006071.jpg,68.864,29.0843373493976,79.872,51.0963855421687,person
005655.jpg,34.304,62.08,73.472,74.88,aeroplane
007227.jpg,27.0067567567568,18.944,101.246621621622,128,sofa
007227.jpg,27.7668918918919,9.216,94.4054054054054,128,person
001860.jpg,42.56,27.759649122807,108.48,102.156140350877,chair
001860.jpg,44.48,31.2719298245614,55.04,41.1701754385965,bird
001860.jpg,57.92,51.7070175438596,65.28,60.0087719298246,bird
001860.jpg,49.6,80.4438596491228,74.24,93.5350877192982,bird
001860.jpg,6.72,86.5105263157895,17.6,96.7280701754386,bird
001860.jpg,26.88,82.9982456140351,38.08,94.4929824561403,bird
001860.jpg,17.28,88.1070175438597,27.84,98.9631578947368,bird
001860.jpg,35.84,85.2333333333333,45.76,97.0473684210526,bird
003923.jpg,38.144,35.7942942942943,76.8,75.3588588588589,person
003923.jpg,1.28,39.8783783783784,21.504,59.533033033033,person
003923.jpg,19.712,34.7732732732733,28.928,54.9384384384384,person
003923.jpg,0.256,58.7672672672673,28.672,84.8033033033033,chair
003923.jpg,29.44,65.4039039039039,37.376,80.2087087087087,chair
003923.jpg,11.52,73.5720720720721,128,106.5,diningtable
009128.jpg,18.9078947368421,3.65714285714286,110,128,person
008722.jpg,77.312,74.1204819277108,100.608,95.8795180722892,cow
000332.jpg,13.824,34.2627627627628,72.96,88.3768768768769,horse
007841.jpg,35.584,35.968,62.464,75.904,dog
007841.jpg,58.624,41.088,91.648,89.472,person
007841.jpg,1.536,50.304,35.328,100.992,person
000787.jpg,30.72,40.5633423180593,108.288,87.6900269541779,car
001872.jpg,39.168,21.632,90.88,103.552,sheep
000859.jpg,68.864,27.3708708708709,128,101.394894894895,person
000859.jpg,3.328,35.7942942942943,83.712,105.98948948949,person
000859.jpg,67.328,59.533033033033,128,106.244744744745,sofa
000859.jpg,0.512,54.1726726726727,55.552,106.244744744745,chair
008587.jpg,1.28,62.592,100.864,99.712,sofa
008587.jpg,41.728,37.504,128,112,person
008587.jpg,44.032,48.256,82.176,102.784,person
008587.jpg,0.768,50.56,33.024,94.08,person
008587.jpg,32.768,37.76,51.456,58.24,pottedplant
006156.jpg,0.512,16.512,115.456,112,person
005039.jpg,29.696,46.976,79.104,112,person
005039.jpg,0.256,48.768,27.392,112,person
005039.jpg,75.52,49.536,120.832,111.488,person
005039.jpg,118.016,49.024,128,96.896,person
005039.jpg,112.128,58.496,119.552,66.688,person
005039.jpg,61.44,49.536,71.936,59.008,person
005039.jpg,79.104,53.632,86.272,59.264,person
007222.jpg,88.576,46.1150442477876,125.44,79.3480825958702,train
007222.jpg,55.808,45.8613569321534,90.88,78.3333333333333,train
007222.jpg,0.256,48.6519174041298,32,72.2448377581121,train
007149.jpg,4.608,8.26523702031603,119.808,120.5,dog
000720.jpg,55.552,51.6201201201201,78.08,88.6321321321321,dog
008413.jpg,37.632,34.176,115.712,112,person
008413.jpg,0.256,20.608,57.344,97.408,person
008413.jpg,26.368,25.984,128,112,chair
008413.jpg,0.256,34.176,68.864,112,chair
007470.jpg,36.608,29.6681681681682,94.976,92.2057057057057,aeroplane
001579.jpg,16.256,77.312,71.552,128,bicycle
001579.jpg,25.216,65.024,98.944,112.896,bicycle
001579.jpg,45.184,34.56,84.864,103.936,person
001579.jpg,16.256,40.192,48.768,122.624,person
000498.jpg,24.0276073619632,1.28,67.3098159509202,51.968,bottle
000498.jpg,51.5245398773006,65.536,73.6748466257669,126.976,person
001174.jpg,0.256,85.888,64,112,sofa
001174.jpg,80.64,67.968,97.28,96.384,chair
001174.jpg,62.976,70.528,81.664,100.48,chair
001174.jpg,36.608,67.712,47.872,91.008,chair
001174.jpg,47.36,69.248,95.488,99.2,diningtable
000417.jpg,44.544,36.992,94.464,112,cow
009517.jpg,64.6381381381381,20.48,101.13963963964,128,person
009517.jpg,36.0495495495496,32.768,57.7462462462462,102.144,person
009517.jpg,55.9594594594595,28.416,66.6801801801802,33.792,car
009877.jpg,22.2657657657658,26.112,95.2687687687688,128,person
009877.jpg,90.4189189189189,47.36,104.713213213213,103.936,person
009388.jpg,80.384,60.288,98.816,75.648,tvmonitor
009388.jpg,66.304,55.168,81.92,72.064,tvmonitor
009388.jpg,59.904,83.84,106.752,112,chair
009388.jpg,25.6,61.312,41.728,80.512,tvmonitor
009388.jpg,13.824,74.368,18.688,87.424,bottle
009819.jpg,77.824,27.52,114.432,65.92,diningtable
009819.jpg,94.464,24.704,119.04,64.128,chair
009819.jpg,59.392,29.056,98.048,84.352,cat
000973.jpg,7.68,29.056,124.928,100.736,bicycle
009351.jpg,31.488,16.512,128,112,aeroplane
003292.jpg,6.4,61.875,17.0666666666667,82.0625,person
003292.jpg,16.3555555555556,66.8333333333333,26.3111111111111,92.6875,person
003292.jpg,95.6444444444444,70.0208333333333,108.444444444444,99.7708333333333,person
003292.jpg,44.8,37.0833333333333,82.1333333333334,106.5,person
003181.jpg,73.216,52.352,83.968,85.376,bottle
003181.jpg,91.136,56.192,106.24,93.568,bottle
003181.jpg,0.512,24.192,69.12,101.248,person
003181.jpg,0.256,16.768,16.64,36.224,person
004859.jpg,50.816,43.776,69.504,69.12,person
004859.jpg,30.592,52.48,61.312,99.84,person
004859.jpg,61.312,43.52,107.904,115.2,person
004859.jpg,64.384,32.768,111.744,127.744,person
004859.jpg,22.4,72.704,60.544,124.16,chair
002869.jpg,5.376,45.493993993994,125.184,79.1876876876877,aeroplane
004761.jpg,16.512,6.656,112,115.2,person
004761.jpg,22.4,42.24,112,128,bicycle
004761.jpg,16.768,0.256,34.176,30.976,person
004761.jpg,46.464,0.256,60.288,10.24,person
004761.jpg,60.544,0.256,74.368,50.944,person
004761.jpg,82.304,0.256,98.944,52.736,person
004761.jpg,97.664,0.512,108.16,28.16,person
004761.jpg,97.152,15.616,112,36.608,bicycle
009049.jpg,72.448,38.6260744985673,112.64,86.3137535816619,motorbike
009049.jpg,13.056,39.6461318051576,91.904,102.889684813754,motorbike
009049.jpg,58.112,22.3051575931232,88.32,50.6117478510029,person
009049.jpg,25.6,23.580229226361,63.488,88.0988538681948,person
002192.jpg,4.864,35.2,26.112,111.232,pottedplant
002192.jpg,48.896,27.776,93.44,101.248,pottedplant
002192.jpg,71.936,54.144,126.976,110.976,pottedplant
002192.jpg,9.216,62.08,62.976,110.72,pottedplant
004082.jpg,43.52,34.944,66.816,100.736,bicycle
009918.jpg,30.208,52.8963963963964,73.472,106.5,dog
009918.jpg,46.592,29.1576576576577,119.04,81.2297297297297,person
009918.jpg,13.056,21.7552552552553,46.592,48.8123123123123,person
009918.jpg,0.256,21.7552552552553,68.608,105.734234234234,person
001028.jpg,97.487684729064,56.576,112.455665024631,76.288,chair
001028.jpg,25.692118226601,59.136,88.8620689655172,128,person
001028.jpg,14.2758620689655,7.424,115.5,126.208,person
001028.jpg,103.576354679803,41.984,115.5,58.624,person
001028.jpg,90.1305418719212,44.544,103.068965517241,59.392,person
001028.jpg,84.8029556650246,44.288,93.935960591133,56.576,person
001472.jpg,19.2,42.112,104.448,105.344,car
001472.jpg,68.352,38.784,128,79.488,car
001472.jpg,14.848,34.688,26.88,46.208,car
001472.jpg,31.232,35.456,45.824,43.392,car
001472.jpg,48.64,35.2,64.768,43.392,car
001472.jpg,63.744,35.968,79.872,42.368,car
001472.jpg,78.848,36.224,88.064,40.576,car
001472.jpg,75.008,34.176,83.712,36.992,car
001472.jpg,0.256,34.688,6.656,46.72,car
001472.jpg,11.008,30.848,19.2,48.768,person
001472.jpg,117.248,32.64,121.344,41.344,person
001472.jpg,112.384,31.616,117.248,41.344,person
001472.jpg,91.136,32.384,95.488,38.272,person
001472.jpg,72.704,30.336,77.824,42.112,person
001472.jpg,27.136,31.616,32,44.16,person
001472.jpg,44.032,31.36,47.36,41.856,person
001472.jpg,50.176,32.896,53.76,37.76,person
001472.jpg,39.168,32.384,41.472,35.712,person
001472.jpg,41.728,32.384,44.288,38.528,person
005818.jpg,22.784,44.672,50.688,112,person
005818.jpg,47.104,55.168,72.448,112,person
006125.jpg,35.84,48.768,90.368,90.496,cat
006125.jpg,0.256,53.632,128,112,sofa
003408.jpg,76.288,82.304,128,112,sofa
003408.jpg,0.512,89.472,66.816,112,sofa
000660.jpg,43.264,41.2289156626506,128,103.469879518072,sofa
000660.jpg,0.256,38.6987951807229,36.096,87.7831325301205,sofa
008199.jpg,24.832,66.176,37.888,97.664,chair
008199.jpg,93.184,37.76,127.744,112,person
008199.jpg,0.256,73.6,8.96,111.744,pottedplant
008199.jpg,39.168,74.112,49.664,90.24,pottedplant
008199.jpg,35.84,66.944,49.92,84.864,pottedplant
001239.jpg,27.648,31.36,81.92,56.96,dog
001239.jpg,58.368,51.328,97.536,112,dog
001239.jpg,30.208,40.064,73.216,94.592,dog
003379.jpg,17.408,50.5990990990991,104.704,75.8693693693694,car
009288.jpg,45.0446009389671,29.2915360501567,73.7769953051643,78.2445141065831,person
009288.jpg,50.2323943661972,25.6802507836991,72.1807511737089,100.71473354232,person
008345.jpg,50.944,50.1917808219178,65.792,72.9497716894977,cow
008345.jpg,83.968,52.4931506849315,105.472,79.0867579908676,cow
008345.jpg,94.464,45.5890410958904,114.176,67.324200913242,cow
006495.jpg,50.176,54.4,86.528,109.44,cat
005789.jpg,60.672,51.072,128,104.832,dog
005789.jpg,12.8,48.768,65.28,112,dog
005789.jpg,0.768,44.672,128,112,sofa
001861.jpg,2.048,66.1542699724518,116.992,110,bicycle
001861.jpg,16.896,20.2809917355372,123.904,110,person
006769.jpg,28.416,44.0985915492958,124.672,108.746478873239,horse
006769.jpg,18.944,67.169014084507,31.744,83.1408450704225,dog
009711.jpg,9.472,31.4866310160428,109.568,96.2593582887701,car
009711.jpg,108.032,54.6016042780749,128,72.6363636363636,car
009711.jpg,0.512,55.1096256684492,12.544,71.8743315508021,car
009711.jpg,0.256,49.5213903743316,14.848,60.951871657754,car
009711.jpg,80.64,63.7459893048128,90.624,93.4652406417112,person
009711.jpg,96.512,68.8262032085562,107.264,93.7192513368984,person
004331.jpg,42.496,35.968,87.296,86.656,tvmonitor
001915.jpg,54.528,61.312,68.352,75.392,bird
001915.jpg,5.632,72.32,22.272,83.84,bird
003585.jpg,56.7252252252252,46.848,87.6111111111111,105.216,person
003585.jpg,44.2177177177177,62.464,95.7792792792793,108.8,motorbike
005293.jpg,41.344,20.48,63.104,49.92,dog
008483.jpg,51.712,56.46996996997,89.088,68.9774774774775,car
003845.jpg,0.256,22.656,128,106.88,sofa
004129.jpg,0.512,24.704,117.76,97.664,cat
000480.jpg,75.008,57.472,107.264,112,person
000480.jpg,29.184,58.24,58.368,111.488,person
000480.jpg,1.28,60.032,29.696,111.488,person
000480.jpg,0.512,33.408,124.416,99.2,aeroplane
009884.jpg,21.76,35.968,102.4,112,pottedplant
008208.jpg,16.256,16.64,95.872,110.848,cow
008208.jpg,41.344,0.512,112,125.952,cow
009141.jpg,50.176,53.632,70.912,87.424,person
009141.jpg,64,37.248,85.248,74.88,person
009141.jpg,66.304,56.96,86.528,96.896,person
009141.jpg,74.496,58.752,103.424,101.248,person
009141.jpg,28.416,47.232,40.96,84.096,person
009141.jpg,14.592,51.584,43.776,88.704,person
004692.jpg,90.752,32.768,112,111.104,chair
004692.jpg,16.512,47.872,112,128,person
004692.jpg,25.216,52.992,85.888,128,person
004692.jpg,102.528,49.408,112,70.144,dog
009445.jpg,22.784,30.592,51.968,52.608,tvmonitor
003620.jpg,18.944,21.7552552552553,115.456,87.1006006006006,cat
000041.jpg,92.928,33.496996996997,110.592,48.8123123123123,tvmonitor
000041.jpg,55.296,44.9834834834835,78.592,98.5870870870871,person
000041.jpg,41.984,59.2777777777778,58.112,83.7822822822823,person
004404.jpg,77.312,48.768,98.56,61.056,cat
004404.jpg,29.44,77.952,50.176,100.224,cat
004404.jpg,19.2,30.848,100.608,112,person
006866.jpg,58.9333333333333,23.6734693877551,88.2666666666667,69.8367346938776,person
006866.jpg,11.4666666666667,26.8571428571429,108.533333333333,111.224489795918,horse
006866.jpg,25.0666666666667,46.4897959183674,34.4,58.9591836734694,person
009946.jpg,48.384,60.032,51.456,65.152,person
009946.jpg,46.336,61.312,50.688,72.576,person
009946.jpg,50.944,62.08,60.928,81.792,person
009946.jpg,49.408,52.352,127.744,102.272,train
002759.jpg,19.2,37.3288770053476,105.728,95.2433155080214,motorbike
002759.jpg,87.552,39.3609625668449,128,60.951871657754,car
002759.jpg,65.536,40.3770053475936,95.232,55.3636363636364,car
002759.jpg,113.408,33.5187165775401,122.368,62.475935828877,person
002759.jpg,121.6,35.8048128342246,128,45.9652406417112,person
009063.jpg,12.288,59.4191616766467,46.336,69.5988023952096,aeroplane
009063.jpg,66.56,53.0568862275449,100.352,66.2904191616767,aeroplane
003709.jpg,94.208,65.92,111.616,81.536,train
003709.jpg,73.472,32.128,89.6,91.52,train
003709.jpg,52.224,70.784,72.96,93.824,train
003709.jpg,13.312,63.616,27.136,88.96,train
009027.jpg,46.336,35.456,60.928,62.848,bottle
004565.jpg,0.768,34.048,99.84,127.232,dog
000513.jpg,41.472,53.9174174174174,74.24,69.9984984984985,boat
008939.jpg,104.704,75.648,128,95.872,car
009917.jpg,2.816,78.976,128,112,diningtable
009917.jpg,64.512,47.488,101.888,71.808,chair
009917.jpg,3.328,47.744,49.408,82.56,chair
009917.jpg,0.512,22.4,52.736,80.768,person
009917.jpg,77.312,29.056,115.712,78.464,person
009917.jpg,115.2,40.32,128,102.272,bottle
005917.jpg,80.64,56.96,126.208,108.16,chair
005917.jpg,39.936,49.28,66.304,76.672,chair
005917.jpg,31.488,67.968,40.448,73.6,cat
002435.jpg,41.216,16.256,87.552,73.344,boat
002435.jpg,94.208,57.728,105.728,64.384,boat
000036.jpg,28.8313253012048,20.224,102.710843373494,88.064,dog
003284.jpg,82.944,72.576,113.92,96.384,boat
003284.jpg,86.016,63.616,112.896,74.112,pottedplant
003284.jpg,15.616,81.28,45.056,112,chair
003284.jpg,0.256,87.168,29.952,112,diningtable
003284.jpg,15.616,60.032,59.648,111.232,person
003284.jpg,113.408,83.072,128,112,sofa
003284.jpg,88.32,93.568,113.408,112,dog
007245.jpg,41.984,46.208,128,97.152,dog
007245.jpg,0.768,22.656,114.432,106.368,dog
003396.jpg,3.584,41.4883720930233,96.256,104.418604651163,motorbike
003396.jpg,49.152,39.1860465116279,99.072,104.418604651163,motorbike
003396.jpg,31.744,32.7906976744186,94.976,91.3720930232558,person
003396.jpg,73.472,29.4651162790698,109.312,61.953488372093,person
004228.jpg,10.752,44.6122448979592,109.824,93.3367346938775,car
004228.jpg,0.256,37.7244897959184,13.568,62.469387755102,car
004228.jpg,10.24,40.7857142857143,31.232,48.6938775510204,car
004193.jpg,36.864,63.872,62.976,89.472,tvmonitor
004193.jpg,70.912,33.92,73.984,44.416,bottle
004193.jpg,74.24,33.408,78.08,43.392,bottle
004193.jpg,55.296,89.984,97.28,112,chair
009764.jpg,61.952,49.536,123.392,103.04,bus
009764.jpg,7.936,38.016,61.952,106.112,bus
005658.jpg,26.24,30.976,112,105.472,bus
005658.jpg,46.72,51.712,59.776,64.512,person
005658.jpg,21.376,63.744,26.496,75.52,person
007898.jpg,13.255,0.256,115,93.696,car
005911.jpg,0.512,28.8,128,96.384,bus
003700.jpg,108.288,44.16,125.696,110.464,person
003700.jpg,72.448,46.976,86.784,101.248,person
003700.jpg,50.176,50.56,64.768,91.264,person
003700.jpg,56.576,49.536,69.376,86.4,person
003700.jpg,14.592,59.264,25.6,105.856,person
003700.jpg,21.248,58.752,37.888,111.232,person
003100.jpg,43.52,65.76,57.6,99.04,person
003100.jpg,15.68,88.16,56,109.6,dog
003100.jpg,70.4,88.48,94.08,106.08,dog
003100.jpg,68.48,81.76,86.08,95.52,dog
003100.jpg,48.96,92.96,72.96,107.04,dog
000686.jpg,72.448,39.296,127.488,93.056,motorbike
000686.jpg,3.584,41.6,77.568,94.848,motorbike
005388.jpg,36.992,17.152,46.976,50.176,bottle
005388.jpg,53.632,27.136,62.848,50.944,bottle
006026.jpg,54.784,39.808,122.624,68.992,cat
006026.jpg,0.512,45.184,75.008,112,dog
001259.jpg,56.32,60.1826347305389,72.192,100.392215568862,person
001259.jpg,48.64,60.9461077844311,61.952,99.6287425149701,person
001259.jpg,42.496,72.6526946107784,58.624,99.8832335329341,bicycle
004705.jpg,100.864,68.0727272727273,116.48,79.5272727272727,bus
004705.jpg,0.256,74.4363636363636,26.624,90.7272727272727,car
008549.jpg,71.168,30.9444444444444,120.832,62.3408408408408,car
008549.jpg,25.344,28.9024024024024,112.64,100.373873873874,car
008549.jpg,4.352,26.0945945945946,20.992,58.512012012012,pottedplant
007223.jpg,1.28,21.7552552552553,94.72,106.5,cat
005527.jpg,22.144,10.752,108.928,128,person
005606.jpg,2.56,52.6108179419525,24.576,92.5369393139842,bottle
005606.jpg,2.56,25.9934036939314,74.496,110.96437994723,person
005606.jpg,25.6,32.6477572559367,126.72,110.96437994723,person
005606.jpg,5.12,36.9986807387863,19.2,52.3548812664908,person
005606.jpg,16.64,43.3970976253298,29.952,59.5211081794195,person
005312.jpg,28.416,30.4648648648649,93.184,109.983783783784,cat
003039.jpg,40.448,32.384,66.304,103.808,person
003039.jpg,63.232,35.2,87.296,106.88,person
004714.jpg,94.976,39.04,128,111.744,sofa
004714.jpg,35.584,29.056,65.536,73.344,chair
004714.jpg,0.512,27.008,19.712,67.968,chair
004714.jpg,81.152,35.2,104.448,54.144,pottedplant
004714.jpg,56.064,57.216,66.56,70.784,pottedplant
004714.jpg,32.512,75.392,55.552,86.144,pottedplant
004092.jpg,29.952,42.112,60.416,76.672,person
005431.jpg,38.4,72.32,48.896,81.28,boat
003161.jpg,100.864,62.4817073170732,115.2,92.3414634146342,sheep
003161.jpg,84.48,67.2896341463415,97.536,94.3658536585366,sheep
003161.jpg,56.32,64.7591463414634,69.632,93.3536585365854,sheep
003161.jpg,44.544,63.4939024390244,57.6,92.3414634146342,sheep
003161.jpg,28.928,63.2408536585366,40.192,79.1829268292683,dog
004298.jpg,72.704,59.264,89.344,88.704,dog
004298.jpg,0.256,54.144,112.64,112,sofa
004298.jpg,40.448,37.504,92.928,111.488,person
002385.jpg,21.76,62.08,109.824,87.68,diningtable
002385.jpg,0.256,84.864,119.552,112,diningtable
002385.jpg,110.848,62.848,128,112,person
002385.jpg,104.448,44.672,127.232,93.824,person
002385.jpg,97.28,43.392,111.872,77.696,person
002385.jpg,85.76,47.744,100.864,73.6,person
002385.jpg,54.272,47.232,77.056,62.336,person
002385.jpg,30.72,45.44,42.752,70.528,person
002385.jpg,17.408,45.184,34.56,73.6,person
002385.jpg,0.256,43.392,30.976,77.696,person
002385.jpg,0.256,62.336,25.088,108.672,person
002766.jpg,42.752,45.696,82.688,76.928,cat
004828.jpg,0.256,40.6987577639752,8.192,73.2950310559006,person
004828.jpg,15.616,41.2080745341615,53.504,104.108695652174,person
004828.jpg,62.72,30.7670807453416,90.112,89.3385093167702,person
004828.jpg,119.552,53.9409937888199,128,65.6552795031056,car
004828.jpg,105.472,50.1211180124224,122.88,74.3136645962733,car
004828.jpg,35.584,46.0465838509317,114.176,102.071428571429,car
000654.jpg,39.68,54.6831831831832,59.136,66.1696696696697,sheep
000654.jpg,9.216,55.9594594594595,43.008,79.442942942943,sheep
000654.jpg,14.08,60.2987987987988,55.04,85.0585585585586,sheep
000654.jpg,105.216,34.518018018018,118.528,58.7672672672673,person
000654.jpg,94.208,34.0075075075075,108.544,58.7672672672673,person
000654.jpg,82.688,42.1756756756757,94.464,55.4489489489489,person
000654.jpg,29.184,37.0705705705706,43.776,56.9804804804805,person
000654.jpg,22.016,36.8153153153153,33.024,56.9804804804805,person
000654.jpg,75.52,66.9354354354354,97.792,83.527027027027,dog
006371.jpg,4.096,21.888,124.16,94.592,bicycle
005303.jpg,34.2857142857143,50.176,112,120.32,dog
005303.jpg,18.5396825396825,10.24,112,128,person
000954.jpg,0.256,54.8915662650602,102.144,103.469879518072,bird
000954.jpg,0.256,22.2530120481928,30.208,30.0963855421687,bird
003461.jpg,2.048,74.3378378378378,46.08,91.6951951951952,car
003461.jpg,0.256,91.9504504504505,41.728,106.5,car
003461.jpg,52.736,74.3378378378378,72.704,106.5,car
003461.jpg,72.192,73.8273273273273,99.072,106.5,car
003461.jpg,104.448,62.3408408408408,126.208,103.436936936937,car
003461.jpg,101.12,26.0945945945946,121.856,63.1066066066066,car
003461.jpg,79.872,33.2417417417417,99.584,73.3168168168168,car
003461.jpg,80.64,21.7552552552553,95.744,33.2417417417417,car
003461.jpg,60.672,21.7552552552553,78.336,52.8963963963964,car
003461.jpg,20.48,21.7552552552553,57.344,37.5810810810811,car
003461.jpg,16.384,28.1366366366366,59.136,56.46996996997,car
003461.jpg,31.744,86.0795795795796,40.192,97.5660660660661,chair
003461.jpg,2.56,32.475975975976,18.176,53.1516516516516,car
003162.jpg,6.4,40.1147540983607,123.648,107.704918032787,motorbike
003162.jpg,29.44,20.2950819672131,90.368,74.1639344262295,person
000518.jpg,98.048,29.9234234234234,107.008,45.2387387387387,person
000518.jpg,0.256,70.2537537537538,5.376,85.8243243243243,person
000518.jpg,4.864,40.8993993993994,122.368,100.884384384384,bus
005585.jpg,85.504,40.576,99.584,86.656,person
005585.jpg,5.376,49.536,77.568,104.064,car
007445.jpg,24.832,60.1826347305389,40.192,76.9790419161677,person
007445.jpg,19.712,22.0089820359281,128,106.5,train
000061.jpg,70.144,24.3078078078078,111.872,92.7162162162162,boat
000061.jpg,47.104,76.1246246246246,71.936,85.8243243243243,boat
007214.jpg,23.68,89.856,44.928,125.696,dog
007214.jpg,37.504,33.792,69.504,127.744,person
007214.jpg,62.848,26.88,102.016,127.488,person
002165.jpg,32.6586102719033,12.288,92.5498489425982,120.576,bird
005084.jpg,61.952,61.824,84.224,101.248,bird
005084.jpg,20.992,21.888,47.36,75.648,bird
005176.jpg,41.216,58.24,59.904,81.28,person
005176.jpg,0.256,27.776,70.144,112,person
005176.jpg,69.12,39.552,128,112,person
005176.jpg,114.944,70.272,128,112,person
002401.jpg,24.8183183183183,21.76,98.3318318318318,128,person
006216.jpg,1.536,16.512,124.16,110.72,motorbike
006216.jpg,21.248,37.76,113.664,87.936,motorbike
006216.jpg,44.032,35.456,104.448,74.112,motorbike
006216.jpg,63.232,41.088,121.344,70.528,motorbike
008299.jpg,51.6842105263158,28.1980198019802,112,127.049504950495,cow
000826.jpg,2.816,11.1673640167364,111.616,116.577405857741,boat
005639.jpg,50.432,60.544,82.432,85.888,bicycle
005639.jpg,64,49.28,78.848,69.504,person
007712.jpg,35.2361563517915,36.4088888888889,94.7475570032573,116.906666666667,motorbike
007712.jpg,40.9039087947883,11.9466666666667,90.2133550488599,112.64,person
002091.jpg,0.256,16.256,126.208,107.392,boat
002091.jpg,80.896,45.952,93.696,69.504,person
002091.jpg,47.616,48.512,56.32,68.736,person
002091.jpg,12.288,53.376,23.808,71.296,person
002091.jpg,0.256,63.104,6.656,81.792,person
005062.jpg,40.96,52.096,102.656,84.096,dog
005859.jpg,0.512,16.768,76.288,112,person
001854.jpg,33.7522522522522,84.2424849699399,106.244744744745,127,motorbike
001854.jpg,34.7732732732733,9.67134268537074,92.2057057057057,127,person
005536.jpg,11.008,49.9227405247813,109.056,101.919825072886,car
005536.jpg,68.352,49.1618075801749,97.28,101.919825072886,person
005315.jpg,56.832,60.544,73.216,86.656,bicycle
005315.jpg,57.856,45.696,73.472,79.488,person
004356.jpg,71.424,46.464,86.528,70.016,person
004356.jpg,64.768,57.728,83.712,75.392,bicycle
006141.jpg,76.928,7.168,102.016,99.328,bottle
003997.jpg,43.776,51.0124223602485,114.432,89.7204968944099,car
009251.jpg,46.08,27.3708708708709,79.104,99.6081081081081,horse
009251.jpg,37.12,40.3888888888889,53.76,70.509009009009,person
008422.jpg,22.272,21.632,57.344,44.928,tvmonitor
008422.jpg,37.12,59.776,67.072,93.824,tvmonitor
008422.jpg,70.144,61.312,104.192,100.48,tvmonitor
002436.jpg,16.896,56.448,55.552,69.76,car
002436.jpg,115.712,54.144,128,66.944,car
009455.jpg,32,22.0089820359281,128,106.5,cat
005016.jpg,2.56,52.3858858858859,50.176,68.2117117117117,aeroplane
005016.jpg,30.464,35.0285285285285,125.184,69.9984984984985,aeroplane
000524.jpg,46.336,55.0869565217391,92.672,96.0869565217391,horse
000524.jpg,64.512,42.8633540372671,79.872,83.6086956521739,person
004031.jpg,25.856,65.92,75.52,112,cat
004031.jpg,0.256,44.416,128,112,sofa
004031.jpg,88.32,16.256,101.12,32.64,person
008617.jpg,11.52,29.312,81.92,112,person
008617.jpg,66.048,38.784,124.416,111.744,person
008617.jpg,109.824,24.448,128,59.264,person
008617.jpg,96,35.712,113.152,55.936,person
005465.jpg,35.584,40.576,128,103.296,aeroplane
005465.jpg,112.896,75.392,128,93.824,chair
009958.jpg,88.064,48.5570570570571,113.664,97.5660660660661,person
009958.jpg,37.888,49.0675675675676,54.528,69.2327327327327,person
009958.jpg,22.784,28.3918918918919,38.144,76.8903903903904,person
009958.jpg,19.2,31.454954954955,37.632,53.1516516516516,person
009958.jpg,19.712,52.3858858858859,45.568,102.160660660661,bicycle
004879.jpg,67.072,62.2181818181818,84.992,73.4181818181818,bicycle
004879.jpg,68.864,56.6181818181818,79.104,70.8727272727273,person
004879.jpg,44.544,55.3454545454545,50.432,70.1090909090909,person
009733.jpg,19.2,22.521021021021,122.624,102.926426426426,car
000868.jpg,0.256,71.296,102.144,112,sofa
000868.jpg,110.848,70.528,119.04,76.416,pottedplant
000382.jpg,16.768,42.752,57.728,128,boat
000382.jpg,41.6,67.84,46.464,76.288,person
005696.jpg,22.521021021021,25.856,104.457957957958,111.616,dog
002096.jpg,33.2065868263473,11.52,90.2125748502994,128,person
005764.jpg,16.256,4.352,43.904,118.016,person
004168.jpg,73.728,65.1480637813212,109.056,116.173120728929,horse
004168.jpg,74.496,50.6059225512528,98.56,95.5079726651481,person
003429.jpg,53.3333333333333,22.2692307692308,86.1333333333333,60.6880341880342,person
003429.jpg,32.8,33.1324786324786,108.266666666667,74.9957264957265,horse
000318.jpg,82.432,42.0483383685801,111.616,64.380664652568,car
000318.jpg,51.456,42.5558912386707,77.056,58.2900302114804,car
002238.jpg,61.44,55.243119266055,78.08,84.9403669724771,horse
002238.jpg,60.16,45.5978593272171,76.8,81.1330275229358,person
004994.jpg,47.616,57.3898305084746,96.512,109,person
004994.jpg,32.256,63.4915254237288,84.224,109,chair
006100.jpg,81.152,52.864,128,104.832,sofa
006100.jpg,27.136,29.568,43.264,42.368,pottedplant
006100.jpg,64,43.392,74.496,56.448,pottedplant
006100.jpg,46.848,48.768,60.928,70.528,chair
006100.jpg,36.096,57.728,50.688,67.2,dog
005222.jpg,0.512,28.3918918918919,25.6,80.463963963964,cat
005222.jpg,61.952,28.6471471471471,128,100.373873873874,person
004170.jpg,19.712,69.455223880597,105.216,84.9328358208955,boat
004170.jpg,85.76,60.3208955223881,94.208,74.0223880597015,person
004170.jpg,79.872,65.6492537313433,87.552,75.7985074626866,person
004170.jpg,32,57.0223880597015,40.192,71.2313432835821,person
004170.jpg,39.936,57.7835820895522,54.016,77.0671641791045,person
004170.jpg,47.36,57.0223880597015,54.528,76.8134328358209,person
004801.jpg,66.048,53.9174174174174,105.472,106.5,person
004801.jpg,0.256,25.0735735735736,123.392,106.5,person
009620.jpg,1.024,31.104,127.744,83.584,aeroplane
009620.jpg,14.848,88.448,30.464,100.224,car
004333.jpg,90.88,25.984,105.728,83.584,bottle
004333.jpg,105.728,32.64,119.04,84.608,bottle
004333.jpg,118.784,58.496,128,112,bottle
005057.jpg,42.752,49.9179104477612,90.88,100.664179104478,bicycle
005057.jpg,45.568,31.1417910447761,85.504,92.0373134328358,person
005057.jpg,0.256,77.8283582089552,16.384,99.9029850746269,bicycle
007876.jpg,57.856,62.336,80.896,94.848,bird
006234.jpg,3.84,32.128,127.744,75.392,cat
007468.jpg,0.768,16.256,126.208,107.904,car
007088.jpg,47.36,62.3408408408408,116.992,92.2057057057057,aeroplane
007705.jpg,42.1756756756757,72.704,84.0375375375375,128,dog
007705.jpg,56.46996996997,26.112,106.5,128,horse
005660.jpg,77.599520383693,55.808,108.103117505995,99.584,train
005660.jpg,59.2973621103118,77.824,66.9232613908873,100.864,person
002988.jpg,26.88,20.608,104.192,101.76,person
004527.jpg,75.52,43.776,115.2,73.984,sheep
004527.jpg,60.928,37.888,99.072,47.616,sheep
004527.jpg,69.12,36.096,108.032,45.568,sheep
004527.jpg,18.944,33.792,58.368,70.144,sheep
004527.jpg,0.256,27.648,17.664,52.224,sheep
004527.jpg,26.624,27.392,50.688,33.536,sheep
004527.jpg,59.392,28.16,75.264,35.84,sheep
004527.jpg,52.48,25.6,85.504,35.072,sheep
004527.jpg,48.384,44.544,78.848,76.288,sheep
004527.jpg,111.36,28.672,126.208,37.12,sheep
004527.jpg,2.048,32.512,35.584,60.416,sheep
004527.jpg,116.224,31.488,128,51.968,sheep
004527.jpg,122.112,22.784,127.744,30.976,sheep
004527.jpg,94.464,26.88,107.264,36.096,sheep
004527.jpg,95.744,30.208,111.616,37.12,sheep
004527.jpg,105.472,35.328,120.064,64.512,sheep
004527.jpg,77.312,28.16,94.976,38.144,sheep
004527.jpg,31.744,32,38.144,39.424,sheep
004527.jpg,16.64,28.928,29.952,35.328,sheep
006703.jpg,44.1497005988024,26.112,78.251497005988,86.272,person
005486.jpg,10.496,34.176,116.224,98.432,car
005486.jpg,64.512,33.664,128,65.92,car
005486.jpg,0.512,44.416,8.448,93.824,car
000676.jpg,15.104,40.064,120.832,85.12,sheep
002343.jpg,75.264,38.784,96,48,car
002343.jpg,54.528,35.968,66.56,41.088,car
002343.jpg,0.512,42.368,128,104.064,car
008026.jpg,34.304,28.8,128,90.752,bus
008026.jpg,57.344,58.752,70.4,112,person
008026.jpg,41.728,62.848,54.272,111.744,person
008026.jpg,4.864,51.584,60.928,111.232,person
008026.jpg,0.256,56.448,5.376,106.624,person
008026.jpg,7.936,65.664,17.92,72.576,car
000709.jpg,30.72,32.0424403183024,85.504,106.397877984085,person
000709.jpg,30.464,30.5145888594164,100.864,105.633952254642,person
000709.jpg,7.424,47.5755968169761,99.84,105.379310344828,sofa
000709.jpg,96.512,47.0663129973475,121.088,94.684350132626,chair
006543.jpg,44.544,27.8813813813814,79.104,62.3408408408408,bird
002387.jpg,62.976,59.52,87.552,78.464,cow
002387.jpg,56.32,55.168,64,80.512,person
002387.jpg,49.664,48.768,54.784,58.496,person
002387.jpg,40.96,49.28,48.128,58.752,person
001001.jpg,15.872,32.384,83.2,112,cat
001001.jpg,80.64,42.112,109.312,107.136,person
001001.jpg,43.264,16.256,128,112,person
004146.jpg,12.032,31.36,128,112,horse
002109.jpg,43.84,39.04,92.8,74.24,cat
004961.jpg,4.608,41.9204204204204,127.232,99.3528528528529,car
007396.jpg,72.704,16.256,96.256,41.344,pottedplant
007396.jpg,45.312,16.256,70.4,41.6,pottedplant
007396.jpg,44.032,16.256,70.144,40.064,pottedplant
007396.jpg,74.752,16.256,101.632,40.064,pottedplant
007396.jpg,95.232,73.088,127.488,111.232,motorbike
007396.jpg,11.008,32.896,49.152,49.536,car
009942.jpg,2.816,22.2530120481928,56.576,74.3734939759036,person
009942.jpg,0.512,24.2771084337349,93.44,106,person
009942.jpg,67.84,22.5060240963855,128,106,person
008801.jpg,35.584,14.8211678832117,79.616,105.514598540146,person
008801.jpg,109.056,11.7554744525547,128,55.1861313868613,motorbike
008801.jpg,102.656,11.7554744525547,128,33.9817518248175,car
008801.jpg,49.408,11.7554744525547,99.84,31.6824817518248,car
008801.jpg,24.32,15.0766423357664,79.616,36.7919708029197,car
006447.jpg,60.6967741935484,69.1502145922747,75.5612903225807,76.9785407725322,chair
006447.jpg,54.9161290322581,83.1587982832618,78.0387096774193,111.587982832618,chair
006447.jpg,78.4516129032258,73.2703862660944,106.116129032258,111.587982832618,chair
006447.jpg,3.30322580645161,75.3304721030043,35.5096774193548,112,chair
006447.jpg,40.0516129032258,74.0944206008584,99.9225806451613,112,diningtable
006447.jpg,28.9032258064516,29.1845493562232,43.3548387096774,58.8497854077253,pottedplant
009287.jpg,65.28,38.0915915915916,128,90.4189189189189,motorbike
009287.jpg,63.488,32.475975975976,94.976,85.5690690690691,person
009287.jpg,72.704,26.3498498498498,107.264,83.0165165165165,person
009287.jpg,4.608,84.0375375375375,13.056,95.0135135135135,motorbike
009287.jpg,3.072,80.2087087087087,13.056,95.0135135135135,person
008891.jpg,38.4,47.536036036036,118.272,81.7402402402403,car
008891.jpg,70.912,53.1516516516516,79.616,60.5540540540541,person
006377.jpg,20.224,51.3648648648649,100.096,93.481981981982,train
005061.jpg,0.512,80.768,128,112,diningtable
005061.jpg,96.768,16.256,128,64.896,pottedplant
005061.jpg,87.296,44.672,124.672,85.632,person
005061.jpg,48.128,43.136,84.224,84.096,person
005061.jpg,0.256,36.992,60.16,97.152,person
004191.jpg,62.7349397590361,59.136,91.0722891566265,99.072,motorbike
004191.jpg,70.3253012048193,52.224,91.578313253012,91.392,person
000876.jpg,29.952,29.3892215568862,96.256,105.22754491018,cat
000876.jpg,66.816,25.062874251497,101.888,55.0928143712575,cat
007536.jpg,62.72,46.976,128,95.872,sofa
007536.jpg,0.512,62.08,100.864,111.744,sofa
002801.jpg,0.512,16.512,128,112,diningtable
002801.jpg,0.256,16.256,15.616,39.296,chair
002801.jpg,28.16,16.256,57.344,29.568,chair
002801.jpg,98.816,77.44,128,112,chair
001390.jpg,50.176,35.539039039039,58.368,68.466966966967,person
001390.jpg,17.92,35.539039039039,29.184,80.2087087087087,person
001390.jpg,60.16,37.3258258258258,71.936,69.2327327327327,person
001390.jpg,0.256,57.7462462462462,19.712,106.5,sofa
001390.jpg,68.864,36.0495495495496,81.664,73.0615615615616,person
006188.jpg,12.8,41.6055408970976,99.84,101.238786279683,bicycle
006188.jpg,71.424,46.9802110817942,87.552,63.1042216358839,pottedplant
006188.jpg,44.544,62.0804749340369,61.696,76.1569920844327,pottedplant
006188.jpg,13.824,50.5633245382586,32.768,66.4313984168865,pottedplant
008940.jpg,2.048,22.5266272189349,126.208,105.727810650888,aeroplane
002108.jpg,7.424,45.44,39.68,82.56,person
002108.jpg,36.096,45.184,62.72,78.208,person
002108.jpg,71.424,49.024,89.856,72.832,person
002108.jpg,86.272,49.536,104.704,71.296,person
002108.jpg,0.256,67.2,128,112,diningtable
002108.jpg,67.072,83.072,78.336,94.08,pottedplant
002108.jpg,81.664,82.816,91.392,94.592,pottedplant
002108.jpg,87.808,79.488,96.512,90.496,pottedplant
006163.jpg,38.6372549019608,22.784,96.2450980392157,128,person
005757.jpg,27.392,64.1276276276276,44.032,98.3318318318318,bicycle
005757.jpg,54.784,69.487987987988,64.768,90.6741741741742,bicycle
005757.jpg,87.04,72.2957957957958,91.648,80.7192192192192,bicycle
005757.jpg,27.648,40.6441441441441,45.568,92.9714714714715,person
005757.jpg,53.76,54.9384384384384,64.512,86.0795795795796,person
005757.jpg,87.296,66.6801801801802,92.672,78.1666666666667,person
004998.jpg,37.376,21.632,110.592,62.08,cat
006981.jpg,46.848,40.064,64.768,85.888,person
004005.jpg,30.208,63.6179624664879,92.16,71.7680965147453,train
007344.jpg,27.904,29.824,113.92,104.832,cat
007344.jpg,22.784,16.256,50.688,34.176,pottedplant
007344.jpg,54.528,16.256,78.08,41.344,pottedplant
007344.jpg,72.704,16.512,114.432,46.976,pottedplant
007344.jpg,108.8,16.768,128,46.72,pottedplant
005245.jpg,72.96,30.592,125.184,78.976,person
005245.jpg,0.256,22.4,50.688,77.696,person
005245.jpg,0.256,48.768,6.912,82.304,bottle
005245.jpg,1.28,77.696,128,112,diningtable
002037.jpg,25.6,38.784,102.912,109.952,bird
008752.jpg,0.256,24.8083832335329,108.288,105.22754491018,motorbike
008752.jpg,56.576,32.6976047904192,73.216,42.877245508982,person
008752.jpg,114.688,21.7544910179641,128,83.5958083832335,person
008752.jpg,105.216,32.6976047904192,109.056,44.4041916167665,person
008752.jpg,100.864,33.7155688622754,106.752,43.8952095808383,person
008752.jpg,112.384,41.0958083832335,117.76,67.562874251497,person
009407.jpg,45.3657407407407,25.8666666666667,73.849537037037,81.0666666666667,person
009407.jpg,13.1550925925926,32.8,92.2175925925926,128,horse
003255.jpg,8.448,42.368,128,112,sofa
008445.jpg,0.256,22.521021021021,125.44,106.5,train
008445.jpg,38.4,51.1096096096096,45.824,66.1696696696697,person
009105.jpg,8.704,26.24,128,96.64,bus
004023.jpg,23.296,53.376,65.536,81.28,cow
004023.jpg,63.744,37.76,128,100.48,cow
004023.jpg,0.256,50.816,22.272,71.04,cow
002572.jpg,34.56,46.515015015015,44.288,71.2747747747748,bottle
002572.jpg,30.208,57.7462462462462,34.816,71.2747747747748,bottle
002572.jpg,94.72,61.3198198198198,128,104.968468468468,chair
002572.jpg,86.784,53.4069069069069,109.824,91.1846846846847,chair
002572.jpg,94.464,44.2177177177177,104.192,62.5960960960961,chair
002572.jpg,30.976,29.1576576576577,38.4,48.8123123123123,person
002572.jpg,37.888,27.1156156156156,46.592,48.5570570570571,person
002572.jpg,51.456,26.0945945945946,62.72,43.451951951952,person
002572.jpg,62.208,27.3708708708709,73.728,43.7072072072072,person
002572.jpg,91.648,37.8363363363363,101.376,50.0885885885886,person
002572.jpg,72.192,44.2177177177177,102.656,95.0135135135135,person
002572.jpg,61.952,43.1966966966967,79.104,66.1696696696697,person
002572.jpg,8.448,40.1336336336336,53.76,106.5,person
002572.jpg,56.32,42.4309309309309,67.328,66.6801801801802,person
002572.jpg,50.432,41.1546546546547,61.184,66.1696696696697,person
006759.jpg,0.768,48.512,113.664,112,bus
002934.jpg,21.8880407124682,1.28,114,112.896,cat
002934.jpg,14.5089058524173,67.328,113.745547073791,128,cat
008139.jpg,3.328,98.8722627737226,17.664,116.5,bottle
008139.jpg,121.6,50.3321167883212,128,68.7262773722628,bottle
008139.jpg,0.256,20.1861313868613,65.024,113.945255474453,person
008139.jpg,42.24,14.3102189781022,128,116.5,person
009249.jpg,56.064,55.168,74.24,71.552,tvmonitor
009249.jpg,54.528,89.472,103.168,112,chair
009249.jpg,2.304,88.704,54.784,111.744,chair
006696.jpg,9.216,27.6,41.728,101.672727272727,person
006696.jpg,74.496,48.7272727272727,91.648,74.4363636363636,person
006696.jpg,99.84,36,128,87.9272727272727,person
006696.jpg,103.936,80.8,116.992,99.6363636363637,chair
006696.jpg,108.544,87.1636363636364,124.16,108.036363636364,chair
006696.jpg,112.64,96.8363636363636,128,120,chair
006696.jpg,0.256,90.9818181818182,116.224,119.745454545455,diningtable
007311.jpg,51.2,59.264,89.088,108.672,chair
007311.jpg,82.432,57.728,97.536,78.464,chair
007311.jpg,0.768,71.04,12.8,111.744,chair
008799.jpg,5.632,28.8,128,92.288,aeroplane
008799.jpg,13.056,66.432,41.984,79.744,aeroplane
008053.jpg,35.5409836065574,88.576,57.9016393442623,125.184,bird
008053.jpg,65.7786885245902,54.528,84.8360655737705,128,bird
008053.jpg,67.3032786885246,94.464,89.9180327868853,121.6,bird
008053.jpg,54.8524590163934,2.048,89.9180327868853,112.384,person
007484.jpg,91.136,46.72,128,101.248,bus
007484.jpg,19.2,40.576,84.48,105.6,bus
007484.jpg,7.68,69.504,20.992,85.632,bus
007484.jpg,4.096,77.44,6.656,84.608,person
001772.jpg,78.9866310160428,49.92,94.2272727272727,75.264,person
001515.jpg,27.2567237163814,3.328,103.794621026895,128,horse
007180.jpg,38.784,81.152,112,128,sofa
007180.jpg,84.096,106.24,96.896,118.016,cat
007180.jpg,38.784,21.76,51.328,35.584,pottedplant
007180.jpg,28.8,24.832,38.528,35.584,pottedplant
007180.jpg,16.512,28.672,28.8,35.584,pottedplant
007180.jpg,52.608,72.448,67.456,84.224,chair
008884.jpg,38.144,61.824,53.248,112,person
008884.jpg,51.968,67.456,64.512,110.208,person
008884.jpg,0.512,16.768,94.464,82.304,boat
001777.jpg,101.12,33.2065868263473,113.408,71.8892215568862,bottle
001777.jpg,110.08,36.0059880239521,128,65.0179640718563,chair
001777.jpg,16.384,36.2604790419162,44.544,51.7844311377246,chair
001777.jpg,1.28,46.6946107784431,127.232,106.5,diningtable
001777.jpg,41.728,27.0988023952096,79.104,50.2574850299401,chair
001777.jpg,23.808,21.7544910179641,49.664,36.7694610778443,pottedplant
001777.jpg,101.888,50.5119760479042,111.104,77.2335329341317,bottle
002132.jpg,47.104,55.68,78.336,79.744,tvmonitor
009858.jpg,23.808,61.312,72.448,73.856,aeroplane
009113.jpg,22.272,44.416,86.016,103.808,cow
009113.jpg,79.104,40.832,87.296,46.976,cow
009113.jpg,49.152,39.552,54.784,44.672,cow
009113.jpg,43.264,43.648,54.784,48,cow
009113.jpg,29.696,39.808,34.048,44.16,cow
009113.jpg,13.056,40.064,18.176,44.16,cow
009113.jpg,55.296,39.552,60.672,42.624,cow
001948.jpg,16.64,34.7732732732733,101.888,99.6081081081081,motorbike
008814.jpg,94.464,65.5180722891566,111.616,89.3012048192771,chair
008814.jpg,48.384,76.144578313253,70.912,106,chair
008814.jpg,26.112,70.3253012048193,46.336,103.21686746988,chair
008814.jpg,32.512,72.6024096385542,92.672,102.963855421687,diningtable
005539.jpg,41.984,28.6282051282051,117.248,108.5,cat
002627.jpg,41.856,56.576,76.928,76.288,sofa
002627.jpg,77.44,58.624,107.136,87.552,sofa
002627.jpg,21.632,54.016,36.224,70.4,tvmonitor
002627.jpg,68.224,76.8,98.432,88.832,chair
002627.jpg,23.424,89.088,47.232,117.76,chair
002627.jpg,17.024,85.76,112,128,diningtable
003528.jpg,0.256,21.632,117.248,108.416,sofa
003528.jpg,80.896,47.488,128,112,person
003528.jpg,67.328,22.144,98.304,103.296,person
003528.jpg,36.608,53.12,77.056,111.744,person
003528.jpg,8.96,51.328,41.472,111.744,person
003528.jpg,10.24,28.544,45.568,78.72,person
003528.jpg,39.168,27.264,87.04,104.576,person
003528.jpg,102.656,16.512,128,98.176,person
007097.jpg,7.936,56.1423611111111,108.032,82.25,aeroplane
009588.jpg,0.256,58.0373134328358,102.656,79.3507462686567,train
009762.jpg,82.176,79.744,93.184,105.856,bicycle
009762.jpg,49.408,60.288,52.48,67.456,person
009762.jpg,46.592,61.056,49.152,67.456,person
009762.jpg,43.776,59.776,46.336,67.712,person
009762.jpg,39.936,61.056,44.544,71.296,person
009762.jpg,53.76,59.008,57.344,69.76,person
009762.jpg,58.368,60.544,61.952,69.504,person
009762.jpg,29.184,62.336,33.792,70.016,person
009762.jpg,0.256,61.568,5.376,65.92,car
009762.jpg,9.472,54.912,39.168,68.736,bus
008137.jpg,91.52,11.008,106.88,45.056,bottle
008137.jpg,16.256,62.976,34.944,79.872,person
007002.jpg,74.496,71.2747747747748,128,104.457957957958,bus
006025.jpg,5.376,51.8753753753754,114.944,80.7192192192192,aeroplane
004991.jpg,13.568,51.584,103.424,112,diningtable
004991.jpg,83.712,21.12,91.392,39.296,pottedplant
004991.jpg,72.704,43.392,118.784,111.232,chair
004991.jpg,0.256,48.512,62.208,112,chair
004991.jpg,69.12,35.456,95.744,57.472,chair
004991.jpg,15.616,37.76,40.96,58.752,chair
002176.jpg,20.224,35.9554455445544,128,115.5,sofa
002176.jpg,24.576,19.8935643564356,119.04,111.675742574257,person
002176.jpg,5.12,13.009900990099,93.696,43.6039603960396,pottedplant
002176.jpg,86.272,12.7549504950495,128,44.1138613861386,pottedplant
001580.jpg,73.216,33.408,96.256,60.8,person
001580.jpg,21.76,86.4,30.464,95.616,person
001580.jpg,0.768,55.936,123.648,110.208,sofa
001580.jpg,0.256,36.992,11.008,85.888,pottedplant
001580.jpg,42.752,73.344,53.76,112,bottle
001580.jpg,35.328,80.512,49.92,112,bottle
000900.jpg,66.56,50.56,87.552,84.864,sheep
000900.jpg,38.4,60.032,55.04,84.864,sheep
000900.jpg,25.856,59.52,48.128,80.512,sheep
006635.jpg,24.0614035087719,15.616,107.5,120.576,train
007194.jpg,0.256,48.4760479041916,14.592,64.2544910179641,bird
007194.jpg,13.824,67.0538922155689,24.832,77.4880239520958,bird
007194.jpg,15.616,62.9820359281437,35.328,77.2335329341317,bird
007194.jpg,26.112,62.7275449101796,47.36,81.814371257485,bird
007194.jpg,44.032,60.6916167664671,56.832,80.0329341317365,bird
007194.jpg,97.28,54.0748502994012,103.424,64.5089820359281,bird
007194.jpg,88.064,57.3832335329341,108.8,72.6526946107784,bird
007029.jpg,95.232,49.024,128,98.688,bicycle
004087.jpg,0.256,23.424,105.472,112,car
004087.jpg,0.256,16.256,128,54.4,bus
009774.jpg,6.912,14.02,122.368,112.45,car
009774.jpg,95.488,26.005,117.248,42.835,car
009774.jpg,115.968,29.575,128,42.58,car
003240.jpg,63.2379679144385,36.096,111.5,71.168,car
003240.jpg,16.7540106951872,105.472,49.5213903743316,128,car
003240.jpg,28.9465240641711,86.784,44.6951871657754,106.496,bicycle
003240.jpg,17.5160427807487,0.256,53.331550802139,7.936,car
003045.jpg,39.168,29.824,128,79.488,cat
009738.jpg,63.872,65.28,95.616,121.344,person
007432.jpg,107.008,55.168,127.488,72.32,tvmonitor
007432.jpg,4.864,87.424,44.8,112,chair
007432.jpg,3.584,76.928,29.952,96.64,chair
003814.jpg,29.696,35.5508021390374,108.288,96.2593582887701,cat
002854.jpg,0.768,66.1696696696697,128,105.98948948949,car
008951.jpg,16.768,4.352,112,128,dog
005047.jpg,0.768,32.2539682539683,128,93.968253968254,car
005319.jpg,9.75467289719626,2.816,114.170560747664,126.208,sheep
002241.jpg,1.024,59.5211081794195,38.4,86.3944591029024,car
002241.jpg,2.56,58.7532981530343,32.768,67.1992084432718,car
002241.jpg,35.584,63.8720316622691,55.808,85.1147757255937,car
002241.jpg,42.752,54.4023746701847,55.296,88.697889182058,person
002241.jpg,61.952,57.4736147757256,76.032,89.2097625329815,person
002241.jpg,59.648,57.4736147757256,65.024,87.6741424802111,person
002241.jpg,75.52,61.5686015831135,85.76,87.9300791556728,person
002241.jpg,84.992,56.9617414248021,95.488,88.9538258575198,person
002241.jpg,96.256,60.5448548812665,103.424,88.697889182058,person
004185.jpg,6.912,38.784,118.784,87.424,cat
000989.jpg,13.312,51.3648648648649,27.904,66.6801801801802,tvmonitor
001486.jpg,28.16,31.616,118.016,84.864,cat
006018.jpg,62.464,63.7469879518072,107.264,95.8795180722892,bus
006018.jpg,107.264,76.9036144578313,116.992,89.5542168674699,car
006018.jpg,106.752,79.1807228915663,109.312,87.7831325301205,car
006018.jpg,116.48,79.9397590361446,128,90.0602409638554,car
006018.jpg,122.624,79.9397590361446,127.232,82.4698795180723,car
006018.jpg,117.504,77.9156626506024,128,82.4698795180723,car
006018.jpg,0.256,74.8795180722892,42.752,100.433734939759,car
006018.jpg,49.408,81.2048192771085,59.136,93.855421686747,car
006018.jpg,55.04,80.1927710843374,62.464,90.8192771084337,car
006018.jpg,60.16,86.0120481927711,62.208,95.1204819277108,car
001690.jpg,85.248,35.9156626506024,103.68,94.3614457831325,person
001690.jpg,10.24,47.5542168674699,46.592,95.8795180722892,horse
002697.jpg,8.90625,6.63052208835341,57.85,127,dog
002697.jpg,53.49375,10.710843373494,110.6375,103.028112449799,dog
002697.jpg,64.25625,95.6325301204819,125.5,127,dog
006202.jpg,69.376,46.976,112.384,81.28,cow
006202.jpg,15.104,46.976,39.168,83.072,cow
006202.jpg,41.472,51.84,58.368,75.904,cow
001607.jpg,5.376,16.256,128,111.744,dog
000496.jpg,116.992,71.552,128,102.528,diningtable
000496.jpg,107.264,69.76,123.392,97.664,chair
005385.jpg,11.776,74.2380952380952,25.856,106.488095238095,bottle
005385.jpg,39.168,22.2797619047619,128,107,person
005385.jpg,18.944,29.4464285714286,82.176,93.4345238095238,person
005385.jpg,1.28,43.7797619047619,89.6,88.3154761904762,sofa
002767.jpg,62.976,64.384,77.312,82.304,tvmonitor
002767.jpg,28.928,59.52,36.608,71.296,tvmonitor
002767.jpg,19.2,58.752,28.928,72.576,tvmonitor
002767.jpg,29.184,59.776,63.744,112,person
002767.jpg,4.864,60.032,28.416,86.144,person
002767.jpg,2.816,68.736,21.504,101.248,chair
002767.jpg,23.552,78.72,50.688,112,chair
005455.jpg,29.7441253263708,26.7559726962457,111.289817232376,98.2645051194539,cat
002477.jpg,15.616,30.592,74.752,64.384,train
002477.jpg,87.04,36.224,104.96,74.368,person
002477.jpg,0.256,24.192,18.432,91.52,person
009541.jpg,41.856,68.864,77.696,108.288,person
009541.jpg,81.536,65.536,100.48,100.096,person
009541.jpg,38.272,76.288,69.248,109.824,chair
009541.jpg,80,75.008,104.064,104.704,chair
006799.jpg,36.608,19.2,91.392,104.704,bird
006597.jpg,4.864,19.3385416666667,113.92,92.8385416666667,dog
000081.jpg,60.16,61.8303303303303,118.272,93.481981981982,sofa
000081.jpg,2.048,63.8723723723724,56.32,103.692192192192,sofa
000081.jpg,50.688,61.3198198198198,87.296,80.463963963964,person
000081.jpg,89.344,58.512012012012,115.456,89.3978978978979,person
000081.jpg,15.616,62.8513513513514,43.52,106.5,person
000081.jpg,7.424,63.8723723723724,18.688,75.8693693693694,person
000081.jpg,76.288,84.2927927927928,110.848,106.5,person
000081.jpg,50.176,76.3798798798799,84.992,105.734234234234,person
000081.jpg,69.12,97.5660660660661,82.944,106.5,person
004259.jpg,32,58.496,89.6,90.752,sofa
004259.jpg,10.496,74.368,48.384,111.232,chair
004259.jpg,44.032,58.496,64.512,93.568,person
006183.jpg,30.4,55.2,112,116.266666666667,cat
002875.jpg,9.216,34.944,127.744,90.752,dog
006020.jpg,5.376,36.992,128,94.08,sofa
006020.jpg,0.256,60.544,8.192,92.288,chair
006858.jpg,31.232,48.768,52.48,91.52,horse
006858.jpg,50.176,27.008,76.544,92.8,person
006858.jpg,80.896,71.296,84.992,74.624,bottle
006858.jpg,0.256,35.2,35.072,63.616,car
007491.jpg,59.648,55.168,128,102.272,sofa
004020.jpg,67.84,29.056,94.976,64.128,person
004020.jpg,52.224,31.616,58.88,45.184,person
004020.jpg,0.512,42.112,30.208,75.648,tvmonitor
009813.jpg,0.512,52.096,128,112,sofa
009813.jpg,47.36,49.792,128,88.704,person
007454.jpg,45.824,30.336,128,96.384,cat
007454.jpg,4.608,27.008,100.608,108.416,cat
000935.jpg,17.152,68.992,28.416,78.208,car
000935.jpg,43.264,56.192,46.848,59.52,car
000935.jpg,107.776,64.64,115.712,68.992,car
000935.jpg,97.28,66.176,107.264,71.296,car
000935.jpg,3.072,49.024,9.472,52.096,car
000935.jpg,0.768,49.536,3.84,53.888,car
002504.jpg,69.632,97.5294117647059,81.92,104.895721925134,car
002504.jpg,94.976,95.4973262032086,101.888,100.323529411765,car
002504.jpg,108.288,96.0053475935829,118.784,101.593582887701,car
002504.jpg,117.504,96.0053475935829,126.976,101.339572192513,car
002504.jpg,107.264,92.4491978609626,112.64,97.5294117647059,car
002504.jpg,81.408,95.2433155080214,88.832,102.101604278075,car
002504.jpg,73.728,93.2112299465241,78.336,97.2754010695187,car
002504.jpg,55.552,97.783422459893,64.512,104.133689839572,car
002504.jpg,44.8,94.2272727272727,51.712,100.069518716578,car
002504.jpg,25.088,95.2433155080214,35.584,99.5614973262032,car
002504.jpg,22.016,91.4331550802139,28.416,95.7513368983957,car
002504.jpg,38.656,93.9732620320856,47.616,111.5,person
002504.jpg,22.272,97.783422459893,28.928,111.5,person
002504.jpg,28.928,98.0374331550802,35.584,111.5,person
002504.jpg,33.024,96.7673796791444,39.936,111.5,person
005728.jpg,33.792,38.5341614906832,49.664,71.8944099378882,person
005728.jpg,71.68,59.1614906832298,103.936,86.1552795031056,cow
005728.jpg,38.144,52.0310559006211,59.136,86.6645962732919,horse
006224.jpg,62.976,64.1276276276276,79.36,71.53003003003,car
006224.jpg,60.928,43.451951951952,73.984,48.8123123123123,car
007071.jpg,0.256,22.0105105105105,92.16,106.5,cat
009515.jpg,0.711111111111111,92.8,22.0444444444444,104.888888888889,car
009515.jpg,23.4666666666667,85.3333333333333,48,98.1333333333333,car
009515.jpg,41.9555555555556,77.1555555555556,59.3777777777778,86.4,car
009515.jpg,40.8888888888889,78.5777777777778,51.2,86.4,car
009515.jpg,29.8666666666667,80,45.5111111111111,86.4,car
009515.jpg,25.9555555555556,81.7777777777778,38.0444444444444,86.0444444444445,car
009515.jpg,20.2666666666667,82.4888888888889,27.0222222222222,87.8222222222222,car
001337.jpg,46.3018867924528,37.0666666666667,78.2641509433962,122.4,horse
001337.jpg,42.3396226415094,24.8,84.6037735849057,83.4666666666667,person
008168.jpg,8.704,47.744,61.952,78.208,bird
000142.jpg,6.656,36.736,119.04,84.096,car
004597.jpg,21.248,62.336,30.72,81.28,chair
009637.jpg,72.192,41.6,128,58.752,train
006261.jpg,75.927135678392,84.48,112.977386934673,112.128,car
006261.jpg,13.7537688442211,66.304,32.2788944723618,89.6,car
006261.jpg,106.125628140704,93.696,114.5,119.296,car
005212.jpg,90.88,73.3168168168168,110.592,89.6531531531532,motorbike
005212.jpg,110.592,75.8693693693694,119.296,95.7792792792793,chair
005212.jpg,110.336,82.506006006006,128,106.5,sofa
000012.jpg,39.936,46.2597597597598,89.856,90.4189189189189,car
000794.jpg,56.32,69.248,77.312,85.632,cat
006070.jpg,0.256,45.824,86.528,128,bird
003705.jpg,50.176,41.6,69.12,61.056,sheep
001404.jpg,14.592,21.632,113.408,108.416,cat
005325.jpg,70.912,80,83.456,95.104,boat
000347.jpg,21.1502145922747,15.5490196078431,112.892703862661,110.529411764706,horse
000132.jpg,11.008,27.2743467933492,71.424,102.75890736342,bus
002732.jpg,20.736,14.02,83.2,74.71,dog
009520.jpg,117.248,57.7896935933148,128,96.5724233983287,chair
009520.jpg,71.936,78.575208913649,98.816,101.895543175487,chair
009520.jpg,34.816,62.3523676880223,45.824,97.8398328690808,chair
009520.jpg,0.768,69.449860724234,28.672,83.391364902507,chair
009520.jpg,69.12,37.5111420612813,126.976,109.5,person
009520.jpg,32.768,36.7506963788301,79.872,109.5,person
009520.jpg,0.512,38.0181058495822,38.4,96.3189415041783,person
005923.jpg,71.168,70.528,106.752,100.224,bicycle
005923.jpg,55.808,70.528,75.008,98.432,bicycle
005923.jpg,32.256,71.296,58.624,106.624,bicycle
005923.jpg,43.008,59.52,56.576,89.472,person
005923.jpg,57.344,55.168,70.144,79.744,person
005923.jpg,79.36,52.352,99.072,94.848,person
005923.jpg,52.992,38.016,59.392,42.624,chair
005923.jpg,52.736,40.064,59.904,48.512,chair
005923.jpg,69.12,39.552,75.776,42.368,chair
005923.jpg,70.912,41.088,78.848,48.256,chair
005923.jpg,76.544,44.16,86.272,53.632,chair
005923.jpg,44.8,46.72,54.528,59.52,sofa
005923.jpg,72.704,56.96,78.848,65.152,pottedplant
005923.jpg,68.096,58.24,71.936,63.872,pottedplant
005923.jpg,80.896,43.392,86.528,59.776,pottedplant
005923.jpg,114.944,42.88,128,64.384,pottedplant
005923.jpg,96.256,32.128,104.704,47.744,pottedplant
005923.jpg,100.864,25.984,105.728,31.36,tvmonitor
005923.jpg,56.576,49.536,70.144,59.776,pottedplant
001903.jpg,23.808,57.7462462462462,91.648,106.5,motorbike
001903.jpg,74.24,59.2777777777778,89.856,66.6801801801802,bicycle
001903.jpg,26.624,40.3888888888889,66.048,100.629129129129,person
009745.jpg,88.832,63.104,110.336,74.624,car
009745.jpg,25.088,65.152,54.784,84.352,car
002815.jpg,21.7552552552553,8.448,106.5,128,person
008744.jpg,53.6265060240964,32.768,89.0481927710843,83.2,person
008744.jpg,55.144578313253,46.08,90.3132530120482,98.048,horse
007039.jpg,30.976,30.592,82.688,78.208,tvmonitor
002899.jpg,22.656,14.336,110.976,99.84,bus
002899.jpg,80.256,50.944,105.344,113.152,person
002899.jpg,71.552,58.112,86.144,111.104,person
002899.jpg,54.144,83.712,67.456,114.944,person
002899.jpg,40.576,79.104,63.104,118.784,person
002899.jpg,23.424,78.08,41.6,121.344,person
002899.jpg,16.256,62.72,34.944,114.688,person
002899.jpg,16.768,56.32,55.936,81.408,person
002899.jpg,34.432,59.392,49.536,87.296,person
002899.jpg,48.256,54.528,60.544,62.72,person
002899.jpg,55.424,47.104,68.736,60.672,person
002899.jpg,64.128,45.824,81.536,60.16,person
007872.jpg,0.768,58.0015015015015,128,106.5,diningtable
007872.jpg,0.512,32.2207207207207,44.8,98.5870870870871,person
007872.jpg,34.304,50.3438438438438,50.176,70.509009009009,person
007872.jpg,39.168,41.4099099099099,55.552,62.3408408408408,person
007872.jpg,49.152,44.7282282282282,57.088,62.0855855855856,person
007872.jpg,46.08,27.1156156156156,58.624,57.490990990991,person
007872.jpg,89.088,43.9624624624625,115.2,67.4459459459459,person
007872.jpg,97.024,26.0945945945946,128,81.9954954954955,person
008175.jpg,58.368,19.072,83.712,47.232,person
008175.jpg,42.496,26.752,61.696,44.672,person
008175.jpg,0.512,17.024,128,110.208,sofa
002415.jpg,22.7590361445783,0.256,105.746987951807,128,dog
002197.jpg,0.256,45.696,84.48,102.016,car
002197.jpg,85.76,49.536,128,69.504,car
005217.jpg,0.256,75.7985074626866,86.528,106.246268656716,boat
009413.jpg,6.144,17.92,38.144,67.584,chair
009413.jpg,59.904,28.416,85.504,60.16,chair
009413.jpg,1.024,70.656,16.896,128,chair
009413.jpg,6.656,59.136,46.336,128,person
009413.jpg,64.512,2.304,128,92.416,person
009413.jpg,12.288,85.248,128,128,diningtable
007261.jpg,16.2546419098143,74.752,56.7427055702918,110.592,car
007261.jpg,65.9098143236074,73.728,112,122.624,car
007261.jpg,90.3554376657825,23.296,112,128,person
001414.jpg,3.84,38.272,11.008,66.176,person
001414.jpg,10.24,38.528,16.64,48.768,person
001414.jpg,82.944,37.504,92.672,49.28,person
001414.jpg,109.568,38.016,119.04,55.168,person
001414.jpg,121.6,39.808,128,75.904,person
001414.jpg,10.24,32.384,117.248,96.128,car
002978.jpg,111.36,44.928,119.04,55.168,cow
002978.jpg,67.072,44.672,108.032,83.072,cow
002978.jpg,0.512,49.024,59.392,98.432,cow
008043.jpg,6.13698630136986,47.8125,96.8767123287671,95.0625,pottedplant
008043.jpg,6.13698630136986,4.9375,124.493150684932,127,person
000501.jpg,20.098971722365,5.632,103.320051413882,125.952,dog
002039.jpg,62.976,44.0120481927711,72.704,66.2771084337349,boat
007899.jpg,74.112,6.4,81.28,28.672,bottle
005306.jpg,46.08,40.576,66.56,82.304,person
005306.jpg,14.848,45.952,52.736,112,person
005306.jpg,28.672,74.112,50.944,112,person
005306.jpg,73.728,44.416,101.12,112,person
005306.jpg,42.752,69.504,86.272,112,horse
004689.jpg,4.096,55.68,122.112,104.32,train
006444.jpg,34.304,53.376,69.376,109.184,dog
006444.jpg,105.216,16.768,128,74.624,person
001172.jpg,4.864,45.5267379679144,124.416,81.216577540107,train
007236.jpg,46.336,32.3734939759036,83.2,89.8072289156626,bus
007236.jpg,45.824,63.7469879518072,55.808,88.7951807228916,person
007236.jpg,119.04,55.144578313253,123.392,65.2650602409639,person
007236.jpg,110.848,53.1204819277108,115.2,60.9638554216867,person
007236.jpg,38.656,49.5783132530121,41.984,56.6626506024096,person
007236.jpg,19.2,53.8795180722892,24.576,64.2530120481928,person
008204.jpg,50.944,79.24064171123,61.952,109.72192513369,bottle
008204.jpg,80.384,45.4572192513369,127.744,100.069518716578,tvmonitor
008204.jpg,36.608,53.331550802139,68.096,101.847593582888,person
004028.jpg,0.256,54.912,25.088,100.48,chair
004028.jpg,0.512,16.512,31.744,74.112,pottedplant
004028.jpg,97.28,60.032,104.192,65.664,person
004028.jpg,61.952,65.152,70.656,74.88,person
008122.jpg,14.848,32.2207207207207,58.112,105.734234234234,person
008122.jpg,70.144,37.0705705705706,103.936,74.0825825825826,person
008122.jpg,1.024,74.8483483483483,29.44,97.0555555555556,diningtable
008122.jpg,0.768,75.8693693693694,12.032,105.734234234234,chair
008122.jpg,12.288,72.2957957957958,27.904,106.244744744745,chair
008122.jpg,70.4,60.2987987987988,81.92,78.4219219219219,chair
003365.jpg,30.208,49.0675675675676,115.2,71.7852852852853,aeroplane
002012.jpg,50.56,32.768,58.752,65.28,person
002012.jpg,55.936,30.208,65.92,62.72,person
006708.jpg,41.984,54.656,52.736,62.592,cow
006708.jpg,78.08,62.336,97.28,89.216,cow
006708.jpg,101.888,62.336,115.712,87.936,cow
008794.jpg,0.256,43.392,11.776,81.024,person
008794.jpg,10.496,54.144,24.832,80,person
008794.jpg,32,52.608,43.52,60.032,person
008794.jpg,47.104,51.072,53.248,58.496,person
008794.jpg,57.344,40.832,63.744,47.744,person
008794.jpg,70.144,40.064,75.008,43.648,person
008794.jpg,79.104,37.76,83.2,42.368,person
008794.jpg,90.88,49.536,98.048,58.496,person
008794.jpg,108.032,49.024,112.64,54.144,person
008794.jpg,118.272,49.28,123.392,54.656,person
008794.jpg,107.52,35.968,114.432,50.56,person
008794.jpg,20.736,40.576,128,95.872,car
008794.jpg,69.632,32.384,79.36,43.648,person
008794.jpg,61.952,33.152,69.12,44.928,person
008794.jpg,51.968,32.384,61.44,54.144,person
009735.jpg,35.2837837837838,93.44,47.0255255255255,109.824,chair
004093.jpg,106.24,85.0585585585586,128,106.5,chair
004093.jpg,104.96,74.5930930930931,128,99.0975975975976,chair
004093.jpg,81.92,62.8513513513514,96,91.6951951951952,chair
004093.jpg,65.792,69.7432432432432,97.536,103.181681681682,chair
001079.jpg,48.128,49.536,72.96,82.816,person
001079.jpg,65.536,53.632,96,84.864,person
001079.jpg,95.232,53.376,121.6,97.664,person
001079.jpg,30.976,51.328,55.552,88.448,person
001079.jpg,0.512,51.84,36.864,106.624,person
001079.jpg,49.92,16.256,66.816,58.24,pottedplant
001079.jpg,0.256,79.232,122.88,112,diningtable
000288.jpg,124.16,65.9144144144144,128,92.9714714714715,person
000288.jpg,113.408,63.1066066066066,122.624,93.7372372372372,person
000288.jpg,107.264,60.5540540540541,112.384,82.7612612612613,person
000288.jpg,112.64,61.3198198198198,115.2,80.2087087087087,person
000288.jpg,105.472,63.1066066066066,110.08,84.8033033033033,person
000288.jpg,104.192,71.0195195195195,108.032,85.5690690690691,person
000288.jpg,95.488,61.5750750750751,102.656,89.3978978978979,person
000288.jpg,84.48,64.6381381381381,97.28,85.8243243243243,person
000288.jpg,0.256,60.5540540540541,5.12,99.3528528528529,person
000288.jpg,0.256,49.5780780780781,8.448,83.7822822822823,person
000288.jpg,7.68,57.7462462462462,19.712,73.8273273273273,car
000288.jpg,17.152,26.8603603603604,97.792,92.460960960961,bus
008522.jpg,50.688,58.2567567567568,85.76,69.487987987988,aeroplane
006988.jpg,15.872,38.3468468468468,99.072,99.8633633633634,car
006988.jpg,19.968,50.5990990990991,32.768,56.9804804804805,person
004148.jpg,0.256,33.8915662650602,116.224,106,tvmonitor
005620.jpg,1.024,38.6987951807229,126.976,81.710843373494,aeroplane
009940.jpg,55.808,45.184,99.072,112,bird
009940.jpg,34.56,50.048,93.44,112,bird
008872.jpg,46.2222222222222,60.8,86.7555555555556,112,person
000950.jpg,24.832,71.9939577039275,36.608,86.7129909365559,chair
000950.jpg,7.424,79.8610271903323,24.064,104.731117824773,chair
000950.jpg,84.224,71.2326283987916,96,86.9667673716012,chair
000950.jpg,96.512,78.0845921450151,112.64,98.8942598187311,chair
000950.jpg,13.312,71.2326283987916,112.128,104.223564954683,diningtable
002442.jpg,16.768,5.376,112,127.232,diningtable
002442.jpg,24.96,2.304,40.576,30.464,chair
002442.jpg,37.76,1.28,46.208,20.736,chair
002442.jpg,77.44,3.072,84.096,13.056,chair
002442.jpg,80.256,10.496,86.4,19.2,chair
002442.jpg,84.096,7.424,96.128,23.296,chair
002442.jpg,86.4,16.896,95.872,30.72,chair
002442.jpg,92.288,14.336,109.696,35.328,chair
002442.jpg,94.592,20.48,112,49.152,chair
002442.jpg,62.848,0.256,67.2,8.96,bottle
002442.jpg,60.544,17.408,69.504,50.688,bottle
005337.jpg,72.704,60.804932735426,91.392,68.7286995515695,boat
002437.jpg,22.016,23.2899408284024,96,107,cat
007987.jpg,79.872,95.872,91.904,111.744,bottle
007987.jpg,30.464,82.56,37.12,96.64,bottle
007987.jpg,49.408,30.336,88.064,99.968,person
001989.jpg,107.264,67.968,110.848,78.976,person
001989.jpg,110.08,68.48,116.224,79.744,person
001989.jpg,6.144,71.296,11.264,83.328,person
001989.jpg,0.256,71.04,4.864,97.664,person
001989.jpg,16.896,40.064,113.92,112,person
007077.jpg,11.008,87.0240963855422,39.168,106,chair
007077.jpg,39.68,87.7831325301205,71.424,106,chair
007077.jpg,65.536,88.7951807228916,97.28,106,chair
007077.jpg,97.28,89.0481927710843,117.504,106,chair
004632.jpg,30.976,52.608,58.88,94.336,dog
004632.jpg,54.272,53.632,97.792,92.8,dog
005603.jpg,0.256,29.9234234234234,104.704,106.5,bird
000816.jpg,31.232,57.6,104.192,119.552,bicycle
000816.jpg,39.168,31.232,79.104,121.344,person
003663.jpg,0.256,32.475975975976,77.312,93.481981981982,person
003663.jpg,76.288,43.1966966966967,128,92.460960960961,person
001555.jpg,85.248,91.264,99.84,110.208,cat
000021.jpg,21.2559523809524,60.16,67.5833333333333,99.328,dog
000021.jpg,74.75,9.216,107,123.392,person
000021.jpg,32.7738095238095,20.992,64.5119047619048,93.44,person
000021.jpg,23.8154761904762,46.336,57.3452380952381,107.264,person
003546.jpg,33.792,36.992,65.792,74.368,cat
009273.jpg,8.192,28.8,64.512,112,person
009273.jpg,19.2,43.648,122.624,112,person
009273.jpg,7.168,78.464,21.504,102.016,person
009273.jpg,93.184,87.936,102.4,101.248,chair
009273.jpg,101.632,90.752,115.968,102.016,chair
009273.jpg,99.072,85.888,128,108.672,diningtable
000522.jpg,9.216,48.768,111.104,85.376,car
008454.jpg,16.512,63.744,112,128,boat
006282.jpg,30.464,46.440119760479,79.872,106.5,person
000690.jpg,0.256,64.128,63.232,108.416,bicycle
000690.jpg,71.936,44.416,86.016,74.624,cat
000690.jpg,57.856,38.272,86.016,110.976,person
006647.jpg,45.824,32.896,69.632,90.24,person
006647.jpg,44.032,25.728,81.152,105.344,person
006647.jpg,70.656,16.512,109.056,80.512,person
006647.jpg,0.256,24.192,127.488,109.44,motorbike
004133.jpg,24.832,26.0808383233533,57.344,106.5,person
001215.jpg,7.936,34.176,121.088,97.152,bicycle
005979.jpg,6.656,24.2771084337349,124.672,105.746987951807,car
005979.jpg,100.608,22.2530120481928,112.128,51.3493975903615,person
005979.jpg,86.272,22.2530120481928,96.256,46.5421686746988,person
006097.jpg,0.256,41.1546546546547,116.224,93.2267267267267,car
007533.jpg,17.152,21.632,63.744,100.992,boat
007533.jpg,91.648,28.544,126.208,99.2,boat
000430.jpg,1.536,16.256,128,99.456,cat
008449.jpg,111.616,69.248,123.392,75.904,car
008449.jpg,123.136,69.76,128,74.88,car
008449.jpg,0.256,19.328,119.552,84.096,boat
008449.jpg,113.408,67.712,118.016,77.696,person
008449.jpg,109.824,68.48,113.152,77.696,person
008665.jpg,14.592,25.3288288288288,115.712,104.457957957958,car
008665.jpg,90.88,25.8393393393393,114.176,35.7942942942943,sofa
008665.jpg,0.256,21.7552552552553,5.632,38.8573573573574,person
008665.jpg,5.376,21.7552552552553,12.032,38.3468468468468,person
008665.jpg,98.048,27.1156156156156,114.944,40.6441441441441,sofa
005679.jpg,119.04,37.6777777777778,128,82.1444444444444,car
005679.jpg,112.64,30.0111111111111,128,48.4111111111111,car
005679.jpg,10.752,24.9,113.408,102.333333333333,car
005679.jpg,0.512,36.9111111111111,29.44,97.7333333333333,car
005679.jpg,8.448,28.7333333333333,35.84,49.6888888888889,car
008068.jpg,12.8,25.644385026738,111.36,104.133689839572,bird
002468.jpg,66.304,26.8882681564246,104.96,60.695530726257,bird
002468.jpg,11.52,62.2206703910615,45.568,102.382681564246,bird
007854.jpg,30.1046511627907,82.688,100.453488372093,124.16,bicycle
003713.jpg,45.056,74.88,58.368,86.656,car
003713.jpg,39.936,75.648,44.544,80,car
003713.jpg,0.512,71.552,19.2,104.064,car
003713.jpg,72.448,75.904,82.944,81.28,car
003713.jpg,95.232,72.576,126.976,89.472,car
003713.jpg,80.64,71.296,94.72,81.28,car
003713.jpg,63.488,75.904,68.352,79.488,car
003713.jpg,20.48,68.224,35.84,85.376,car
004232.jpg,6.656,63.6178707224335,25.856,76.3555133079848,dog
004232.jpg,28.16,66.1653992395437,40.704,76.8650190114068,dog
004232.jpg,64.512,63.1083650190114,81.92,74.0627376425856,dog
004232.jpg,0.256,51.3897338403042,8.448,73.8079847908745,person
006687.jpg,91.648,19.0098039215686,109.056,44.7549019607843,bottle
008499.jpg,31.488,30.4071856287425,128,106.5,sofa
003325.jpg,5.888,19.072,55.552,111.744,dog
003325.jpg,84.992,48.768,128,112,dog
002308.jpg,60.544,20.736,103.04,92.416,cat
002308.jpg,27.008,63.744,51.584,110.592,chair
001594.jpg,69.12,60.5540540540541,85.504,74.5930930930931,sheep
001594.jpg,59.136,60.5540540540541,68.864,74.8483483483483,sheep
001594.jpg,45.824,59.533033033033,52.736,75.1036036036036,sheep
001594.jpg,38.656,57.7462462462462,46.08,75.1036036036036,sheep
001594.jpg,52.736,59.7882882882883,61.184,75.6141141141141,sheep
001594.jpg,85.76,45.2387387387387,102.4,77.1456456456456,person
001594.jpg,64.768,66.6801801801802,77.312,82.2507507507508,dog
004280.jpg,67.9564564564565,46.848,97.3108108108108,128,bottle
002529.jpg,0.256,39.552,127.232,112,diningtable
002529.jpg,0.256,54.912,58.112,84.096,person
006098.jpg,39.552,18.944,90.752,45.568,boat
006098.jpg,77.184,22.528,86.656,34.048,bird
006098.jpg,39.808,25.6,52.352,35.84,bird
005451.jpg,76.928,26.368,112,128,person
005451.jpg,55.936,91.392,76.672,119.296,person
005451.jpg,49.536,95.232,57.472,104.96,person
005451.jpg,35.968,92.672,51.072,122.624,person
005451.jpg,19.84,91.648,35.968,116.224,person
005451.jpg,36.48,101.376,72.32,126.72,diningtable
005909.jpg,38.912,47.744,74.496,101.248,bird
001310.jpg,41.728,66.688,72.704,102.528,sheep
001310.jpg,67.328,39.04,97.536,99.456,person
001310.jpg,17.152,44.16,26.624,66.944,person
001310.jpg,4.864,49.792,11.008,58.496,person
001310.jpg,4.864,57.984,15.616,68.736,sheep
001729.jpg,0.512,21.7552552552553,32.768,63.1066066066066,sofa
001729.jpg,30.464,22.521021021021,55.552,46.0045045045045,pottedplant
001729.jpg,72.704,48.8123123123123,105.216,92.9714714714715,person
001729.jpg,32.256,42.6861861861862,65.792,94.2477477477478,person
001729.jpg,2.304,64.1276276276276,40.96,106.5,person
001729.jpg,94.976,37.5810810810811,128,106.244744744745,chair
006190.jpg,18.432,33.3621794871795,104.704,91.3461538461538,dog
005641.jpg,11.008,59.52,128,112,dog
005641.jpg,53.248,34.176,113.408,87.936,dog
005641.jpg,28.672,26.752,128,112,sofa
005641.jpg,41.216,16.256,58.368,27.008,pottedplant
005641.jpg,0.256,16.256,11.264,40.064,tvmonitor
001612.jpg,40.192,48.3018018018018,119.296,92.2057057057057,train
005856.jpg,1.024,43.136,34.56,69.504,tvmonitor
005856.jpg,40.192,36.992,79.872,111.232,person
005856.jpg,29.952,29.312,111.104,98.432,person
006009.jpg,34.304,51.6201201201201,76.288,81.484984984985,car
007369.jpg,12.032,24.192,64.512,100.224,chair
007369.jpg,43.264,16.256,85.504,90.496,person
007369.jpg,0.256,16.256,39.168,111.488,person
007369.jpg,99.84,26.752,119.808,74.112,person
006576.jpg,16.512,101.376,111.744,128,diningtable
006576.jpg,25.472,43.776,44.928,112.64,bottle
006576.jpg,22.4,0.256,112,121.6,person
006576.jpg,16.256,0.512,45.952,64.768,person
006576.jpg,47.744,35.584,57.472,46.08,person
005269.jpg,19.456,42.393670886076,102.912,90.720253164557,train
005269.jpg,95.232,66.173417721519,103.168,86.8848101265823,person
006668.jpg,24.064,23.6122994652406,111.36,101.339572192513,car
006668.jpg,6.912,34.0267379679144,34.304,70.8582887700535,person
006668.jpg,0.256,16.7540106951872,17.92,82.0347593582888,person
006074.jpg,62.464,73.0550724637681,128,108,tvmonitor
006074.jpg,0.256,67.9536231884058,56.32,108,tvmonitor
007086.jpg,3.584,44.7282282282282,128,89.1426426426427,aeroplane
006550.jpg,11.264,67.4459459459459,73.984,105.734234234234,motorbike
006550.jpg,74.24,57.490990990991,90.88,103.692192192192,person
006550.jpg,52.992,50.5990990990991,72.448,78.4219219219219,person
006550.jpg,86.528,59.7882882882883,97.024,102.160660660661,person
006550.jpg,3.072,71.53003003003,15.616,99.3528528528529,bicycle
006550.jpg,110.848,71.2747747747748,125.696,87.6111111111111,bicycle
006550.jpg,117.76,91.1846846846847,122.88,98.5870870870871,person
007640.jpg,19.968,46.976,128,94.592,cat
001091.jpg,99.84,60.544,128,107.392,person
001091.jpg,65.024,53.888,109.056,99.712,person
001091.jpg,21.504,58.752,63.232,108.416,person
001091.jpg,0.256,94.592,21.504,112,person
001091.jpg,13.824,97.408,128,112,diningtable
001091.jpg,86.272,30.592,111.36,52.864,pottedplant
001091.jpg,39.168,32.128,58.112,52.864,pottedplant
001091.jpg,25.088,55.936,58.112,78.464,pottedplant
001091.jpg,87.296,60.288,116.736,90.24,pottedplant
006777.jpg,48.4034090909091,43.52,82.6647727272727,89.856,pottedplant
006777.jpg,57.3522727272727,35.84,103.119318181818,113.408,person
006777.jpg,25.6477272727273,32,83.6875,128,person
003849.jpg,43.52,66.2771084337349,77.056,89.5542168674699,motorbike
003849.jpg,54.784,63.2409638554217,70.912,87.5301204819277,person
003849.jpg,89.088,69.566265060241,94.464,81.4578313253012,person
004051.jpg,30.9333333333333,38.37841191067,108.266666666667,103.693548387097,horse
004051.jpg,52.5333333333333,21.3858560794045,84,73.4255583126551,person
003711.jpg,33.792,84.4040404040404,42.496,97.4116161616162,car
003711.jpg,41.472,35.4343434343434,120.064,101.237373737374,bus
003711.jpg,68.864,46.4015151515152,75.264,53.2878787878788,person
003711.jpg,58.368,46.1464646464646,63.488,52.7777777777778,person
003711.jpg,51.2,45.8914141414141,57.6,52.7777777777778,person
003711.jpg,87.04,57.6237373737374,90.112,66.8055555555556,person
003711.jpg,90.112,58.6439393939394,93.952,67.0606060606061,person
003711.jpg,93.696,58.6439393939394,97.28,67.5707070707071,person
008647.jpg,69.12,55.424,81.664,67.2,person
008513.jpg,0.256,17.28,122.624,112,person
005730.jpg,82.176,86.5900900900901,92.928,99.8633633633634,chair
005730.jpg,94.72,87.1006006006006,101.632,98.0765765765766,chair
005730.jpg,119.808,95.524024024024,128,106.5,chair
005730.jpg,56.064,84.0375375375375,69.12,102.926426426426,chair
005730.jpg,32.768,82.2507507507508,49.152,106.244744744745,chair
005730.jpg,76.288,86.5900900900901,82.944,96.2897897897898,chair
006803.jpg,30.34,42.752,92.305,91.136,train
006803.jpg,90.775,82.688,97.915,105.472,person
006803.jpg,94.855,80.896,100.21,104.96,person
002460.jpg,75.52,63.104,114.176,107.648,bicycle
002460.jpg,78.848,36.992,109.056,110.208,person
002266.jpg,59.136,80.4276139410188,117.248,104.623324396783,aeroplane
002266.jpg,1.28,46.5536193029491,127.744,82.2104557640751,aeroplane
006824.jpg,19.456,71.7852852852853,42.752,106.5,chair
006824.jpg,32.512,22.2657657657658,97.792,94.7582582582583,person
003899.jpg,31.744,45.952,81.408,92.032,dog
003899.jpg,115.712,50.048,128,77.184,person
002190.jpg,90.112,73.5720720720721,128,86.5900900900901,horse
002190.jpg,44.544,61.3198198198198,78.08,101.13963963964,horse
002190.jpg,39.168,44.472972972973,58.88,78.1666666666667,horse
002190.jpg,57.344,43.451951951952,68.096,63.1066066066066,horse
002190.jpg,108.032,65.6591591591592,121.344,80.463963963964,person
002190.jpg,46.336,22.2657657657658,64,53.6621621621622,person
002190.jpg,61.44,46.2597597597598,83.456,99.6081081081081,person
002190.jpg,0.256,47.7912912912913,10.24,95.7792792792793,person
009629.jpg,57.6,63.4910179640719,92.928,69.5988023952096,aeroplane
007021.jpg,25.344,21.0844504021448,53.504,48.8458445040215,chair
007021.jpg,69.376,25.1595174262735,101.632,55.7225201072386,chair
007021.jpg,71.68,29.7439678284182,78.08,58.7788203753351,bottle
007021.jpg,77.824,30.5080428954424,86.528,59.2882037533512,bottle
007021.jpg,0.768,44.2613941018767,122.88,110.481233243968,diningtable
002098.jpg,98.048,21.632,119.808,69.504,bottle
002098.jpg,44.544,17.28,61.184,68.48,bottle
003593.jpg,80.896,55.9594594594595,118.528,89.1426426426427,sheep
003593.jpg,15.872,51.8753753753754,80.384,98.8423423423424,sheep
004514.jpg,50.176,20.608,116.736,86.4,tvmonitor
000343.jpg,6.4,34.944,125.184,98.688,car
009408.jpg,14.848,41.9509803921569,58.112,90.8921568627451,aeroplane
000249.jpg,17.152,69.487987987988,46.848,105.734234234234,chair
000249.jpg,27.648,65.9144144144144,40.96,73.8273273273273,chair
000249.jpg,39.936,64.6381381381381,51.712,71.2747747747748,chair
000249.jpg,44.288,68.466966966967,70.144,104.713213213213,chair
000249.jpg,68.608,67.9564564564565,80.896,99.8633633633634,chair
000249.jpg,68.864,62.3408408408408,80.384,68.9774774774775,chair
000249.jpg,78.592,51.8753753753754,96.256,79.6981981981982,chair
000249.jpg,26.112,66.6801801801802,82.944,98.5870870870871,diningtable
005889.jpg,0.512,47.744,40.96,112,person
005889.jpg,28.928,31.616,70.4,112,person
005889.jpg,59.136,40.064,83.968,112,person
005889.jpg,67.328,31.616,128,112,person
005889.jpg,112.64,39.296,128,75.904,person
001124.jpg,48.384,58.1441717791411,65.792,76.7300613496932,bus
001124.jpg,87.296,71.8926380368098,94.464,74.6932515337423,car
000215.jpg,36.864,25.0961538461538,86.528,109.00641025641,cat
005360.jpg,18.432,46.1119402985075,110.336,82.9029850746269,train
005360.jpg,0.256,56.2611940298508,18.176,78.8432835820896,train
000355.jpg,5.632,30.6891891891892,109.312,96.2897897897898,car
001014.jpg,71.168,64.128,101.12,112,dog
001014.jpg,38.4,80.768,86.272,110.464,dog
001014.jpg,22.016,39.296,91.904,112,person
001014.jpg,25.344,51.584,102.656,112,chair
007954.jpg,7.168,49.748502994012,97.28,75.4520958083832,dog
009828.jpg,37.3258258258258,48.64,44.2177177177177,59.136,chair
009828.jpg,34.7732732732733,50.176,44.2177177177177,61.952,chair
009828.jpg,33.496996996997,52.992,43.1966966966967,65.024,chair
009828.jpg,30.4339339339339,54.784,43.451951951952,72.96,chair
009828.jpg,26.0945945945946,61.184,43.9624624624625,79.872,chair
009828.jpg,22.0105105105105,66.304,44.2177177177177,87.552,chair
009828.jpg,21.7552552552553,77.824,44.7282282282282,105.728,chair
009828.jpg,21.7552552552553,97.536,41.4099099099099,127.232,chair
009828.jpg,21.7552552552553,51.456,30.4339339339339,58.624,chair
009828.jpg,41.6651651651652,1.28,94.503003003003,128,person
003729.jpg,50.944,16.256,68.096,48.768,bottle
003729.jpg,103.68,16.256,128,74.112,bottle
003339.jpg,6.22222222222222,28.5833333333333,93.037037037037,106.5,dog
003622.jpg,17.408,73.088,46.592,104.832,pottedplant
003622.jpg,65.536,84.096,86.272,109.44,pottedplant
003622.jpg,97.024,84.864,126.72,111.488,pottedplant
006892.jpg,56.832,56.96,90.368,112,bottle
006892.jpg,49.664,58.752,67.584,112,bottle
006892.jpg,41.472,55.68,49.408,67.968,chair
006892.jpg,8.192,73.856,67.072,86.4,diningtable
006892.jpg,19.712,81.024,39.424,102.784,chair
006892.jpg,2.816,72.576,17.92,84.352,chair
002784.jpg,37.8363363363363,12.288,106.5,128,dog
003157.jpg,51.072,14.592,93.568,47.36,tvmonitor
007777.jpg,0.512,66.2860962566845,94.72,111.5,diningtable
007777.jpg,0.256,43.1711229946524,26.112,77.9705882352941,person
007777.jpg,45.568,38.0909090909091,74.496,74.4144385026738,person
007777.jpg,76.8,49.5213903743316,104.192,89.6550802139037,person
007777.jpg,94.72,60.1898395721925,128,111.5,person
002201.jpg,1.024,21.888,127.488,111.744,bus
005307.jpg,65.536,59.52,91.136,82.304,cat
005307.jpg,0.768,30.08,96.768,103.296,person
009459.jpg,39.168,41.1813031161473,91.648,94.7223796033994,bird
008177.jpg,0.256,42.112,42.24,112,person
008177.jpg,64,29.056,114.432,70.784,tvmonitor
001554.jpg,61.696,59.52,108.288,74.112,dog
001554.jpg,6.656,21.12,59.136,100.48,person
003834.jpg,75.52,28.8,126.976,101.76,pottedplant
003834.jpg,1.792,30.592,48.128,101.248,pottedplant
003834.jpg,60.928,84.608,72.704,98.432,pottedplant
003834.jpg,48.64,62.08,69.632,95.36,pottedplant
003834.jpg,65.28,71.04,76.032,84.864,pottedplant
006652.jpg,44.032,37.6867469879518,83.968,83.7349397590361,train
002593.jpg,58.88,57.984,73.728,75.904,sheep
008425.jpg,82.432,82.048,126.976,103.296,dog
003088.jpg,27.392,84.864,39.424,109.696,bottle
003088.jpg,17.664,32.64,84.48,112,person
003088.jpg,53.504,39.296,73.216,70.016,person
009456.jpg,58.112,68.992,117.248,112,bicycle
009456.jpg,0.512,52.352,28.416,86.4,bicycle
009456.jpg,6.656,35.968,26.624,90.24,person
009456.jpg,115.2,70.784,126.208,96.64,person
009456.jpg,105.472,63.104,113.152,88.704,person
009456.jpg,109.568,66.432,117.504,82.816,person
002990.jpg,27.904,60.544,53.76,102.272,cow
002990.jpg,50.944,61.312,66.304,94.848,person
007727.jpg,0.533333333333333,39.4339622641509,20.5333333333333,72.4528301886793,person
007727.jpg,48,27.5471698113208,74.9333333333333,75.622641509434,person
007727.jpg,46.9333333333333,49.2075471698113,74.6666666666667,98.8679245283019,horse
007727.jpg,1.86666666666667,48.1509433962264,22.4,94.9056603773585,horse
009315.jpg,64.256,45.952,96.256,71.808,bus
009315.jpg,27.904,51.328,65.28,65.92,bus
007443.jpg,72.704,77.4009009009009,108.8,102.415915915916,chair
007443.jpg,23.552,76.1246246246246,57.6,103.436936936937,chair
007443.jpg,74.496,65.6591591591592,86.272,78.1666666666667,chair
007443.jpg,41.216,66.9354354354354,53.248,78.6771771771772,chair
007443.jpg,52.736,65.1486486486486,75.52,75.3588588588589,sofa
004430.jpg,23.808,27.8813813813814,62.72,98.5870870870871,bicycle
008995.jpg,52.25,97.536,74.75,112.384,bicycle
001493.jpg,99.584,35.712,121.6,89.472,person
001493.jpg,108.544,39.04,128,112,person
001493.jpg,46.848,36.992,79.872,112,person
001493.jpg,8.96,24.448,56.832,112,person
001493.jpg,7.424,73.088,11.264,85.12,bottle
008582.jpg,3.84,20.2672413793103,121.856,107.477011494253,person
008582.jpg,24.832,48.9109195402299,113.408,107.477011494253,chair
000083.jpg,27.904,29.9234234234234,114.432,100.373873873874,car
000083.jpg,97.28,22.0105105105105,111.36,55.9594594594595,person
000083.jpg,35.328,25.0735735735736,49.408,50.8543543543544,person
000083.jpg,0.256,26.6051051051051,19.2,73.5720720720721,person
000083.jpg,15.36,33.7522522522522,29.184,61.3198198198198,person
000083.jpg,8.192,34.518018018018,21.248,62.8513513513514,person
002717.jpg,43.52,42.368,71.168,92.8,bird
007544.jpg,75.264,43.904,87.296,52.352,tvmonitor
007544.jpg,87.04,57.728,123.392,95.616,chair
007544.jpg,48.64,64.128,70.144,104.064,chair
007544.jpg,31.744,64.64,49.152,104.832,chair
007544.jpg,13.824,68.736,33.792,111.232,chair
007544.jpg,14.592,61.312,30.208,72.832,chair
007544.jpg,47.36,59.776,56.576,71.552,chair
007544.jpg,0.512,67.456,57.6,95.616,diningtable
000782.jpg,22.2545454545455,42.24,106,127.232,bus
000782.jpg,46.1818181818182,92.416,57.3818181818182,108.032,person
009098.jpg,10.755980861244,72.704,60.9282296650718,128,cat
009098.jpg,12.0358851674641,0.768,117.5,128,cat
002704.jpg,24.5538922155689,24.832,105.991017964072,128,car
002704.jpg,48.4760479041916,21.248,97.0838323353294,42.496,car
006678.jpg,34.048,40.576,117.504,109.44,sheep
003662.jpg,48.0465465465466,2.048,76.6351351351351,30.976,tvmonitor
003662.jpg,66.1696696696697,37.632,106.5,128,chair
003662.jpg,44.2177177177177,33.28,76.8903903903904,115.2,person
000888.jpg,75.52,71.7348703170029,89.856,82.1325648414986,car
000888.jpg,18.432,72.7492795389049,53.504,100.899135446686,car
000888.jpg,49.152,72.2420749279539,57.856,82.1325648414986,car
001140.jpg,81.792,79.872,98.688,104.192,dog
001140.jpg,30.592,76.288,56.192,119.04,dog
001140.jpg,59.264,16.384,82.56,102.912,person
003031.jpg,1.536,38.784,126.208,96.64,cat
003031.jpg,79.36,17.28,128,58.752,person
001332.jpg,21.12,6.656,36.992,18.432,aeroplane
001828.jpg,30.4339339339339,0.256,99.0975975975976,60.928,chair
001828.jpg,22.0105105105105,8.448,95.2687687687688,113.92,person
001828.jpg,31.1996996996997,31.488,97.5660660660661,112.64,person
000705.jpg,0.768,39.0384615384615,125.184,89.7179487179487,cat
004502.jpg,14.592,26.7542372881356,102.144,110.906779661017,cat
005371.jpg,5.632,74.0825825825826,54.784,106.5,bird
005371.jpg,22.784,25.0735735735736,127.744,106.244744744745,person
007991.jpg,0.768,41.344,128,112,bird
003913.jpg,53.76,16.512,128,111.744,person
003913.jpg,0.768,16.256,67.328,112,person
002884.jpg,39.168,32.7312312312312,91.648,80.2087087087087,car
002884.jpg,52.992,41.6651651651652,62.976,48.8123123123123,person
001684.jpg,4.352,11.5355450236967,119.04,118,bird
005363.jpg,16.512,17.664,110.208,127.744,sheep
008859.jpg,32.768,47.0255255255255,56.064,59.2777777777778,car
008859.jpg,26.624,42.4309309309309,42.752,52.3858858858859,car
009603.jpg,1.28,55.168,126.208,112,boat
009603.jpg,84.48,38.016,116.736,111.488,person
003759.jpg,26.88,49.024,57.856,112,person
003759.jpg,51.712,52.352,71.424,112,person
003759.jpg,65.024,50.816,109.056,112,person
003759.jpg,100.608,64.384,121.344,90.24,tvmonitor
007826.jpg,20.48,71.552,81.92,85.888,diningtable
007826.jpg,50.432,65.408,65.792,99.456,chair
007826.jpg,35.584,63.104,47.36,75.136,chair
007826.jpg,66.048,62.08,79.872,96.384,chair
007826.jpg,2.56,65.92,23.808,107.648,chair
007826.jpg,20.992,80.512,62.208,111.232,chair
007826.jpg,11.008,97.664,36.864,112,chair
002906.jpg,54.144,49.92,91.008,97.28,train
002779.jpg,8.192,55.4984894259819,58.624,81.3836858006042,car
002779.jpg,72.704,53.97583081571,112.64,83.6676737160121,car
007408.jpg,16.256,2.56,103.296,104.448,train
007408.jpg,104.32,62.208,109.184,79.104,person
007408.jpg,96.128,62.464,107.136,87.296,person
004498.jpg,53.8795180722892,40.704,76.3975903614458,72.704,boat
007958.jpg,41.472,41.856,84.48,94.336,cat
007958.jpg,0.256,16.256,127.744,111.488,sofa
000064.jpg,1.25403225806452,5.888,115.568548387097,128,bird
006104.jpg,8.448,59.533033033033,116.736,106.5,sofa
006104.jpg,43.776,47.0255255255255,84.736,106.5,person
006104.jpg,40.448,35.2837837837838,53.248,44.9834834834835,car
006136.jpg,13.824,68.3012048192771,42.496,88.289156626506,sheep
003301.jpg,33.024,65.9144144144144,47.104,74.5930930930931,person
003301.jpg,26.624,71.53003003003,60.416,96.5450450450451,dog
003301.jpg,24.576,69.9984984984985,74.496,106.5,chair
003301.jpg,1.024,49.5780780780781,27.904,100.373873873874,pottedplant
003634.jpg,68.608,54.2722419928826,120.576,82.8238434163701,car
003634.jpg,11.776,55.0302491103203,51.2,77.770462633452,car
005815.jpg,0.256,16.256,107.264,100.48,train
005815.jpg,115.712,71.296,128,78.464,car
006833.jpg,51.456,65.92,128,112,sheep
006833.jpg,15.36,26.24,90.368,112,person
006436.jpg,43.52,25.216,96.256,88.192,boat
005702.jpg,31.1996996996997,58.112,96.0345345345345,128,bicycle
005702.jpg,40.8993993993994,16.128,104.968468468468,119.04,person
002171.jpg,26.496,44.544,64.896,84.224,person
002171.jpg,24.96,63.232,59.52,102.656,bicycle
002259.jpg,17.664,40.6441441441441,128,71.53003003003,sofa
003005.jpg,1.28,54.144,62.976,109.952,sofa
003005.jpg,58.624,36.992,76.288,52.608,tvmonitor
003005.jpg,101.12,63.36,119.04,82.304,chair
003941.jpg,13.824,25.984,120.832,103.552,motorbike
007422.jpg,29.696,55.9594594594595,101.888,93.9924924924925,car
007614.jpg,6.144,26.24,117.504,100.736,car
009566.jpg,37.376,54.4,77.824,75.392,bird
000713.jpg,20.48,64,65.024,100.857142857143,boat
000713.jpg,47.104,61.9523809523809,120.832,89.8511904761905,boat
008880.jpg,39.424,29.824,103.424,98.688,cat
002340.jpg,25.6,50.816,98.304,88.704,car
002340.jpg,27.392,45.696,38.912,50.56,car
000541.jpg,28.928,71.2747747747748,38.4,75.8693693693694,car
000541.jpg,57.344,70.7642642642643,68.608,74.5930930930931,car
000541.jpg,60.672,71.0195195195195,69.632,75.6141141141141,car
000541.jpg,63.488,71.53003003003,73.472,76.1246246246246,car
000541.jpg,66.304,71.0195195195195,85.76,77.4009009009009,car
000541.jpg,24.32,70.2537537537538,31.744,71.2747747747748,car
000541.jpg,20.224,73.0615615615616,39.936,77.9114114114114,car
000541.jpg,39.68,73.8273273273273,43.264,78.1666666666667,person
009324.jpg,59.648,26.5679758308157,114.432,105.746223564955,bird
009324.jpg,0.256,34.6888217522659,77.312,106,bird
008142.jpg,48.384,40.4698795180723,64.768,79.9397590361446,person
008142.jpg,38.144,52.1084337349398,83.2,94.3614457831325,horse
008346.jpg,34.1202749140893,25.344,80.4020618556701,124.672,dog
006221.jpg,0.256,35.2,88.064,112,person
006221.jpg,50.944,93.824,90.624,112,bicycle
003722.jpg,77.056,85.9439528023599,124.928,95.5840707964602,boat
000637.jpg,2.56,16.512,124.672,111.488,bicycle
009713.jpg,29.184,30.592,103.936,104.064,dog
009713.jpg,75.264,16.256,103.936,44.16,person
009713.jpg,33.792,16.256,60.16,43.392,person
009713.jpg,91.648,17.024,127.232,61.056,chair
009524.jpg,80.896,40.9827586206897,96.256,68.8591954022989,person
006726.jpg,35.968,85.248,74.88,120.832,pottedplant
009186.jpg,15.872,70.528,39.936,79.488,car
009186.jpg,0.256,71.296,15.872,78.976,car
002932.jpg,42.368,94.464,65.92,119.808,person
008169.jpg,70.656,57.728,111.616,103.808,cat
008169.jpg,2.816,60.544,23.296,73.856,car
005736.jpg,2.816,57.7462462462462,66.56,98.0765765765766,motorbike
005736.jpg,79.616,51.3648648648649,124.928,79.6981981981982,motorbike
008760.jpg,0.256,70.528,67.328,112,chair
008760.jpg,26.624,54.656,85.504,89.472,sofa
005860.jpg,36.864,70.509009009009,90.368,85.3138138138138,boat
005860.jpg,96,73.0615615615616,122.368,82.506006006006,boat
006073.jpg,33.28,29.824,126.976,104.576,cow
006073.jpg,25.6,16.256,106.752,54.656,cow
006073.jpg,0.256,16.256,15.104,92.8,person
009117.jpg,48.128,22.912,128,111.488,dog
004627.jpg,49.408,67.712,107.776,85.632,train
004627.jpg,106.752,74.112,128,88.704,train
002000.jpg,94.976,71.04,105.216,84.352,boat
002000.jpg,8.448,65.92,33.536,112,person
007212.jpg,36.608,23.7972972972973,113.92,105.98948948949,dog
007212.jpg,98.816,22.0105105105105,128,106.5,chair
007212.jpg,0.256,32.475975975976,43.776,106.5,chair
002913.jpg,45.056,51.8461538461539,121.088,66.5320512820513,train
002913.jpg,40.192,49.3141025641026,46.336,62.7339743589744,train
002913.jpg,10.24,57.9230769230769,13.824,67.7980769230769,person
002913.jpg,13.824,57.9230769230769,17.408,66.5320512820513,person
002913.jpg,17.408,58.1762820512821,19.456,67.0384615384616,person
002913.jpg,20.992,58.1762820512821,23.808,63.7467948717949,person
002913.jpg,18.944,58.1762820512821,21.248,63.7467948717949,person
002913.jpg,50.176,55.3910256410256,55.552,70.8365384615385,person
002913.jpg,3.328,55.6442307692308,9.984,70.5833333333333,person
002913.jpg,0.512,51.5929487179487,40.96,63.2403846153846,train
009238.jpg,4.864,36.0495495495496,62.208,106.5,person
009238.jpg,15.872,23.2867867867868,128,106.5,person
002212.jpg,10.752,39.8233532934132,117.504,84.3592814371258,bird
000793.jpg,73.984,41.6,80.896,62.848,person
000793.jpg,61.696,44.416,69.12,62.08,person
000793.jpg,55.808,43.392,60.416,61.568,person
000793.jpg,102.912,33.152,119.552,82.304,person
000793.jpg,16.64,44.16,21.504,57.216,person
000793.jpg,24.576,43.392,29.184,56.704,person
000793.jpg,25.6,35.968,48.64,88.192,person
000793.jpg,69.888,42.368,75.52,62.592,person
000793.jpg,38.656,56.96,79.36,87.68,bicycle
000793.jpg,0.512,36.48,13.056,50.56,bus
007605.jpg,50.432,26.6704545454545,80.896,101.329545454545,person
007605.jpg,7.68,26.6704545454545,35.072,101.585227272727,person
007605.jpg,28.416,29.9943181818182,51.2,101.329545454545,person
007605.jpg,35.584,32.0397727272727,48.384,64.5113636363636,person
007605.jpg,80.64,58.1193181818182,92.416,79.0852272727273,person
009670.jpg,25.856,58.3740458015267,62.72,97.5,cat
009670.jpg,85.504,49.1679389312977,112.896,72.9503816793893,cat
005780.jpg,54.528,44.416,77.824,66.432,person
003886.jpg,6.144,41.9879518072289,117.248,79.6867469879518,aeroplane
002578.jpg,10.752,25.216,111.36,95.872,dog
008966.jpg,32.768,22.912,128,93.568,bus
008966.jpg,4.864,62.336,12.288,70.016,car
006968.jpg,57.6,56.96,128,93.056,sofa
006968.jpg,40.448,71.04,68.352,105.344,dog
006968.jpg,22.528,29.568,51.456,92.032,person
006968.jpg,67.072,46.976,96.512,85.888,person
002796.jpg,54.8915662650602,58.112,99.421686746988,93.184,cat
008329.jpg,13.824,57.490990990991,94.464,80.9744744744745,car
007696.jpg,0.256,45.696,89.344,73.088,train
000597.jpg,79.36,57.728,91.136,72.32,person
000597.jpg,117.504,59.008,127.232,69.248,person
000597.jpg,98.816,61.312,119.04,96.384,person
000597.jpg,58.88,70.016,70.144,85.12,chair
000597.jpg,77.312,77.952,94.72,97.92,chair
000597.jpg,103.424,75.904,119.808,94.848,chair
000597.jpg,124.928,81.024,128,91.52,chair
000597.jpg,9.216,73.6,24.32,93.824,chair
000597.jpg,49.92,62.336,60.16,70.272,tvmonitor
000597.jpg,28.672,65.152,35.584,76.928,tvmonitor
005636.jpg,55.144578313253,47.104,74.8795180722892,97.792,horse
005636.jpg,86.2650602409639,54.016,102.457831325301,98.816,person
004592.jpg,18.688,17.536,127.232,99.712,boat
009418.jpg,38.144,81.9954954954955,67.584,106.5,dog
009418.jpg,46.336,47.536036036036,64.256,79.442942942943,dog
009418.jpg,36.352,22.2657657657658,90.368,88.3768768768769,person
009418.jpg,52.992,37.3258258258258,128,106.5,person
003269.jpg,91.904,16.256,128,111.488,bottle
003269.jpg,55.552,16.512,91.392,111.488,bottle
003269.jpg,13.824,16.256,56.32,111.744,bottle
003269.jpg,0.256,16.256,13.568,112,bottle
000334.jpg,9.472,53.546357615894,69.888,70.8841059602649,car
006172.jpg,15.616,59.776,97.536,107.648,person
006172.jpg,40.448,18.816,92.416,97.664,person
003860.jpg,0.256,21.7552552552553,117.248,75.6141141141141,boat
003860.jpg,81.664,49.5780780780781,114.688,100.629129129129,person
008692.jpg,0.512,35.2837837837838,128,87.6111111111111,aeroplane
008692.jpg,40.96,60.2987987987988,74.496,105.478978978979,person
008692.jpg,14.848,63.3618618618619,20.48,80.7192192192192,person
008692.jpg,4.608,63.3618618618619,10.752,77.6561561561562,person
008692.jpg,45.568,63.8723723723724,53.76,88.6321321321321,person
006736.jpg,26.112,59.52,72.192,77.696,car
004898.jpg,37.376,20.352,64.512,93.568,person
004898.jpg,23.808,56.704,40.96,90.496,person
004898.jpg,69.888,60.288,78.592,70.528,pottedplant
004898.jpg,98.048,66.432,109.824,83.072,pottedplant
003213.jpg,71.424,21.7544910179641,127.232,56.6197604790419,person
003213.jpg,0.256,35.2425149700599,18.432,95.3023952095808,person
003213.jpg,0.256,33.4610778443114,90.112,106.5,cat
004946.jpg,50.304,11.008,86.912,128,person
004946.jpg,80.768,60.16,112,78.336,car
004946.jpg,23.424,63.744,36.992,70.144,car
002842.jpg,42.752,46.7951807228916,108.8,96.8915662650602,horse
002842.jpg,61.952,35.4096385542169,78.336,75.3855421686747,person
008164.jpg,1.536,40.576,59.648,112,person
008164.jpg,39.168,33.408,94.464,104.064,person
008164.jpg,87.552,39.04,128,79.232,person
008164.jpg,104.704,57.728,112.64,86.912,bottle
008164.jpg,118.016,56.704,125.184,84.096,bottle
007762.jpg,55.552,39.04,92.672,80.512,tvmonitor
007762.jpg,64.512,23.424,69.632,38.784,bottle
007762.jpg,74.752,24.192,79.616,34.176,bottle
007762.jpg,14.848,100.48,68.352,112,chair
007762.jpg,37.632,20.096,44.544,29.568,cat
004623.jpg,13.056,37.0793650793651,109.568,106.920634920635,bird
003947.jpg,33.408,98.816,62.08,128,chair
003947.jpg,62.08,103.424,93.824,128,chair
003947.jpg,40.576,77.824,54.144,88.064,tvmonitor
003947.jpg,40.576,93.44,95.872,128,diningtable
006976.jpg,36.992,60.928,108.16,127.488,chair
006976.jpg,77.952,70.912,95.872,89.088,cat
006976.jpg,47.232,74.496,79.488,92.672,cat
001523.jpg,35.584,58.24,128,112,horse
001523.jpg,72.96,41.344,112.896,111.232,person
007128.jpg,62.336,18.688,112,128,person
007128.jpg,31.872,19.2,70.528,128,person
007128.jpg,99.712,28.416,112,62.72,person
007128.jpg,88.192,33.28,99.712,58.624,person
007128.jpg,27.776,33.024,40.32,61.952,person
003879.jpg,79.872,30.592,102.656,99.2,person
003879.jpg,61.696,32.384,84.48,101.504,person
003879.jpg,54.016,32.128,65.792,101.76,person
003879.jpg,42.752,38.784,61.44,104.832,person
003879.jpg,22.016,34.688,48.896,99.456,person
004548.jpg,36.096,32.1975476839237,105.984,86.4264305177112,dog
007745.jpg,6.656,33.664,13.056,61.312,person
007745.jpg,11.008,25.984,124.672,102.272,car
009037.jpg,83.2,58.496,128,81.792,bus
007555.jpg,96.512,53.888,128,60.032,train
007513.jpg,0.256,24.3078078078078,118.016,106.5,train
001466.jpg,0.512,50.5990990990991,115.712,88.8873873873874,car
007715.jpg,6.656,25.984,119.296,111.488,pottedplant
009034.jpg,88.576,41.088,102.656,67.968,motorbike
009034.jpg,99.84,44.672,110.08,63.104,motorbike
009034.jpg,71.168,42.368,92.672,86.656,motorbike
009034.jpg,104.96,49.536,124.16,77.696,motorbike
009034.jpg,21.504,54.144,46.336,100.992,motorbike
009034.jpg,41.216,71.04,69.12,111.744,motorbike
009034.jpg,7.424,39.808,19.712,55.168,motorbike
009034.jpg,64.768,32.896,78.592,47.744,person
009034.jpg,55.808,32.384,66.816,48,person
009034.jpg,38.4,35.968,50.944,48.768,person
009034.jpg,36.864,35.2,45.056,45.44,person
009034.jpg,110.336,32.384,123.136,78.464,person
009034.jpg,118.016,32.384,128,97.408,person
009034.jpg,8.448,39.552,32,95.872,person
009034.jpg,33.792,35.968,78.848,110.208,person
008311.jpg,4.864,33.496996996997,98.304,101.394894894895,horse
006369.jpg,4.608,49.5780780780781,108.544,98.3318318318318,car
006369.jpg,111.36,47.536036036036,114.176,54.9384384384384,person
006369.jpg,116.224,47.536036036036,118.784,51.3648648648649,person
006369.jpg,104.704,47.7912912912913,106.496,53.1516516516516,person
006369.jpg,107.008,48.5570570570571,116.992,54.4279279279279,car
006369.jpg,115.2,49.0675675675676,128,58.7672672672673,car
006369.jpg,122.624,46.0045045045045,128,61.3198198198198,person
006369.jpg,85.504,45.7492492492492,97.28,52.3858858858859,car
006369.jpg,93.952,47.0255255255255,102.656,56.46996996997,person
006369.jpg,102.4,53.4069069069069,108.8,64.1276276276276,person
006369.jpg,52.736,49.3228228228228,57.856,55.1936936936937,person
006369.jpg,45.824,24.8183183183183,60.16,37.8363363363363,car
006233.jpg,98.816,93.568,108.288,104.832,person
008144.jpg,43.994459833795,60.928,98.786703601108,115.2,chair
008370.jpg,25.4892086330935,16.128,90.0551558752998,124.16,bird
009776.jpg,49.152,28.288,82.176,109.696,person
009776.jpg,9.984,47.488,103.424,107.392,motorbike
009776.jpg,0.256,43.392,38.4,76.672,car
005179.jpg,1.42222222222222,23.8222222222222,126.933333333333,112,sofa
003462.jpg,34.304,63.872,80.896,112,dog
003462.jpg,50.176,26.496,86.272,77.952,dog
003462.jpg,33.28,16.256,67.072,65.152,person
003462.jpg,78.336,16.512,118.016,41.856,person
003462.jpg,119.04,28.8,128,86.656,pottedplant
005682.jpg,55.04,16.768,86.272,53.632,person
005682.jpg,1.28,16.512,41.472,60.544,pottedplant
005682.jpg,36.352,17.024,66.304,53.888,pottedplant
008130.jpg,56.832,59.52,70.912,74.112,dog
008130.jpg,76.8,23.424,102.144,71.04,person
007224.jpg,36.864,49.0722891566265,74.496,77.9156626506024,train
007413.jpg,0.256,16.256,97.28,72.576,aeroplane
007413.jpg,34.56,71.552,42.752,90.496,person
004371.jpg,62.208,58.2718940936864,104.96,72.5285132382892,boat
004371.jpg,113.408,62.5997963340122,128,74.8197556008147,boat
004371.jpg,110.336,59.7993890020367,124.928,73.2922606924644,boat
004371.jpg,104.96,63.6181262729124,117.248,73.5468431771894,boat
004753.jpg,102.656,26.496,120.832,46.976,chair
004753.jpg,0.512,21.888,100.608,112,person
004753.jpg,53.248,19.072,84.224,57.728,person
004753.jpg,86.784,48,92.416,63.104,bottle
002458.jpg,5.632,54.4,26.112,67.968,motorbike
002458.jpg,9.984,49.536,17.664,63.36,person
005177.jpg,17.7824933687003,45.824,112,92.928,sofa
009290.jpg,13.056,36.0495495495496,74.496,89.3978978978979,person
009290.jpg,88.32,53.4069069069069,95.232,73.0615615615616,bottle
009290.jpg,32.256,37.0705705705706,115.968,74.5930930930931,sofa
009290.jpg,0.512,58.2567567567568,14.848,96.5450450450451,chair
009036.jpg,73.472,79.3864197530864,121.344,115.5,bicycle
009036.jpg,0.256,55.7345679012346,15.616,73.7913580246914,bicycle
009036.jpg,0.512,21.6555555555556,27.648,66.416049382716,bicycle
009036.jpg,77.568,46.0703703703704,121.6,110.922222222222,person
009036.jpg,7.424,13.0086419753086,28.416,45.3074074074074,person
009036.jpg,0.256,19.8753086419753,17.664,73.0283950617284,person
003118.jpg,52.992,26.8603603603604,73.216,49.0675675675676,bird
003118.jpg,92.416,60.5540540540541,118.016,77.6561561561562,bird
003118.jpg,76.288,65.9144144144144,95.488,84.8033033033033,bird
003118.jpg,32,40.1336336336336,100.096,106.5,person
003118.jpg,92.672,74.0825825825826,120.832,106.5,person
007521.jpg,45.056,65.1518771331058,59.648,71.2952218430034,boat
007521.jpg,118.016,65.1518771331058,127.488,70.5273037542662,boat
007521.jpg,6.656,65.6638225255973,27.904,72.3191126279864,boat
007521.jpg,5.12,46.721843003413,27.904,78.2064846416382,boat
003830.jpg,11.008,25.1162790697674,128,107.232558139535,train
007890.jpg,61.952,52.8963963963964,89.6,77.6561561561562,pottedplant
007890.jpg,73.984,71.53003003003,90.88,93.481981981982,pottedplant
001387.jpg,25.728,11.008,112,119.296,cat
001387.jpg,70.528,35.328,112,119.04,cat
004987.jpg,36.1791530944625,47.616,97.4104234527687,93.44,person
004987.jpg,73.0195439739414,46.08,103,91.648,person
009796.jpg,72.96,35.968,104.448,110.208,person
009796.jpg,46.592,41.344,82.432,112,person
009796.jpg,26.624,37.76,89.856,75.648,person
009796.jpg,19.456,39.552,51.2,112,person
001577.jpg,105.984,38.016,124.416,57.984,chair
001577.jpg,46.08,39.552,109.824,57.728,diningtable
001577.jpg,26.624,57.728,128,112,diningtable
001577.jpg,0.256,16.768,56.32,104.064,person
001577.jpg,20.224,16.256,57.6,61.312,person
001577.jpg,68.608,24.448,80.896,34.944,person
001577.jpg,80.128,19.072,92.928,43.648,person
001577.jpg,92.672,16.768,109.312,47.744,person
001577.jpg,108.544,25.216,116.736,35.456,person
001577.jpg,122.112,35.2,128,53.888,chair
004150.jpg,40.6441441441441,63.232,101.65015015015,112.64,cat
004150.jpg,25.3288288288288,18.688,84.8033033033033,88.832,tvmonitor
001156.jpg,25.6,33.4511278195489,105.984,95.8270676691729,cat
004735.jpg,0.256,68.736,74.496,112,chair
004735.jpg,0.256,50.56,32.256,63.36,chair
009337.jpg,59.136,57.2421203438395,126.72,102.634670487106,horse
004484.jpg,38.144,64.64,56.576,83.328,chair
004484.jpg,57.088,61.312,71.168,77.184,chair
004484.jpg,103.936,57.984,120.064,72.32,chair
004484.jpg,7.424,83.584,32.768,112,chair
004484.jpg,107.264,69.504,128,112,chair
004484.jpg,93.952,74.88,116.992,112,chair
004484.jpg,12.032,66.944,128,112,diningtable
004484.jpg,22.784,49.024,40.96,71.296,pottedplant
004948.jpg,53.76,76.672,75.264,104.832,pottedplant
004948.jpg,32.512,70.528,51.968,102.016,pottedplant
004948.jpg,41.728,47.488,56.32,71.552,pottedplant
004948.jpg,58.112,49.28,72.704,72.576,pottedplant
005897.jpg,107.264,68.0648648648649,124.928,77.972972972973,car
005897.jpg,79.872,71.8756756756757,110.336,82.2918918918919,car
005897.jpg,64.256,79.4972972972973,115.712,104.140540540541,car
003779.jpg,14.9333333333333,30,106.666666666667,104.133333333333,horse
003779.jpg,48.5333333333333,20.4,85.8666666666667,71.3333333333333,person
002120.jpg,58.368,30.3805970149254,88.832,44.3358208955224,bird
002120.jpg,16.384,27.589552238806,126.976,106.246268656716,person
004526.jpg,26.624,34.944,111.616,77.184,car
006718.jpg,23.296,65.408,31.232,82.048,bicycle
006718.jpg,19.456,53.632,25.856,81.28,person
006428.jpg,0.512,24.448,128,112,horse
006428.jpg,23.808,59.264,38.912,95.872,person
006428.jpg,0.256,81.792,16.384,112,person
008654.jpg,10.24,50.5147928994083,66.304,86.3905325443787,bird
008750.jpg,6.144,36.736,122.624,93.824,car
008750.jpg,0.256,45.184,12.032,68.736,car
006621.jpg,36.352,16.512,109.056,46.72,sofa
006621.jpg,40.704,58.496,74.24,103.808,person
003589.jpg,39.168,64.5083798882682,94.208,101.111731843575,bicycle
003589.jpg,50.688,35.7849162011173,82.944,95.2653631284916,person
003589.jpg,6.144,36.8016759776536,17.408,62.2206703910615,person
003589.jpg,1.536,31.7178770949721,22.784,61.9664804469274,person
003589.jpg,16.384,43.1564245810056,30.208,61.4581005586592,person
003589.jpg,20.224,31.463687150838,32,49.7653631284916,person
003589.jpg,27.648,38.5810055865922,35.584,58.9162011173184,person
003589.jpg,32.768,31.463687150838,45.568,55.6117318435754,person
003589.jpg,30.976,53.5782122905028,40.448,60.9497206703911,person
003589.jpg,43.776,45.1899441340782,55.296,60.1871508379888,person
003589.jpg,65.792,33.7513966480447,75.52,45.6983240223464,person
003589.jpg,81.92,42.9022346368715,99.328,59.6787709497207,person
003589.jpg,98.816,30.9553072625698,111.616,59.1703910614525,person
003589.jpg,112.128,37.5642458100559,124.416,58.1536312849162,person
003589.jpg,111.616,28.6675977653631,126.464,57.8994413407821,person
007330.jpg,60.416,28.6976744186046,98.048,78.3255813953488,person
003986.jpg,11.264,30.592,79.616,100.48,dog
003986.jpg,44.8,23.168,118.272,92.544,person
003986.jpg,8.96,19.84,127.488,111.488,sofa
001721.jpg,58.624,63.6173020527859,98.048,107.5,person
001721.jpg,58.624,69.7404692082112,79.104,103.16275659824,person
001721.jpg,104.704,77.6495601173021,127.744,99.3357771260997,person
001721.jpg,94.976,77.3944281524927,102.656,90.1510263929619,person
001721.jpg,121.344,79.4354838709677,127.232,82.4970674486804,person
006411.jpg,98.304,52.352,126.208,78.208,tvmonitor
006411.jpg,0.256,69.504,35.584,112,sofa
006657.jpg,48.64,36.7506963788301,87.296,86.6866295264624,cat
009508.jpg,60.951871657754,81.408,74.4144385026738,98.56,train
004837.jpg,69.888,51.328,128,97.92,sofa
004837.jpg,17.152,58.496,64.768,107.392,chair
001995.jpg,39.552,8.96,87.936,64,chair
007350.jpg,58.4,78.1333333333333,122.4,112,diningtable
007350.jpg,1.06666666666667,68.5333333333333,48.5333333333333,103.466666666667,diningtable
007350.jpg,23.2,64.2666666666667,37.6,71.2,chair
007350.jpg,24.2666666666667,71.7333333333333,43.2,94.9333333333333,chair
007350.jpg,47.2,76.5333333333333,68.8,105.333333333333,chair
007350.jpg,73.8666666666667,70.9333333333333,87.4666666666667,86.9333333333333,chair
007350.jpg,45.6,36,65.3333333333333,112,person
007350.jpg,65.3333333333333,39.2,84.2666666666667,90.9333333333333,person
004929.jpg,55.04,21.376,128,112,dog
003003.jpg,50.944,51.584,89.344,112,person
003003.jpg,88.064,49.28,128,112,person
003003.jpg,6.912,62.336,24.832,103.296,person
003003.jpg,0.256,60.544,8.192,97.664,person
000066.jpg,53.504,63.872,58.368,74.88,person
000066.jpg,61.952,62.592,70.144,82.304,person
000066.jpg,68.864,64.128,75.52,82.304,person
006404.jpg,54.128125,59.392,68.05,69.12,cow
009227.jpg,110.08,55.4489489489489,127.232,69.2327327327327,dog
009227.jpg,0.256,42.6861861861862,18.432,76.6351351351351,sheep
009227.jpg,18.432,42.6861861861862,41.728,78.6771771771772,sheep
009227.jpg,33.024,41.4099099099099,48.384,73.0615615615616,sheep
002682.jpg,43.008,54.656,84.48,87.424,car
001825.jpg,0.256,25.984,103.168,92.8,cat
001825.jpg,0.256,16.768,128,111.232,dog
008793.jpg,34.304,16.256,110.848,77.696,bus
008793.jpg,108.544,50.816,116.224,59.776,car
008793.jpg,118.272,45.696,128,65.92,car
009763.jpg,0.256,16.256,128,111.744,sofa
009763.jpg,71.936,49.536,123.904,84.864,cat
009763.jpg,10.752,24.192,85.504,97.408,dog
009465.jpg,4.88549618320611,19.9768786127168,127.022900763359,116.439306358382,horse
005888.jpg,70.912,26.24,128,111.488,dog
005888.jpg,3.328,33.664,85.504,112,dog
009469.jpg,9.216,44.672,123.392,98.432,car
009469.jpg,0.256,44.416,33.28,64.128,car
009469.jpg,119.808,33.92,128,70.784,person
009469.jpg,105.984,34.176,118.528,55.936,person
009469.jpg,52.48,36.48,60.416,45.952,person
009469.jpg,40.192,39.296,45.312,45.696,person
009469.jpg,28.416,41.344,32.512,44.16,person
009469.jpg,25.856,41.856,29.44,45.184,person
009469.jpg,96.768,78.72,128,112,car
008716.jpg,50.176,45.2387387387387,92.416,74.3378378378378,car
000612.jpg,56.448,36.864,112,128,person
000612.jpg,16.256,28.16,65.92,128,person
000612.jpg,16.256,0.256,111.744,54.528,train
005239.jpg,62.336,46.336,103.552,128,person
005239.jpg,104.576,69.888,112,93.696,person
005239.jpg,66.432,48.384,74.112,60.928,person
005239.jpg,59.52,53.76,66.944,60.16,person
001148.jpg,56.832,58.752,63.488,63.872,car
008725.jpg,3.84,45.696,68.096,77.696,boat
008725.jpg,84.224,66.944,91.648,69.504,boat
006643.jpg,46.08,25.984,115.712,112,bird
000023.jpg,23.7904191616766,58.88,83.8502994011976,128,bicycle
000023.jpg,80.0329341317365,56.32,106.5,128,bicycle
000023.jpg,22.0089820359281,45.568,44.4041916167665,128,bicycle
000023.jpg,22.0089820359281,0.256,51.2754491017964,94.464,person
000023.jpg,22.2634730538922,0.512,83.3413173652695,118.272,person
000023.jpg,78.7604790419162,0.256,106.5,124.416,person
002916.jpg,65.92,73.216,71.296,77.056,person
002916.jpg,69.76,67.84,91.008,91.648,sofa
006869.jpg,42.752,44.416,126.208,85.888,cat
006671.jpg,14.592,59.008,51.456,78.464,bird
006671.jpg,68.608,42.368,114.176,76.16,bird
005723.jpg,2.816,65.4066496163683,13.824,82.0306905370844,tvmonitor
005723.jpg,60.16,72.3120204603581,71.936,86.8900255754476,chair
005723.jpg,71.936,69.7544757033248,82.688,80.7519181585678,chair
005723.jpg,101.376,68.2199488491049,116.224,79.2173913043478,chair
005723.jpg,120.064,70.5217391304348,126.72,111.186700767263,chair
005723.jpg,105.472,75.8925831202046,122.88,113.744245524297,chair
005723.jpg,60.928,77.9386189258312,96.512,114,chair
005723.jpg,11.008,75.6368286445013,54.528,114,sofa
004747.jpg,0.256,27.776,120.832,105.856,car
007033.jpg,0.256,17.024,128,112,aeroplane
003699.jpg,0.512,33.152,26.368,71.552,sofa
003699.jpg,57.344,34.432,76.288,61.568,pottedplant
003699.jpg,116.992,34.176,126.464,41.856,pottedplant
003699.jpg,42.752,29.824,46.336,59.008,pottedplant
003699.jpg,46.336,51.328,52.736,59.52,pottedplant
003699.jpg,76.288,35.2,81.92,54.4,pottedplant
003699.jpg,0.256,32.64,111.104,95.872,person
004911.jpg,0.256,46.72,25.344,77.696,train
004911.jpg,17.92,25.472,101.376,103.808,train
001485.jpg,11.008,48.3018018018018,85.504,98.0765765765766,motorbike
001485.jpg,27.904,29.9234234234234,64.256,97.8213213213213,person
001485.jpg,11.52,68.2117117117117,43.264,106.5,person
004537.jpg,46.336,45.6288659793814,102.912,95.639175257732,horse
004537.jpg,0.256,63.2345360824742,33.792,108.907216494845,cow
004537.jpg,0.256,40.0154639175258,50.432,70.889175257732,cow
004537.jpg,68.096,38.7396907216495,89.088,54.5592783505155,cow
004537.jpg,67.072,32.6159793814433,109.824,57.8762886597938,cow
004537.jpg,110.848,34.6572164948454,126.208,70.1237113402062,cow
004537.jpg,51.712,22.9201030927835,69.12,81.6056701030928,person
003085.jpg,44.544,36.6808510638298,83.712,83.9148936170213,cat
001287.jpg,0.512,45.3042394014963,50.688,90.5810473815461,horse
001287.jpg,45.568,39.1995012468828,128,115,person
003412.jpg,37.1807228915663,33.536,106,128,motorbike
003412.jpg,55.144578313253,15.872,106,112.64,person
008307.jpg,42.9333333333333,29.7724795640327,70.4,67.3038147138965,person
008307.jpg,20.8,37.9659400544959,109.866666666667,98.2275204359673,horse
004685.jpg,39.3678678678679,42.24,62.5960960960961,87.296,person
004685.jpg,51.8753753753754,42.752,105.223723723724,105.984,person
002270.jpg,17.92,28.544,121.6,97.152,bicycle
000118.jpg,41.984,40.832,71.936,112,cat
001413.jpg,95.488,57.728,123.392,81.536,bird
001413.jpg,48.384,49.28,59.904,60.544,bird
001413.jpg,24.576,55.68,38.144,64.128,bird
001413.jpg,0.768,58.752,5.632,77.952,bird
001413.jpg,44.032,61.312,60.672,78.208,bird
001413.jpg,65.536,62.336,82.688,85.888,bird
001413.jpg,21.248,74.112,41.472,95.104,bird
001413.jpg,34.304,70.016,53.76,90.24,bird
001413.jpg,30.208,64.128,40.192,73.856,bird
009454.jpg,46.336,75.904,88.064,112,chair
009454.jpg,77.056,54.656,96.256,75.392,tvmonitor
006934.jpg,106.24,30.336,128,88.704,person
006934.jpg,50.944,41.856,72.704,79.232,person
006934.jpg,25.344,52.352,62.464,109.184,person
006934.jpg,0.256,31.616,53.76,112,person
006934.jpg,3.584,34.176,17.408,58.24,person
006934.jpg,42.752,73.856,128,112,diningtable
008983.jpg,96.768,65.884236453202,124.416,89.5,chair
008983.jpg,100.608,49.8054187192118,126.976,88.9975369458128,person
008983.jpg,78.08,45.5344827586207,98.304,59.3522167487685,person
008983.jpg,57.344,41.2635467980296,77.312,61.1108374384236,person
008983.jpg,20.224,46.2881773399015,54.016,72.9187192118227,person
008983.jpg,1.28,51.564039408867,35.584,89.5,person
008983.jpg,26.112,59.6034482758621,108.032,89.5,diningtable
008983.jpg,0.256,40.0073891625616,24.064,64.1256157635468,sofa
007095.jpg,57.856,49.28,111.872,90.24,bus
006503.jpg,111.36,37.504,118.016,56.704,bottle
006503.jpg,100.864,36.48,106.496,51.072,bottle
006503.jpg,121.344,45.696,128,63.616,bottle
006503.jpg,78.592,43.904,121.344,99.712,person
006503.jpg,56.064,38.016,89.6,85.12,person
006503.jpg,0.256,31.36,25.6,79.232,person
006503.jpg,0.768,67.456,122.624,112,diningtable
005028.jpg,1.024,35.712,79.872,98.432,car
005028.jpg,75.264,46.208,126.72,90.752,car
003587.jpg,18.432,28.1939058171745,126.976,86.0443213296399,train
003587.jpg,0.256,61.5789473684211,14.848,66.6759002770083,car
002088.jpg,0.256,29.5903614457831,120.32,106,cow
003797.jpg,79.872,88.6014492753623,88.576,107.369565217391,person
003797.jpg,68.864,84.7971014492754,77.312,97.4782608695652,person
003797.jpg,92.672,92.6594202898551,102.656,103.81884057971,person
003797.jpg,104.448,90.8840579710145,112.384,105.847826086957,person
003797.jpg,113.408,95.1956521739131,121.088,106.86231884058,person
003797.jpg,122.112,96.463768115942,128,109.398550724638,person
003797.jpg,9.984,11.7536231884058,128,112.949275362319,boat
002943.jpg,43.008,75.648,93.952,112,chair
002943.jpg,90.112,74.112,124.928,112,chair
002943.jpg,100.352,71.04,121.856,76.16,chair
002943.jpg,6.912,74.624,128,112,diningtable
009908.jpg,64.512,59.52,99.328,87.424,cow
009908.jpg,27.392,44.16,64.768,84.608,cow
009908.jpg,70.912,56.96,81.152,62.08,bird
009908.jpg,37.376,33.92,46.336,46.464,bird
009908.jpg,28.416,67.456,33.536,81.536,bird
003242.jpg,46.336,53.888,69.632,80.256,bird
009959.jpg,49.152,52.352,84.48,63.872,car
001406.jpg,27.904,48.512,103.424,111.488,dog
001406.jpg,0.256,25.216,106.752,93.568,person
001406.jpg,0.256,16.256,128,111.488,sofa
007855.jpg,1.792,53.12,114.944,91.52,bus
007855.jpg,114.432,71.296,121.6,75.392,car
007247.jpg,25.6,39.808,126.464,90.496,car
007247.jpg,115.2,73.088,128,97.408,car
005508.jpg,38.784,33.536,86.4,128,person
005508.jpg,48.512,92.416,77.952,121.856,chair
007786.jpg,99.072,39.04,128,65.152,cow
007786.jpg,13.824,39.552,79.872,66.176,cow
007786.jpg,0.512,41.344,29.184,66.944,cow
007786.jpg,67.84,38.272,106.752,70.784,person
002836.jpg,65.024,55.9594594594595,81.92,89.3978978978979,bird
002836.jpg,32,57.7462462462462,52.48,86.5900900900901,bird
009004.jpg,10.24,36.7694610778443,116.224,102.173652694611,motorbike
009004.jpg,45.312,22.0089820359281,81.152,43.8952095808383,motorbike
009004.jpg,59.136,22.0089820359281,104.448,44.4041916167665,motorbike
009004.jpg,80.64,22.2634730538922,126.72,58.4011976047904,motorbike
004508.jpg,9.472,34.9880239520958,15.616,54.3293413173653,bottle
004508.jpg,95.488,74.688622754491,98.816,88.940119760479,bottle
004508.jpg,97.28,76.2155688622755,101.632,89.7035928143713,bottle
004508.jpg,4.864,46.440119760479,72.192,105.736526946108,person
004508.jpg,113.408,22.2634730538922,128,106.245508982036,person
007868.jpg,9.92,5.12,124.16,120.96,cat
008604.jpg,0.256,45.44,120.576,112,boat
008604.jpg,22.016,21.12,40.704,84.608,person
008604.jpg,37.632,40.576,58.88,86.656,person
008604.jpg,36.352,64.64,65.536,99.968,person
008604.jpg,64.256,53.12,90.368,99.456,person
008604.jpg,82.176,41.856,101.376,67.712,person
008604.jpg,86.016,37.76,100.096,61.824,person
008604.jpg,97.024,36.992,114.432,60.288,person
000926.jpg,16.256,4.096,103.04,128,person
000926.jpg,70.016,85.504,77.696,99.84,person
000926.jpg,66.944,79.104,75.136,89.856,person
000926.jpg,60.544,80.64,69.76,92.16,person
000926.jpg,65.152,90.624,73.856,101.376,person
000926.jpg,55.168,90.624,66.432,101.888,person
000926.jpg,48.256,90.88,56.96,102.656,person
000926.jpg,47.744,81.664,57.728,95.488,person
000926.jpg,53.632,81.92,62.08,90.88,person
005469.jpg,11.008,47.2807807807808,128,106.5,sheep
006628.jpg,16.384,48.768,28.928,55.68,chair
006628.jpg,40.192,47.744,48.64,59.776,chair
006628.jpg,44.032,51.072,53.504,62.592,chair
006628.jpg,54.528,52.864,64.512,65.92,chair
006628.jpg,63.744,57.216,74.496,71.296,chair
006628.jpg,34.048,68.992,69.376,112,chair
006628.jpg,4.352,61.824,38.912,111.488,chair
006628.jpg,9.216,55.936,26.624,84.864,chair
006628.jpg,3.584,50.048,15.616,84.096,chair
006628.jpg,12.288,54.4,55.296,112,diningtable
006628.jpg,98.816,42.624,109.824,51.84,tvmonitor
005905.jpg,68.9777777777778,14.7067137809187,127.644444444444,114,person
005905.jpg,0.711111111111111,14.7067137809187,87.4666666666667,114,person
003751.jpg,0.512,69.8532934131737,35.84,106.5,sofa
003751.jpg,18.176,79.2694610778443,26.88,85.377245508982,cat
003751.jpg,29.44,65.0179640718563,54.272,84.3592814371258,chair
003751.jpg,62.464,60.6916167664671,72.448,73.9251497005988,chair
003751.jpg,97.28,21.7544910179641,122.88,60.437125748503,tvmonitor
003751.jpg,104.192,30.1526946107784,116.736,57.1287425149701,person
001334.jpg,4.096,33.92,125.184,89.728,car
001334.jpg,120.832,42.624,128,48,car
001334.jpg,1.024,40.832,17.408,46.464,car
001334.jpg,11.008,40.576,24.576,45.44,car
001334.jpg,26.112,40.32,33.792,47.744,car
003386.jpg,0.256,47.702846975089,128,99.5,aeroplane
003386.jpg,6.656,41.6387900355872,12.032,54.2722419928826,person
007947.jpg,0.512,61.5750750750751,83.712,75.6141141141141,train
007571.jpg,34.816,41.6,64.512,86.912,person
007571.jpg,65.28,37.248,93.44,83.328,person
007571.jpg,33.792,64.128,68.608,97.664,bicycle
007571.jpg,68.096,62.336,90.88,94.848,bicycle
001752.jpg,16.768,1.024,112,128,tvmonitor
006351.jpg,22.784,30.08,99.84,112,person
006351.jpg,6.656,43.904,33.792,72.832,pottedplant
006351.jpg,91.648,46.464,119.04,74.88,pottedplant
004194.jpg,87.5824175824176,70.144,108.232967032967,101.632,boat
007838.jpg,58.88,42.368,81.408,83.584,dog
004067.jpg,32,61.3353474320242,43.776,70.2175226586103,motorbike
004067.jpg,54.016,60.5740181268882,67.328,68.6948640483384,motorbike
004067.jpg,72.96,59.558912386707,86.272,68.1873111782477,motorbike
004067.jpg,37.632,56.7673716012085,44.544,68.4410876132931,person
004067.jpg,60.16,56.7673716012085,67.328,66.6646525679758,person
004067.jpg,79.872,56.5135951661631,86.272,67.1722054380665,person
000563.jpg,41.984,58.24,115.2,69.76,boat
003554.jpg,19.2,53.6621621621622,111.616,85.3138138138138,aeroplane
007276.jpg,69.632,47.1268656716418,95.744,78.8432835820896,train
007276.jpg,119.04,75.544776119403,122.624,86.455223880597,person
003145.jpg,4.352,22.912,89.856,112,person
003145.jpg,80.64,25.984,128,112,person
004307.jpg,43.776,44.0120481927711,116.224,88.289156626506,horse
004307.jpg,15.616,46.289156626506,75.52,83.9879518072289,horse
004509.jpg,34.518018018018,55.808,106.5,120.32,bicycle
004509.jpg,39.6231231231231,14.848,102.160660660661,102.912,person
004487.jpg,37.5329341317365,40.192,79.2694610778443,107.008,horse
004487.jpg,36.7694610778443,10.496,71.3802395209581,64.512,person
004271.jpg,62.9814814814815,69.12,73.6759259259259,88.832,bird
007327.jpg,100.864,82.304,116.224,103.04,chair
007327.jpg,76.288,81.792,92.416,104.832,chair
007327.jpg,84.736,75.648,97.28,83.84,chair
007327.jpg,37.12,76.16,47.872,90.496,chair
007327.jpg,55.808,77.44,68.608,93.824,chair
007327.jpg,67.328,74.624,75.264,90.24,chair
007327.jpg,98.56,70.528,109.056,77.184,bicycle
007327.jpg,62.976,70.272,79.36,80.512,bicycle
007327.jpg,2.048,76.416,11.008,87.68,chair
007327.jpg,34.816,72.32,41.472,82.048,chair
007327.jpg,40.96,70.528,46.848,80.768,chair
007327.jpg,31.232,70.272,36.352,79.488,chair
005067.jpg,102.4,80.9744744744745,112.896,91.1846846846847,car
003063.jpg,29.824,2.304,90.496,124.16,person
003063.jpg,16.768,11.008,111.232,98.816,sofa
003327.jpg,39.04,8.96,99.2,121.856,motorbike
003327.jpg,90.496,0.512,112,67.584,person
003327.jpg,50.048,0.256,65.92,23.04,person
003327.jpg,70.272,0.256,75.648,10.496,person
006162.jpg,9.728,47.0255255255255,113.92,76.3798798798799,aeroplane
001622.jpg,70.016,76.544,76.16,107.264,bicycle
001622.jpg,67.2,60.928,79.232,100.096,person
001622.jpg,55.936,64.768,58.752,74.496,person
001622.jpg,51.584,64.512,55.168,74.496,person
001622.jpg,16.256,63.232,54.144,107.008,car
001622.jpg,16.768,89.6,30.592,121.088,car
001622.jpg,65.92,67.84,68.48,76.288,car
009005.jpg,22.016,34.432,44.288,79.744,person
009005.jpg,61.952,32.128,97.536,106.368,person
009005.jpg,46.592,30.848,69.12,77.184,person
009005.jpg,43.008,30.336,54.784,73.088,person
009005.jpg,82.688,19.84,101.632,67.712,person
009005.jpg,118.784,17.792,128,77.952,person
009005.jpg,31.232,18.048,40.96,42.624,person
009005.jpg,23.296,56.96,42.752,90.496,bicycle
009005.jpg,60.928,67.456,96,112,bicycle
009005.jpg,50.176,55.168,68.352,89.472,bicycle
002427.jpg,64.4,73.2,104.4,107.2,sofa
002427.jpg,0.4,40,54.8,112,sofa
002427.jpg,101.2,88.4,128,112,pottedplant
003407.jpg,0.256,41.6,100.864,89.472,bus
003407.jpg,51.712,42.624,101.12,111.744,person
003407.jpg,122.624,61.568,128,72.32,bus
003407.jpg,118.016,62.336,123.392,72.064,bus
003407.jpg,111.616,62.336,118.272,71.552,bus
003407.jpg,106.496,62.848,111.872,70.272,bus
003407.jpg,99.584,63.36,107.008,69.76,bus
003407.jpg,95.488,64.128,99.072,69.248,bus
003407.jpg,104.96,67.712,107.008,72.576,person
003407.jpg,7.168,56.96,46.336,112,person
009116.jpg,2.304,60.032,116.736,106.88,car
000020.jpg,24.448,37.888,110.976,106.496,car
008790.jpg,0.256,65.3960244648318,54.528,80.8792048929664,train
008683.jpg,2.048,22.2657657657658,128,106.5,aeroplane
000228.jpg,23.552,42.4309309309309,80.384,79.6981981981982,aeroplane
001277.jpg,0.512,29.8433734939759,128,95.1204819277108,aeroplane
005036.jpg,58.112,53.8203592814371,92.672,106.5,cow
005036.jpg,41.984,58.4011976047904,57.088,81.559880239521,cow
005036.jpg,91.136,52.0389221556886,96,60.6916167664671,cow
005036.jpg,86.528,47.4580838323353,90.88,55.6017964071856,person
005036.jpg,79.36,46.9491017964072,82.688,53.8203592814371,person
004524.jpg,79.616,85.888,98.048,104.064,bird
004524.jpg,65.536,49.536,79.104,59.776,bird
004524.jpg,118.016,66.688,128,78.208,bird
004524.jpg,27.392,16.256,47.616,21.376,bird
009719.jpg,40.704,38.4491525423729,128,116.5,horse
009719.jpg,1.536,29.2966101694915,107.264,116.245762711864,horse
001011.jpg,49.152,16.256,72.448,41.344,tvmonitor
001011.jpg,61.184,16.768,128,112,person
008342.jpg,34.56,37.735,79.36,98.17,cow
008342.jpg,91.648,54.565,128,79.81,sheep
008342.jpg,79.872,71.395,128,115,sheep
008342.jpg,69.888,66.04,87.552,101.23,sheep
008342.jpg,2.816,65.785,61.952,115,sheep
002924.jpg,71.936,23.7639751552795,121.6,105,pottedplant
002924.jpg,0.256,27.3291925465838,64.512,104.236024844721,cat
005058.jpg,33.536,84.096,45.312,93.824,sheep
005058.jpg,22.016,88.96,32.512,96.64,sheep
000610.jpg,12.8,42.5597014925373,128,93.8134328358209,aeroplane
000633.jpg,76.8,47.232,110.848,77.44,tvmonitor
000633.jpg,0.512,21.632,86.784,112,person
007525.jpg,34.304,60.175,103.424,98.935,car
005760.jpg,10.496,47.744,59.392,74.112,car
005760.jpg,56.32,48.512,114.688,74.624,car
006587.jpg,54.528,23.936,73.728,66.688,person
009230.jpg,32.256,27.776,83.456,80,person
009230.jpg,0.256,41.6,92.416,112,motorbike
002946.jpg,72.448,65.152,97.28,94.592,pottedplant
007843.jpg,12.544,80.775,120.576,117.375,car
003112.jpg,41.984,29.0890868596882,78.336,91.293986636971,bird
000033.jpg,2.304,44.6885245901639,127.744,84.327868852459,aeroplane
000033.jpg,107.776,68.3196721311475,123.392,74.9262295081967,aeroplane
000033.jpg,83.2,65.2704918032787,105.216,74.1639344262295,aeroplane
002047.jpg,53.76,73.6,75.52,88.96,sofa
001346.jpg,79.104,59.5676855895197,91.136,93,bottle
001346.jpg,56.32,36.0131004366812,114.432,93,person
001346.jpg,1.792,35.2532751091703,67.072,92.7467248908297,person
006860.jpg,44.288,53.4069069069069,78.08,71.53003003003,aeroplane
003946.jpg,41.4099099099099,10.24,82.2507507507508,64,person
003946.jpg,22.2657657657658,36.096,81.2297297297297,124.416,dog
002219.jpg,56.32,32.64,80.384,61.312,person
003214.jpg,58.88,52.608,126.976,72.32,car
003214.jpg,52.736,54.656,88.32,71.296,car
003214.jpg,42.752,57.216,64.512,70.016,car
003214.jpg,35.072,57.728,54.528,69.76,car
003214.jpg,27.136,57.984,47.104,69.76,car
003214.jpg,21.248,58.752,39.936,69.248,car
003214.jpg,17.408,62.08,32,68.992,car
001713.jpg,8.96,24.8310344827586,122.624,99.3413793103448,cow
001787.jpg,37.632,41.856,70.912,104.832,bird
003898.jpg,26.368,59.5540540540541,40.192,66.9216216216216,bird
003898.jpg,38.912,62.6027027027027,50.944,68.445945945946,bird
009732.jpg,15.7333333333333,30.589485458613,100.266666666667,113.91610738255,horse
009732.jpg,51.2,13.2852348993289,82.6666666666667,76.9116331096197,person
005930.jpg,12.288,47.6689655172414,54.528,77.2689655172414,bicycle
005930.jpg,3.072,31.0827586206897,12.288,71.9103448275862,person
005930.jpg,105.472,51.751724137931,113.408,61.7034482758621,person
005930.jpg,16.384,28.7862068965517,43.52,72.9310344827586,person
005930.jpg,105.216,57.3655172413793,116.224,65.5310344827586,bicycle
006865.jpg,7.424,25.5840840840841,79.872,94.7582582582583,bird
007068.jpg,19.0098039215686,75.52,109.245098039216,128,car
007068.jpg,19.2647058823529,40.192,109.5,87.552,car
007068.jpg,19.0098039215686,28.16,109.5,47.616,car
007068.jpg,27.1666666666667,18.944,109.5,34.048,car
007068.jpg,34.5588235294118,11.776,104.656862745098,30.208,car
007068.jpg,42.4607843137255,6.144,100.323529411765,19.2,car
007068.jpg,45.2647058823529,2.048,97.7745098039216,13.568,car
007068.jpg,46.7941176470588,0.512,92.1666666666667,5.888,car
000902.jpg,18.176,34.7293233082707,84.992,93.2706766917293,dog
000902.jpg,69.376,32.1729323308271,127.744,66.6842105263158,dog
000902.jpg,40.96,21.6917293233083,80.128,39.8421052631579,dog
000902.jpg,89.856,25.015037593985,128,33.9624060150376,dog
000902.jpg,1.024,13.5112781954887,40.448,84.8345864661654,person
000902.jpg,81.408,13.5112781954887,98.56,33.4511278195489,person
003465.jpg,33.792,63.104,73.984,97.92,person
007197.jpg,23.552,36.0059880239521,93.184,106.5,cat
009679.jpg,34,19.2,62.4,56.4,bottle
009679.jpg,64.8,22,80.8,58.8,bottle
009679.jpg,80.8,34.4,91.2,56.4,bottle
009679.jpg,94.4,22,114,56,bottle
009679.jpg,112.8,28,116.4,58.8,bottle
005938.jpg,95.488,66.9392971246006,101.888,83.0415335463259,chair
005938.jpg,107.776,71.2843450479233,116.48,91.7316293929713,chair
005938.jpg,34.56,42.6581469648562,102.656,104,person
005938.jpg,0.768,50.0702875399361,38.912,103.744408945687,person
005938.jpg,37.888,53.6485623003195,57.344,80.4856230031949,person
005938.jpg,2.048,56.4600638977636,13.568,68.7284345047923,person
006367.jpg,29.44,22.0105105105105,102.4,106.5,bird
001110.jpg,4.864,34.688,67.584,94.08,cat
001110.jpg,65.024,32.896,127.488,99.456,cat
003865.jpg,33.792,80.768,77.312,112,diningtable
003865.jpg,98.56,31.36,128,112,person
003865.jpg,73.216,59.52,107.264,112,person
003865.jpg,33.792,61.312,59.904,83.072,person
003865.jpg,6.4,59.776,44.8,112,person
003865.jpg,96.256,82.816,117.76,112,chair
003865.jpg,0.256,83.072,17.408,112,chair
003865.jpg,104.192,64.64,115.712,81.28,bottle
003865.jpg,60.672,72.576,65.28,88.704,bottle
007147.jpg,53.9174174174174,45.568,83.2717717717718,128,person
007147.jpg,22.0105105105105,57.344,27.8813813813814,72.448,person
001557.jpg,9.216,47.2553956834532,97.024,73.4424460431655,aeroplane
001557.jpg,102.144,66.3920863309353,107.776,77.9748201438849,person
009712.jpg,47.872,59.008,62.208,112,person
009712.jpg,61.184,62.08,75.52,112,person
002496.jpg,15.616,30.3465346534653,128,101.222772277228,train
001233.jpg,37.8363363363363,36.608,87.1006006006006,128,cat
004958.jpg,15.36,26.3498498498498,69.888,93.7372372372372,boat
006042.jpg,52.48,47.536036036036,81.408,75.8693693693694,dog
005042.jpg,60.9294117647059,52.48,97.7764705882353,118.272,bicycle
005042.jpg,21.5235294117647,46.592,58.1147058823529,109.568,bicycle
005042.jpg,60.1617647058824,9.472,104.429411764706,102.144,person
005042.jpg,20.7558823529412,11.776,60.6735294117647,100.864,person
001962.jpg,104.192,46.7702702702703,128,106.5,bus
001962.jpg,93.44,77.9114114114114,99.328,84.8033033033033,car
007271.jpg,13.056,49.024,90.112,84.608,bus
007271.jpg,105.728,68.224,109.312,75.904,person
007271.jpg,23.296,70.784,35.328,87.936,person
007271.jpg,14.848,76.16,40.96,93.056,motorbike
002441.jpg,11.008,32.384,128,108.672,cat
002441.jpg,0.512,38.528,128,112,tvmonitor
005614.jpg,14.848,65.152,71.936,86.912,boat
005614.jpg,53.76,34.432,85.504,76.672,boat
005614.jpg,80.384,65.664,105.728,74.88,boat
003103.jpg,11.7008310249308,46.6548672566372,116.299168975069,89.8407079646018,car
005018.jpg,48.896,43.570996978852,105.472,100.163141993958,dog
005018.jpg,5.888,23.2688821752266,64,72.2477341389728,dog
007856.jpg,38.656,51.6201201201201,100.864,80.2087087087087,car
007856.jpg,23.296,47.2807807807808,30.976,61.3198198198198,person
007856.jpg,17.92,48.0465465465466,25.856,61.5750750750751,person
007856.jpg,13.824,44.9834834834835,18.432,52.1306306306306,person
007856.jpg,8.192,44.472972972973,13.312,51.1096096096096,person
007856.jpg,3.84,44.9834834834835,8.96,50.8543543543544,person
007856.jpg,3.072,47.7912912912913,11.008,62.3408408408408,person
007856.jpg,8.704,48.3018018018018,13.824,61.8303303303303,person
007856.jpg,12.032,47.7912912912913,20.48,61.5750750750751,person
007856.jpg,55.552,55.1936936936937,62.208,62.0855855855856,person
007856.jpg,6.656,38.3468468468468,10.24,43.1966966966967,person
007856.jpg,1.536,37.8363363363363,5.888,42.4309309309309,person
000635.jpg,39.424,54.144,107.52,103.552,train
000635.jpg,3.84,69.504,10.24,76.928,train
004273.jpg,0.256,19.84,82.176,112,person
004273.jpg,67.584,31.104,128,112,person
002354.jpg,16.384,48.768,115.456,80.512,aeroplane
007417.jpg,10.24,46.9368029739777,78.336,82.5799256505576,dog
007417.jpg,77.824,56.542750929368,115.456,83.3382899628253,cat
007417.jpg,0.256,30.5055762081784,127.744,98,sofa
008084.jpg,49.2426035502959,54.272,80.284023668639,93.44,bird
000438.jpg,61.44,36.1686746987952,110.592,106,person
000699.jpg,7.424,67.6916010498688,86.272,111.481627296588,dog
000699.jpg,26.112,22.3740157480315,93.696,106.644356955381,dog
000699.jpg,79.104,48.5971128608924,120.832,107.662729658793,dog
000699.jpg,0.256,16.009186351706,128,112.5,chair
007670.jpg,62.464,28.6471471471471,124.416,94.2477477477478,motorbike
007670.jpg,4.864,41.6651651651652,67.84,91.6951951951952,motorbike
007351.jpg,26.624,42.368,36.864,75.904,bottle
007351.jpg,42.752,61.056,48.384,78.208,bottle
008224.jpg,87.808,37.76,111.36,73.6,person
008224.jpg,62.208,42.88,83.968,70.784,person
008224.jpg,26.624,44.16,48.896,73.6,person
008224.jpg,44.032,41.6,65.024,76.16,person
008224.jpg,111.36,41.088,124.416,70.272,person
008224.jpg,14.08,53.12,27.904,67.968,person
008224.jpg,4.096,53.12,11.264,65.408,person
003439.jpg,67.328,66.6801801801802,107.52,96.8003003003003,cow
003439.jpg,22.016,44.2177177177177,71.424,96.8003003003003,cow
009868.jpg,40.1336336336336,35.584,81.2297297297297,106.24,person
001254.jpg,67.328,32.3734939759036,84.736,79.9397590361446,person
001254.jpg,54.272,43,99.84,88.5421686746988,horse
008961.jpg,66.304,57.7395577395577,122.624,116,chair
008961.jpg,63.232,34.7420147420147,120.832,116,person
008961.jpg,0.256,31.9312039312039,68.864,116,person
008961.jpg,0.256,91.2137592137592,28.672,116,chair
008961.jpg,7.936,27.0761670761671,18.688,39.5970515970516,person
008961.jpg,114.944,50.3292383292383,128,59.5282555282555,chair
006133.jpg,22.272,41.6651651651652,108.032,93.7372372372372,car
006133.jpg,0.256,47.536036036036,40.192,67.7012012012012,car
006133.jpg,120.832,49.3228228228228,128,61.8303303303303,car
006133.jpg,0.512,42.4309309309309,16.128,71.53003003003,person
006133.jpg,116.48,46.0045045045045,124.16,65.9144144144144,person
006133.jpg,0.256,67.7012012012012,44.288,106.5,car
006133.jpg,119.04,53.4069069069069,128,106.5,person
006133.jpg,119.808,30.6891891891892,123.136,37.5810810810811,person
006133.jpg,99.84,31.454954954955,103.68,37.3258258258258,person
006133.jpg,95.488,29.9234234234234,99.328,37.0705705705706,person
006133.jpg,91.648,31.1996996996997,95.488,36.0495495495496,person
006133.jpg,85.504,30.6891891891892,88.064,35.2837837837838,person
006133.jpg,67.328,29.9234234234234,70.656,34.7732732732733,person
006133.jpg,70.912,31.1996996996997,73.728,34.518018018018,person
006133.jpg,75.264,31.7102102102102,77.056,35.2837837837838,person
006133.jpg,79.104,31.7102102102102,81.408,35.7942942942943,person
006133.jpg,114.432,31.7102102102102,117.504,37.0705705705706,person
004464.jpg,61.952,59.264,85.504,101.76,dog
004464.jpg,26.624,16.512,60.928,68.736,person
004464.jpg,71.168,29.824,78.336,41.856,boat
003491.jpg,7.936,19.84,107.264,104.832,dog
001501.jpg,83.712,64,93.696,81.7807486631016,bicycle
001501.jpg,84.48,54.0935828877005,96.256,78.4786096256684,person
003195.jpg,42.752,59.533033033033,82.176,91.9504504504505,bus
003195.jpg,83.712,79.442942942943,121.344,90.1636636636637,car
004535.jpg,21.3333333333333,31.5168539325843,106.933333333333,117.166292134831,horse
004535.jpg,57.3333333333333,15.6067415730337,86.4,76.8606741573034,person
004967.jpg,1.28,19.0098039215686,128,108.735294117647,motorbike
001258.jpg,25.856,39.552,108.288,89.472,car
001258.jpg,78.592,42.368,105.984,62.08,car
005195.jpg,73.728,72.0405405405406,78.592,81.9954954954955,bottle
005195.jpg,16.64,81.484984984985,23.808,99.3528528528529,bottle
005195.jpg,94.464,50.0885885885886,126.208,98.8423423423424,person
005195.jpg,58.112,46.7702702702703,84.992,74.8483483483483,person
005195.jpg,0.256,48.3018018018018,33.28,85.8243243243243,person
005195.jpg,3.072,72.2957957957958,106.496,106.5,diningtable
005195.jpg,121.088,96.5450450450451,128,105.734234234234,chair
005195.jpg,2.048,84.0375375375375,11.008,94.7582582582583,chair
001843.jpg,76.544,63.36,82.688,86.656,bottle
001843.jpg,64.512,24.96,113.92,112,person
001843.jpg,15.872,20.352,69.888,112,person
005615.jpg,5.632,50.56,84.224,99.456,motorbike
005615.jpg,39.68,38.272,76.032,102.528,person
000531.jpg,6.912,26.752,52.48,112,person
000531.jpg,38.4,23.936,92.672,111.488,person
000531.jpg,93.696,30.592,128,95.616,person
000531.jpg,94.464,57.728,109.824,101.248,bottle
000531.jpg,58.624,61.568,71.936,89.216,bottle
008645.jpg,53.76,60.9454545454546,76.8,100.4,boat
004943.jpg,96.512,64.3828828828829,108.8,100.629129129129,bottle
004943.jpg,37.632,87.6111111111111,128,106.5,diningtable
004943.jpg,109.312,51.6201201201201,128,88.3768768768769,person
004943.jpg,80.64,54.1726726726727,106.496,87.3558558558559,person
004943.jpg,35.328,56.7252252252252,69.632,96.0345345345345,person
004943.jpg,0.256,28.6471471471471,43.264,106.5,person
004943.jpg,83.456,66.9354354354354,91.904,90.6741741741742,bottle
005441.jpg,77.312,90.496,95.488,107.648,bottle
005441.jpg,0.768,32.128,19.712,112,person
005441.jpg,15.616,39.04,25.344,64.384,person
005441.jpg,13.824,44.672,45.568,111.232,person
005441.jpg,42.24,34.432,65.024,111.744,person
005441.jpg,66.56,31.872,90.88,112,person
005441.jpg,98.048,31.872,115.2,45.952,person
005441.jpg,78.08,39.808,120.832,112,person
004351.jpg,25.6,27.8813813813814,41.472,40.6441441441441,aeroplane
007803.jpg,41.984,62.336,76.288,87.68,boat
006931.jpg,27.6261261261261,70.912,101.13963963964,110.08,car
006931.jpg,21.7552552552553,62.208,34.2627627627628,72.96,car
006931.jpg,21.7552552552553,52.48,24.8183183183183,55.04,car
006931.jpg,23.7972972972973,51.968,28.9024024024024,54.272,car
006931.jpg,27.6261261261261,51.968,31.7102102102102,53.76,car
006931.jpg,44.7282282282282,50.432,58.0015015015015,55.808,car
006931.jpg,53.4069069069069,50.432,68.466966966967,55.04,car
006931.jpg,64.8933933933934,48.896,70.7642642642643,51.712,car
006931.jpg,67.7012012012012,50.176,81.484984984985,55.04,car
006931.jpg,77.9114114114114,49.664,88.6321321321321,55.296,car
006931.jpg,83.7822822822823,50.176,97.0555555555556,55.552,car
006931.jpg,94.7582582582583,47.616,106.5,56.064,car
006931.jpg,102.415915915916,51.968,106.5,56.576,car
008268.jpg,118.016,59.1646706586826,126.72,65.2724550898204,car
008268.jpg,5.632,43.1317365269461,120.576,103.955089820359,car
008268.jpg,0.256,54.3293413173653,40.448,83.5958083832335,car
009558.jpg,25.344,29.1576576576577,95.744,77.1456456456456,car
009558.jpg,105.472,21.7552552552553,115.2,33.496996996997,person
009558.jpg,100.864,23.7972972972973,105.472,34.0075075075075,person
009558.jpg,95.488,21.7552552552553,103.168,34.7732732732733,person
009558.jpg,90.112,21.7552552552553,95.744,31.454954954955,person
009558.jpg,83.968,21.7552552552553,93.952,33.2417417417417,person
009558.jpg,70.4,21.7552552552553,80.64,31.454954954955,person
009558.jpg,59.136,22.2657657657658,70.912,29.6681681681682,person
009558.jpg,36.096,22.521021021021,48.64,33.496996996997,person
009558.jpg,25.6,27.8813813813814,32.512,36.5600600600601,person
007603.jpg,52.736,61.312,86.272,90.496,horse
007372.jpg,37.3258258258258,61.952,106.5,82.944,aeroplane
001981.jpg,9.216,16.256,84.224,85.888,cat
007901.jpg,28.288,3.84,92.032,128,person
007901.jpg,16.256,3.328,35.2,73.984,person
007901.jpg,30.336,20.48,46.976,60.928,person
007901.jpg,82.304,29.44,97.92,68.352,person
007901.jpg,94.848,39.424,112,80.384,person
007900.jpg,47.872,45.696,83.2,89.216,dog
007900.jpg,1.28,16.768,127.744,112,sofa
001212.jpg,27.392,58.496,76.544,100.224,person
001212.jpg,52.992,22.4,90.88,56.704,person
001212.jpg,70.912,33.152,91.392,73.856,person
001212.jpg,96,35.968,128,110.72,person
001212.jpg,102.656,23.168,119.552,48,pottedplant
001212.jpg,96.256,30.592,110.08,49.024,pottedplant
001212.jpg,45.568,16.768,60.928,30.336,pottedplant
004474.jpg,36.608,23.68,110.336,112,cow
004474.jpg,21.504,29.824,40.96,51.584,cow
004474.jpg,2.048,28.8,20.992,52.608,cow
007323.jpg,35.7631578947368,0.256,92.2368421052632,126.976,bottle
006783.jpg,21.7552552552553,58.112,36.5600600600601,84.992,car
006783.jpg,41.1546546546547,56.32,64.1276276276276,70.4,car
006783.jpg,58.2567567567568,56.576,71.0195195195195,65.024,car
006783.jpg,95.524024024024,53.76,106.5,71.936,car
006783.jpg,99.6081081081081,56.832,106.5,83.712,car
006783.jpg,37.8363363363363,54.016,42.9414414414414,64,person
005343.jpg,28.16,52.352,99.072,112,person
005343.jpg,31.232,52.352,109.824,111.744,person
009121.jpg,40.96,55.7042042042042,77.824,80.463963963964,car
009121.jpg,0.256,49.5780780780781,25.6,74.5930930930931,car
009121.jpg,11.776,46.0045045045045,36.096,65.4039039039039,car
009121.jpg,7.424,35.7942942942943,28.16,49.0675675675676,car
009121.jpg,100.096,36.0495495495496,121.088,53.1516516516516,car
009121.jpg,41.472,26.3498498498498,59.648,39.1126126126126,car
009121.jpg,107.52,46.7702702702703,128,66.9354354354354,car
009121.jpg,109.312,59.2777777777778,128,84.8033033033033,car
009568.jpg,41.984,58.512012012012,84.48,91.6951951951952,bicycle
009568.jpg,47.36,36.0495495495496,74.496,85.0585585585586,person
003658.jpg,6.4,23.0513196480938,126.976,105.458944281525,bicycle
009177.jpg,100.608,71.808,122.368,81.536,boat
009177.jpg,61.44,47.232,91.648,93.056,boat
009177.jpg,56.576,61.056,71.68,86.144,boat
009177.jpg,64.256,60.8,82.688,88.448,boat
004928.jpg,37.376,34.7732732732733,90.368,98.3318318318318,person
004928.jpg,0.256,26.3498498498498,40.96,100.629129129129,person
004928.jpg,60.16,27.1156156156156,128,106.5,person
005410.jpg,67.328,59.2777777777778,93.184,106.5,person
005410.jpg,72.192,82.506006006006,90.368,106.5,bicycle
002867.jpg,58.9197860962567,0.256,111.5,116.736,bus
002867.jpg,16.7540106951872,3.328,49.2673796791444,99.584,bus
002867.jpg,42.9171122994652,45.824,73.3983957219251,115.456,person
007109.jpg,38.4,22.5060240963855,128,106,horse
007109.jpg,0.256,40.2168674698795,54.016,106,person
006627.jpg,85.504,41.6651651651652,111.616,69.487987987988,chair
006627.jpg,119.296,48.0465465465466,128,57.2357357357357,pottedplant
006627.jpg,66.816,45.2387387387387,95.488,69.9984984984985,pottedplant
006627.jpg,0.256,54.6831831831832,118.272,106.5,diningtable
003185.jpg,59.136,59.264,80.896,87.424,person
003185.jpg,79.872,59.52,107.264,89.472,person
003185.jpg,86.272,98.432,117.504,112,chair
003185.jpg,3.072,102.528,23.808,112,chair
003185.jpg,110.592,69.76,123.392,109.696,bottle
003185.jpg,99.84,70.528,106.24,91.008,bottle
003185.jpg,26.88,34.688,59.136,112,person
003185.jpg,8.96,32.896,30.208,112,person
003004.jpg,8.192,54.144,14.848,63.872,cat
003004.jpg,4.864,42.88,128,100.992,sofa
003004.jpg,104.192,31.872,119.552,55.168,chair
003004.jpg,116.224,29.312,128,52.096,chair
003004.jpg,96.512,20.608,109.568,31.104,pottedplant
006335.jpg,74.24,23.168,93.952,92.288,bottle
004595.jpg,40.704,35.712,85.248,107.648,dog
004595.jpg,64,16.256,128,112,person
006305.jpg,52.48,35.712,109.824,112,cat
009018.jpg,1.28,39.808,89.856,96.128,bird
006952.jpg,41.216,56.46996996997,65.536,71.7852852852853,bird
002889.jpg,60.16,37.0705705705706,79.104,106.5,person
002889.jpg,36.864,38.8573573573574,60.928,105.734234234234,person
002723.jpg,29.184,62.848,85.504,101.76,motorbike
002723.jpg,72.96,61.056,120.832,96.64,motorbike
002723.jpg,105.216,59.52,128,101.504,motorbike
002723.jpg,20.992,63.104,35.84,89.472,motorbike
002723.jpg,34.048,54.656,50.176,77.44,person
006175.jpg,52.992,51.4,75.52,79.6545454545455,person
007211.jpg,39.168,60.288,100.864,110.976,motorbike
004955.jpg,24.832,20.5641711229946,97.792,90.4171122994653,cat
004955.jpg,0.256,73.6524064171123,112.896,111.245989304813,tvmonitor
008636.jpg,3.84,50.048,92.16,112,cow
008636.jpg,31.744,37.248,36.608,41.088,cow
008636.jpg,86.272,74.624,128,112,cow
007322.jpg,28.416,17.024,92.16,104.832,dog
007878.jpg,32.896,17.152,91.264,95.488,cat
007878.jpg,45.184,35.84,112,88.576,person
008581.jpg,48.3018018018018,15.104,106.5,79.104,car
008581.jpg,21.7552552552553,42.752,81.2297297297297,126.72,car
006258.jpg,16.512,2.816,111.744,107.776,aeroplane
006459.jpg,13.312,45.44,84.992,106.624,horse
006459.jpg,44.544,32.64,65.28,69.76,person
006459.jpg,72.448,46.208,94.208,105.344,person
006459.jpg,109.312,50.56,116.992,70.784,person
006459.jpg,118.016,48.768,127.744,81.024,person
006459.jpg,0.256,53.632,10.752,79.488,person
006459.jpg,96,52.352,110.848,61.056,car
006459.jpg,116.224,53.632,125.44,59.52,car
000209.jpg,3.584,35.456,102.4,112,cat
008841.jpg,45.568,78.208,63.744,112,dog
008841.jpg,79.36,30.336,81.92,35.2,bottle
008841.jpg,83.2,30.08,87.296,38.784,bottle
008841.jpg,81.408,29.824,83.968,38.016,bottle
008841.jpg,76.544,29.824,80.128,38.784,bottle
008841.jpg,101.12,59.264,103.936,68.736,bottle
001894.jpg,0.512,16.512,60.928,112,person
001894.jpg,54.016,16.512,128,112,horse
000814.jpg,34.5890804597701,16.128,88.0402298850575,128,person
000814.jpg,20.2672413793103,78.08,40.7270114942529,128,person
006474.jpg,0.256,28.6471471471471,128,106.5,dog
009086.jpg,7.936,37.0907473309609,128,99.5,train
004579.jpg,0.256,50.2096774193548,128,79.5779569892473,train
008252.jpg,16.128,49.28,124.672,80.768,aeroplane
004142.jpg,0.512,61.312,17.92,74.88,dog
004142.jpg,20.224,29.568,66.048,107.136,person
004142.jpg,31.744,16.256,121.6,112,person
004142.jpg,0.256,47.488,35.584,103.808,sofa
004142.jpg,120.32,65.152,128,88.96,chair
008518.jpg,20.736,32.5127478753541,95.744,82.2294617563739,dog
003188.jpg,13.824,48,81.92,112,bicycle
003188.jpg,65.792,17.024,111.36,112,person
008166.jpg,38.656,66.9354354354354,89.344,81.7402402402403,boat
008166.jpg,89.856,58.0015015015015,105.216,66.4249249249249,boat
009955.jpg,22.784,54.528,110.592,77.056,boat
009955.jpg,60.16,71.68,98.304,80.128,boat
001603.jpg,81.92,53.4069069069069,98.048,72.2957957957958,person
001603.jpg,94.976,32.9864864864865,108.032,49.0675675675676,person
001603.jpg,0.256,60.8093093093093,3.84,77.1456456456456,person
001603.jpg,92.672,39.6231231231231,115.2,49.8333333333333,bicycle
001603.jpg,79.872,62.3408408408408,105.984,76.1246246246246,bicycle
001603.jpg,0.256,67.4459459459459,10.752,76.6351351351351,bicycle
000065.jpg,0.512,47.8880597014925,101.888,106.246268656716,dog
003254.jpg,53.76,49.792,77.056,68.48,bird
009374.jpg,18.176,45.4221556886228,118.016,106.5,chair
009374.jpg,14.848,37.7874251497006,85.504,106.5,person
002706.jpg,30.464,37.0705705705706,89.856,105.734234234234,cat
000552.jpg,1.024,52.9607250755287,127.488,87.4743202416918,aeroplane
000552.jpg,25.088,41.0332326283988,109.056,64.380664652568,aeroplane
009327.jpg,51.2754491017964,20.224,87.1586826347305,103.168,person
009327.jpg,38.5508982035928,69.888,50.2574850299401,85.504,dog
007497.jpg,41.472,66.9354354354354,90.624,90.4189189189189,car
007497.jpg,79.104,53.1516516516516,98.816,71.2747747747748,car
007497.jpg,0.512,58.7672672672673,41.216,74.3378378378378,car
007497.jpg,34.048,37.3258258258258,57.088,49.0675675675676,car
007497.jpg,59.136,34.518018018018,80.64,44.2177177177177,car
007497.jpg,84.224,40.1336336336336,108.544,51.8753753753754,car
007497.jpg,58.88,49.8333333333333,63.488,63.8723723723724,person
007497.jpg,112.896,42.9414414414414,118.016,55.1936936936937,person
007497.jpg,120.064,43.1966966966967,125.184,52.6411411411411,person
007497.jpg,108.8,68.7222222222222,118.016,84.2927927927928,person
007497.jpg,115.2,69.487987987988,125.696,86.5900900900901,person
007497.jpg,48.384,47.2807807807808,51.968,60.5540540540541,person
007497.jpg,44.544,47.7912912912913,48.64,58.7672672672673,person
005413.jpg,31.36,25.856,74.368,127.744,person
005413.jpg,17.28,94.208,41.088,109.568,boat
002476.jpg,22.784,22.7762762762763,117.504,106.5,person
002476.jpg,36.352,66.9354354354354,46.848,80.7192192192192,person
000259.jpg,43.776,18.2541436464088,127.744,109.745856353591,person
000259.jpg,0.768,18.2541436464088,69.376,85.0939226519337,person
001559.jpg,68.5333333333333,49.3333333333333,75.7333333333333,57.3333333333333,car
001559.jpg,54.9333333333333,46.6666666666667,64.8,60.2666666666667,car
001559.jpg,50.9333333333333,50.6666666666667,55.7333333333333,54.1333333333333,car
006704.jpg,8.704,16.256,87.296,70.528,tvmonitor
000009.jpg,17.664,60.032,69.12,100.48,horse
000009.jpg,38.4,52.096,58.624,88.704,person
000009.jpg,72.96,67.456,83.712,100.736,person
000009.jpg,66.048,66.688,76.032,100.224,person
003949.jpg,53.76,60.2048192771084,62.72,70.8313253012048,bird
005813.jpg,58.7985074626866,41.984,94.5746268656717,90.624,pottedplant
005813.jpg,48.1417910447761,61.44,74.0223880597015,89.856,pottedplant
005813.jpg,45.3507462686567,49.92,57.0223880597015,90.112,pottedplant
004972.jpg,43.2620865139949,19.968,101.531806615776,123.392,bird
007075.jpg,0.256,43.7797619047619,39.168,78.3333333333333,cow
007075.jpg,33.536,45.5714285714286,70.144,101.369047619048,cow
009825.jpg,44.472972972973,71.68,58.2567567567568,91.904,chair
007479.jpg,1.28,28.1276595744681,128,88.6382978723404,car
007479.jpg,20.992,34.2553191489362,32,39.6170212765957,car
006781.jpg,25.9230769230769,3.48773841961853,99.6538461538462,128,cat
006781.jpg,46.6923076923077,13.6021798365123,70.5769230769231,32.0871934604905,cat
008776.jpg,40.96,31.1996996996997,75.776,101.65015015015,bird
007467.jpg,0.512,53.1516516516516,72.704,74.5930930930931,train
003205.jpg,28.6471471471471,19.456,99.6081081081081,96.256,person
003205.jpg,24.3078078078078,43.008,103.692192192192,114.432,chair
000113.jpg,70.912,47.5542168674699,90.624,87.7831325301205,person
002184.jpg,66.304,70.528,104.704,112,dog
002184.jpg,43.264,48.768,87.808,89.472,dog
005224.jpg,0.256,38.016,13.312,94.592,pottedplant
005224.jpg,9.216,39.04,122.88,93.824,pottedplant
000860.jpg,20.736,40.671388101983,109.568,93.4475920679887,car
000860.jpg,57.344,27.9235127478754,71.936,40.9263456090652,person
000860.jpg,76.288,30.4730878186969,91.648,48.3201133144476,person
005541.jpg,96.256,61.568,125.184,78.72,person
005541.jpg,42.752,66.432,47.872,80.512,bottle
005541.jpg,0.256,16.256,12.544,92.288,person
005541.jpg,33.28,28.8,100.096,102.272,person
004984.jpg,75.52,24.704,122.88,70.528,chair
001940.jpg,21.7552552552553,41.728,105.223723723724,128,cat
001940.jpg,25.8393393393393,3.072,101.394894894895,46.592,dog
003772.jpg,28.16,32.384,104.448,91.264,horse
001528.jpg,26.7702349869452,19.456,110.185378590078,89.088,bird
005114.jpg,79.616,36.7515527950311,103.424,71.1304347826087,person
005114.jpg,83.2,49.2298136645963,99.328,84.6273291925466,horse
005114.jpg,115.456,56.6149068322981,128,78.7701863354037,cow
005114.jpg,14.336,57.6335403726708,33.792,88.4472049689441,cow
002847.jpg,9.216,40.8993993993994,127.744,85.3138138138138,aeroplane
008079.jpg,37.888,55.2462686567164,51.968,99.9029850746269,person
008079.jpg,49.92,53.7238805970149,70.144,99.6492537313433,person
008079.jpg,69.12,56.2611940298508,81.92,90.7686567164179,person
008079.jpg,86.528,68.9477611940299,93.696,91.2761194029851,person
008079.jpg,82.176,59.8134328358209,95.488,91.0223880597015,person
008079.jpg,68.352,84.679104477612,91.136,105.485074626866,dog
008079.jpg,12.288,56.2611940298508,40.704,71.7388059701493,car
007325.jpg,30.976,61.0645645645646,93.44,106.244744744745,horse
007325.jpg,52.992,36.3048048048048,67.84,80.463963963964,person
007325.jpg,11.008,26.3498498498498,26.88,71.0195195195195,person
007325.jpg,2.048,21.7552552552553,15.104,50.0885885885886,person
007325.jpg,44.8,21.7552552552553,62.464,40.6441441441441,person
007325.jpg,65.536,23.7972972972973,78.08,62.3408408408408,person
007325.jpg,76.544,39.6231231231231,95.488,67.9564564564565,person
007325.jpg,77.824,30.6891891891892,91.136,54.1726726726727,person
007325.jpg,87.808,30.1786786786787,96,44.7282282282282,person
007325.jpg,91.904,37.8363363363363,107.776,67.7012012012012,person
007325.jpg,99.84,29.6681681681682,115.456,56.9804804804805,person
007325.jpg,109.312,31.1996996996997,125.184,56.2147147147147,person
006269.jpg,1.024,16.256,107.264,91.008,cat
006945.jpg,24.3078078078078,34.048,63.6171171171171,128,person
006945.jpg,51.1096096096096,32,100.373873873874,128,person
006945.jpg,57.7462462462462,1.024,84.8033033033033,34.56,person
006945.jpg,22.0105105105105,21.248,58.7672672672673,60.672,bicycle
006945.jpg,89.3978978978979,12.544,105.734234234234,42.24,bicycle
006945.jpg,55.4489489489489,18.176,90.4189189189189,47.36,bicycle
005821.jpg,28.416,75.392,43.776,96.64,pottedplant
005821.jpg,67.328,69.504,79.616,89.984,pottedplant
005821.jpg,50.944,67.2,62.976,81.024,pottedplant
005821.jpg,1.536,52.608,24.32,74.88,pottedplant
005821.jpg,43.776,66.688,49.92,80.256,pottedplant
005821.jpg,90.88,63.104,123.136,106.624,chair
005821.jpg,118.016,59.776,128,112,chair
006532.jpg,29.696,55.936,105.472,89.728,motorbike
006532.jpg,52.48,47.744,84.736,73.088,person
005379.jpg,8.704,44.9131736526946,88.576,80.5419161676647,dog
003576.jpg,0.512,57.8056603773585,25.6,83.8471698113208,bus
003576.jpg,51.2,47.9452830188679,128,88.9037735849056,bus
003576.jpg,93.696,65.1377358490566,128,91.4320754716981,motorbike
003576.jpg,104.192,55.7830188679245,122.88,85.8698113207547,person
003576.jpg,32.256,58.8169811320755,40.192,79.2962264150943,person
003576.jpg,43.776,58.8169811320755,51.968,79.0433962264151,person
003576.jpg,62.72,58.5641509433962,69.376,66.6547169811321,person
003576.jpg,57.344,59.8283018867925,62.976,66.9075471698113,person
002493.jpg,6.912,67.968,80.384,112,car
006225.jpg,22.016,36.992,118.528,90.752,car
006225.jpg,0.256,16.256,20.224,84.096,person
006225.jpg,25.344,18.304,48.384,54.144,person
006225.jpg,46.336,18.816,54.528,48,person
006225.jpg,49.664,19.328,65.28,45.952,person
008317.jpg,18.944,27.264,100.352,112,bird
005554.jpg,117.76,60.5540540540541,128,92.460960960961,bicycle
005554.jpg,80.896,61.5750750750751,109.312,93.9924924924925,bicycle
005554.jpg,52.992,65.1486486486486,87.296,104.202702702703,bicycle
005554.jpg,6.144,63.1066066066066,53.76,105.734234234234,bicycle
005554.jpg,15.616,39.8783783783784,60.16,98.5870870870871,person
005554.jpg,57.6,44.7282282282282,90.88,92.2057057057057,person
005554.jpg,87.808,43.451951951952,113.92,93.7372372372372,person
005554.jpg,101.888,23.0315315315315,109.568,32.2207207207207,person
005554.jpg,92.672,21.7552552552553,100.096,29.9234234234234,person
001289.jpg,40.192,49.5550161812298,90.88,72.5647249190939,bird
006078.jpg,50.176,59.52,65.792,75.392,tvmonitor
006078.jpg,6.912,63.872,23.296,88.704,chair
006078.jpg,111.616,60.032,120.064,72.832,chair
002063.jpg,28.8,68.608,112,128,diningtable
002063.jpg,33.408,54.528,50.304,70.144,chair
002063.jpg,83.072,60.928,96.64,77.056,chair
002063.jpg,95.872,63.744,111.744,82.688,chair
002063.jpg,18.816,63.744,47.744,121.088,chair
002063.jpg,25.984,69.12,65.408,128,chair
002063.jpg,80,103.168,112,128,chair
000908.jpg,0.256,31.616,128,112,aeroplane
000740.jpg,74.24,37.76,103.424,86.656,boat
000740.jpg,26.624,42.624,54.272,85.376,boat
002194.jpg,75.264,69.487987987988,100.096,98.0765765765766,chair
002194.jpg,20.736,48.8123123123123,39.68,92.460960960961,person
002194.jpg,32.512,51.3648648648649,45.312,93.7372372372372,person
002194.jpg,75.52,53.6621621621622,118.784,99.3528528528529,person
002194.jpg,96.512,58.2567567567568,118.784,89.9084084084084,person
001930.jpg,85.76,48.7398843930636,99.84,66.0346820809249,train
001930.jpg,20.224,38.5664739884393,55.552,71.6300578034682,train
001930.jpg,56.32,52.0462427745665,80.384,103.167630057803,person
000177.jpg,15.104,54.912,118.016,112,diningtable
000177.jpg,88.064,54.4,128,112,person
000177.jpg,82.176,37.76,116.736,108.672,person
000177.jpg,77.824,39.552,100.096,69.504,person
000177.jpg,71.68,38.528,86.272,60.032,person
000177.jpg,41.728,33.152,66.816,57.728,person
000177.jpg,32,40.064,41.984,58.496,person
000177.jpg,19.2,38.272,40.448,75.136,person
000177.jpg,0.256,44.672,24.832,112,person
002514.jpg,41.984,30.6891891891892,98.816,106.5,person
002514.jpg,13.824,87.6111111111111,30.976,102.671171171171,person
002514.jpg,17.152,85.0585585585586,24.576,90.1636636636637,tvmonitor
003260.jpg,88.9509202453988,28.416,105.5,50.688,tvmonitor
003260.jpg,25.3006134969325,14.848,51.0153374233129,114.944,person
003260.jpg,52.5429447852761,19.456,73.6748466257669,110.336,person
003260.jpg,70.1104294478528,18.432,88.9509202453988,108.8,person
002413.jpg,38.784,2.304,112,127.744,person
004963.jpg,17.408,31.9341317365269,121.6,98.8652694610778,cat
009562.jpg,22.578431372549,9.728,108.990196078431,120.832,dog
004349.jpg,22.528,28.7659574468085,39.936,38.468085106383,bird
004349.jpg,38.144,38.9787234042553,55.552,48.936170212766,bird
004349.jpg,38.4,30.5531914893617,56.32,41.531914893617,bird
004349.jpg,38.656,98.468085106383,58.368,108.68085106383,bird
004349.jpg,67.072,92.5957446808511,94.976,104.851063829787,bird
004349.jpg,95.232,88.7659574468085,116.224,98.468085106383,bird
004349.jpg,113.408,60.6808510638298,128,72.4255319148936,bird
004349.jpg,68.096,60.4255319148936,92.672,71.404255319149,bird
004349.jpg,88.32,46.8936170212766,107.264,57.3617021276596,bird
004349.jpg,91.648,17.2765957446809,111.104,26.7234042553191,bird
004349.jpg,66.56,17.531914893617,82.688,27.4893617021277,bird
004349.jpg,77.056,22.3829787234043,93.184,29.7872340425532,bird
004349.jpg,14.592,34.6382978723404,30.976,45.8723404255319,bird
004349.jpg,19.2,89.7872340425532,46.336,103.31914893617,bird
004349.jpg,50.944,88.7659574468085,66.048,100.510638297872,bird
004349.jpg,82.688,86.2127659574468,104.704,96.1702127659575,bird
004349.jpg,84.224,67.063829787234,102.4,75.2340425531915,bird
004349.jpg,40.448,78.8085106382979,70.144,93.6170212765957,bird
004349.jpg,26.624,69.3617021276596,46.336,81.6170212765958,bird
004349.jpg,20.736,52.2553191489362,38.144,68.0851063829787,bird
004349.jpg,38.4,48.6808510638298,56.064,62.7234042553191,bird
004349.jpg,94.72,39.2340425531915,115.968,51.2340425531915,bird
004349.jpg,73.472,33.8723404255319,90.112,47.1489361702128,bird
004349.jpg,46.848,25.7021276595745,59.904,34.8936170212766,bird
004349.jpg,38.4,22.8936170212766,48.384,33.1063829787234,bird
004349.jpg,51.712,67.5744680851064,76.288,80.5957446808511,bird
004349.jpg,114.688,21.1063829787234,124.928,33.8723404255319,bird
004349.jpg,99.072,26.468085106383,117.76,39.2340425531915,bird
004349.jpg,86.272,28,102.4,35.4042553191489,bird
004349.jpg,90.624,29.531914893617,103.68,43.5744680851064,bird
004349.jpg,57.856,44.0851063829787,76.288,58.3829787234043,bird
004349.jpg,57.344,42.0425531914894,76.544,51.4893617021277,bird
004349.jpg,78.08,42.8085106382979,91.136,54.8085106382979,bird
004349.jpg,75.776,53.7872340425532,93.184,62.7234042553191,bird
004349.jpg,88.064,56.5957446808511,105.216,67.3191489361702,bird
004349.jpg,115.968,50.468085106383,128,62.2127659574468,bird
004349.jpg,109.056,16.7659574468085,121.344,23.9148936170213,bird
004349.jpg,101.632,35.4042553191489,119.808,45.1063829787234,bird
004349.jpg,64.256,28.5106382978723,76.288,40.5106382978723,bird
004349.jpg,69.888,22.8936170212766,82.176,34.8936170212766,bird
004349.jpg,51.968,35.6595744680851,63.232,46.6382978723404,bird
004349.jpg,110.848,42.0425531914894,127.232,48.4255319148936,bird
006575.jpg,36.736,13.312,95.36,118.016,pottedplant
004675.jpg,0.768,51.621052631579,95.744,77.8947368421053,train
002537.jpg,3.91266375545851,11.1726342710997,125.205240174672,110.415601023018,dog
000154.jpg,15.104,40.8993993993994,93.952,89.3978978978979,boat
000154.jpg,112.896,70.7642642642643,117.248,75.8693693693694,boat
007125.jpg,36.8116883116883,4.4972972972973,99.1038961038961,113.816216216216,boat
004016.jpg,28.416,31.104,100.096,90.752,cat
004016.jpg,0.256,70.016,36.608,112,person
008477.jpg,6.912,48.4944134078212,69.376,109.5,dog
008477.jpg,66.304,34.5139664804469,128,109.5,dog
005769.jpg,17.408,55.1167512690355,127.232,101.055837563452,cat
008942.jpg,5.12,61.824,45.056,91.52,sheep
008942.jpg,48.384,64.64,73.216,88.448,sheep
008942.jpg,77.056,66.944,107.264,86.656,sheep
008942.jpg,89.856,63.616,99.84,69.76,sheep
008942.jpg,100.096,62.848,109.056,68.992,sheep
008942.jpg,76.544,64.896,90.88,73.088,sheep
008942.jpg,37.376,62.592,49.152,68.736,sheep
008942.jpg,15.616,62.336,48.384,88.704,sheep
008942.jpg,0.256,67.456,14.08,88.448,sheep
008296.jpg,13.312,47.7912912912913,128,104.202702702703,car
008296.jpg,102.656,35.2837837837838,114.432,42.6861861861862,car
008296.jpg,90.112,37.0705705705706,100.864,43.1966966966967,car
000672.jpg,3.072,39.296,126.72,94.592,car
002659.jpg,41.216,18.048,59.136,95.36,boat
008095.jpg,95.488,52.096,128,60.8,train
008095.jpg,1.28,38.016,99.84,67.712,train
006208.jpg,0.512,43.136,127.744,84.096,aeroplane
004141.jpg,108.583333333333,2.56,117.5,71.424,cow
004141.jpg,13.047619047619,2.048,89.9857142857143,124.928,cow
004141.jpg,69.6047619047619,24.32,115.971428571429,100.608,person
007296.jpg,48.896,32.384,81.664,55.168,bird
007296.jpg,36.352,54.144,89.6,112,person
007296.jpg,101.376,87.936,117.248,112,person
007296.jpg,22.272,88.448,27.136,95.872,person
007296.jpg,30.208,87.168,33.792,93.568,person
007296.jpg,96.256,102.528,101.376,109.952,person
004846.jpg,0.768,35.7573964497041,127.744,107,sofa
004846.jpg,35.072,58.6568047337278,128,107,person
004846.jpg,51.456,21.7633136094675,128,82.5739644970414,person
001290.jpg,6.656,55.1219512195122,122.112,97.2292682926829,car
005920.jpg,93.696,73.088,114.176,88.192,sofa
005920.jpg,3.84,83.84,89.6,112,diningtable
005920.jpg,17.408,92.288,32.768,103.296,chair
005920.jpg,39.424,86.656,48.896,95.872,chair
005920.jpg,50.944,83.584,59.136,91.264,chair
005920.jpg,74.752,81.28,85.504,86.912,chair
005920.jpg,77.312,85.632,89.344,112,chair
005920.jpg,56.32,91.264,79.104,112,chair
005920.jpg,59.648,96.384,71.936,111.744,chair
007743.jpg,51.3493975903615,38.144,77.1566265060241,70.4,boat
001651.jpg,32.128,30.976,103.552,128,person
001651.jpg,77.696,70.144,109.184,128,chair
009863.jpg,50.944,44.416,101.12,64.896,car
009863.jpg,9.472,57.984,102.656,101.248,car
000147.jpg,8.448,48.3018018018018,16.64,58.7672672672673,chair
000147.jpg,19.712,50.5990990990991,29.184,59.533033033033,chair
000147.jpg,37.376,53.4069069069069,44.8,59.7882882882883,chair
000147.jpg,58.112,55.1936936936937,63.232,60.8093093093093,chair
000147.jpg,77.312,53.9174174174174,83.712,60.5540540540541,chair
000147.jpg,95.488,52.3858858858859,102.912,60.5540540540541,chair
000147.jpg,111.36,50.0885885885886,119.04,59.533033033033,chair
002253.jpg,3.584,19.3272727272727,122.624,96.2,bicycle
002253.jpg,62.208,46.8181818181818,71.68,63.6181818181818,bottle
002253.jpg,49.664,47.5818181818182,62.208,62.8545454545455,bottle
000694.jpg,72.192,54.656,97.024,112,person
000694.jpg,51.2,49.792,72.704,111.744,person
000694.jpg,96.256,56.96,117.76,112,person
000694.jpg,94.464,49.28,105.472,71.808,person
000694.jpg,21.248,58.752,48.896,92.032,person
009676.jpg,117.504,53.376,128,78.976,car
009676.jpg,66.304,32.64,89.856,48.768,person
009676.jpg,30.976,32.128,46.848,45.184,person
006551.jpg,66.56,66.688,92.672,95.616,bicycle
006551.jpg,57.856,62.848,81.664,85.888,bicycle
006551.jpg,26.624,62.336,55.296,89.472,bicycle
006551.jpg,27.392,44.16,50.944,84.864,person
006551.jpg,58.112,48.256,73.216,68.992,person
006551.jpg,66.816,48,90.88,84.864,person
006551.jpg,1.28,40.576,8.192,53.888,person
006551.jpg,7.936,41.6,16.384,54.4,person
006551.jpg,16.128,41.088,22.784,53.888,person
006551.jpg,3.328,48,20.48,76.16,person
006551.jpg,15.616,50.56,28.416,75.136,person
006551.jpg,24.32,49.024,32.768,61.312,person
006551.jpg,85.504,44.416,94.208,55.168,person
006551.jpg,94.72,44.16,101.12,55.168,person
006551.jpg,99.84,43.648,108.8,74.112,person
006551.jpg,108.288,45.952,115.2,55.68,person
006551.jpg,114.432,45.696,126.976,73.6,person
002332.jpg,46.592,34.432,128,75.904,sofa
002332.jpg,30.976,25.984,65.024,75.136,person
002332.jpg,86.272,31.616,126.464,62.592,person
002332.jpg,25.856,36.736,128,108.672,person
004058.jpg,21.7552552552553,6.144,75.8693693693694,103.168,person
004058.jpg,32.9864864864865,92.672,102.671171171171,128,person
004058.jpg,87.3558558558559,51.712,105.478978978979,98.304,person
004058.jpg,77.4009009009009,60.672,95.524024024024,95.488,person
004058.jpg,83.0165165165165,46.08,97.3108108108108,65.792,person
004058.jpg,84.2927927927928,48.128,89.1426426426427,54.528,person
004058.jpg,81.2297297297297,46.848,84.8033033033033,53.248,person
004058.jpg,63.8723723723724,48.128,83.0165165165165,92.672,person
004058.jpg,43.451951951952,40.192,68.466966966967,90.624,person
004058.jpg,55.4489489489489,42.24,71.53003003003,88.064,person
004058.jpg,21.7552552552553,23.808,29.9234234234234,50.176,person
002709.jpg,31.488,43.1203703703704,101.376,116.199074074074,bird
009279.jpg,87.552,52.4859154929577,128,118.5,chair
009279.jpg,40.704,29.7136150234742,53.248,55.81220657277,pottedplant
009279.jpg,47.872,30.481220657277,70.912,58.1150234741784,tvmonitor
009279.jpg,73.216,29.2018779342723,98.048,56.8356807511737,tvmonitor
008742.jpg,68.5808383233533,105.728,86.9041916167665,120.064,motorbike
008742.jpg,60.1826347305389,108.032,68.0718562874251,119.04,bicycle
008742.jpg,43.8952095808383,100.864,50.0029940119761,118.528,person
008742.jpg,37.0239520958084,99.84,42.1137724550898,118.272,person
008742.jpg,56.6197604790419,101.888,61.2005988023952,109.568,person
005817.jpg,64.512,16.512,128,110.72,pottedplant
006899.jpg,5.82661290322581,85.504,35.2943548387097,115.712,sheep
006899.jpg,35.2943548387097,78.08,60.4435483870968,108.288,sheep
006899.jpg,99.5645161290323,70.912,114.04435483871,108.544,sheep
007376.jpg,20.992,58.1467065868264,118.784,86.1407185628743,bus
007376.jpg,117.76,63.2365269461078,128,80.7964071856287,bus
007376.jpg,103.424,81.814371257485,128,106.5,car
005992.jpg,0.256,28.288,124.928,110.976,sofa
005992.jpg,11.008,35.712,114.944,91.008,person
005992.jpg,15.36,53.632,73.216,78.72,dog
005873.jpg,57.2357357357357,48.896,84.0375375375375,86.528,dog
005873.jpg,59.533033033033,0.512,97.0555555555556,84.736,person
006196.jpg,17.408,16.256,128,111.488,car
000278.jpg,75.264,55.936,128,112,dog
000278.jpg,28.416,38.784,106.752,112,person
006538.jpg,30.464,45.493993993994,78.848,87.3558558558559,train
007260.jpg,24.9857819905213,42.4,105.402843601896,118.933333333333,horse
007260.jpg,47.5450236966825,18.9333333333333,78.8625592417062,80.8,person
004265.jpg,64.768,51.584,102.912,86.656,person
009549.jpg,0.768,31.872,96.768,112,cat
002306.jpg,23.1111111111111,19.9111111111111,66.1333333333333,123.022222222222,person
002306.jpg,68.6222222222222,36.6222222222222,91.0222222222222,118.4,person
005990.jpg,24.832,16.256,101.632,111.232,motorbike
005990.jpg,95.488,63.104,128,112,person
005990.jpg,92.672,61.824,116.224,86.656,person
009545.jpg,44.8,28.9024024024024,128,106.5,cow
007697.jpg,39.710843373494,52.736,83.2289156626506,111.616,horse
007697.jpg,48.566265060241,29.696,73.6144578313253,84.48,person
003781.jpg,8.192,41.088,85.504,112,person
003781.jpg,66.304,31.36,128,112,person
003781.jpg,9.216,80.512,20.992,91.776,person
002910.jpg,67.584,47.488,109.056,96.384,chair
002910.jpg,22.784,47.488,59.392,88.96,chair
008502.jpg,15.5090909090909,13.056,113,128,car
009312.jpg,35.072,53.888,102.656,112,motorbike
009312.jpg,23.04,35.968,50.432,98.944,person
005352.jpg,35.072,46.1119402985075,60.672,95.3358208955224,dog
005350.jpg,21.76,57.2357357357357,102.4,85.0585585585586,car
000489.jpg,57.344,63.616,76.032,74.88,bird
000855.jpg,46.208,86.528,82.048,118.272,bus
000855.jpg,95.104,109.056,104.064,116.224,bicycle
000855.jpg,80.512,107.264,83.072,115.2,person
000855.jpg,31.616,103.424,43.904,111.616,car
000855.jpg,26.496,104.448,32.384,110.08,car
000855.jpg,22.656,104.704,27.008,109.312,car
000855.jpg,18.816,104.448,23.424,108.544,car
008854.jpg,18.176,21.7552552552553,128,106.5,cat
005715.jpg,9.984,18.048,121.344,112,cat
001576.jpg,13.056,60.032,117.248,87.68,car
000289.jpg,12.544,46.7702702702703,86.272,80.463963963964,car
001226.jpg,26.88,34.2627627627628,127.744,91.4399399399399,dog
005230.jpg,28.928,44.6951871657754,51.456,82.2887700534759,person
005230.jpg,73.984,48.7593582887701,93.952,80.0026737967914,person
005230.jpg,0.256,59.1737967914439,8.96,71.620320855615,person
005230.jpg,5.376,60.1898395721925,10.496,71.8743315508021,person
005230.jpg,9.984,61.2058823529412,18.432,73.6524064171123,person
005230.jpg,29.44,60.951871657754,54.784,88.8930481283422,bicycle
005230.jpg,73.728,63.7459893048128,95.488,88.6390374331551,bicycle
004581.jpg,0.256,21.7552552552553,26.88,68.466966966967,bus
004581.jpg,125.44,65.9144144144144,128,85.0585585585586,car
004581.jpg,3.84,45.493993993994,122.112,92.460960960961,car
009882.jpg,94.72,31.8225806451613,127.232,60.6801075268817,tvmonitor
009882.jpg,46.592,17.010752688172,70.912,37.4408602150538,tvmonitor
009882.jpg,83.712,47.9112903225806,120.832,111.5,person
009882.jpg,66.304,35.3978494623656,108.032,111.5,person
009882.jpg,59.136,21.6075268817204,82.432,65.5322580645161,person
009882.jpg,31.232,22.1182795698925,60.16,86.2177419354839,person
009882.jpg,2.304,26.7150537634409,31.488,88.7715053763441,person
009882.jpg,3.584,56.0833333333333,72.448,111.5,person
006839.jpg,7.424,19.328,117.504,105.856,motorbike
004643.jpg,95.488,67.3021390374332,128,82.5427807486631,aeroplane
004643.jpg,2.304,32.2486631016043,120.832,94.2272727272727,aeroplane
000203.jpg,13.312,63.8723723723724,42.752,106.244744744745,chair
006117.jpg,16.512,15.36,95.872,128,person
008318.jpg,77.312,80.512,86.272,91.776,pottedplant
008318.jpg,85.504,54.4,105.216,112,pottedplant
006994.jpg,6.144,26.0116279069767,123.904,94.0581395348837,dog
008279.jpg,56.3714285714286,52.992,86.6314285714286,115.456,horse
008279.jpg,51.2857142857143,25.088,79.7657142857143,79.872,person
008279.jpg,58.1514285714286,51.456,103.16,93.696,car
008279.jpg,97.0571428571429,73.728,103.16,113.92,car
008279.jpg,32.9771428571429,54.272,49.5057142857143,65.792,car
008279.jpg,25.6028571428571,54.016,34.7571428571429,62.208,car
008279.jpg,40.3514285714286,51.968,51.0314285714286,60.16,car
003258.jpg,51.2,72.0405405405406,128,106.5,sofa
003258.jpg,54.272,54.6831831831832,65.536,64.6381381381381,tvmonitor
004754.jpg,16.256,69.12,50.048,128,tvmonitor
004754.jpg,88.704,82.688,112,128,sofa
003826.jpg,26.624,51.4380664652568,86.272,96.6102719033233,motorbike
003826.jpg,43.52,37.226586102719,82.432,79.607250755287,person
000268.jpg,46.08,47.7912912912913,111.616,93.2267267267267,aeroplane
000268.jpg,0.256,36.3048048048048,67.072,106.5,aeroplane
000446.jpg,54.8915662650602,42.752,80.1927710843374,121.856,person
000446.jpg,42.4939759036145,22.016,83.7349397590361,120.832,person
003124.jpg,13.824,23.424,121.6,99.2,motorbike
003124.jpg,102.912,16.256,128,56.448,person
003124.jpg,78.848,16.512,101.12,48,person
003124.jpg,0.256,16.256,12.032,46.464,person
003124.jpg,11.008,16.256,22.272,39.552,person
003124.jpg,26.368,17.28,76.288,47.232,motorbike
003124.jpg,48.64,16.256,70.912,46.976,person
003134.jpg,16.384,39.3524590163934,47.104,98.0491803278689,person
003134.jpg,40.96,35.7950819672131,76.8,89.6639344262295,person
003134.jpg,69.12,17.7540983606557,123.648,110.5,person
006275.jpg,0.256,16.256,127.232,83.072,train
008381.jpg,20.8012958963283,11.776,123,128,person
002893.jpg,0.256,17.536,126.464,112,motorbike
002989.jpg,71.936,59.533033033033,86.784,73.5720720720721,tvmonitor
002989.jpg,118.016,71.2747747747748,128,98.0765765765766,chair
002989.jpg,111.616,63.1066066066066,128,95.7792792792793,chair
002989.jpg,78.336,75.8693693693694,113.408,106.5,chair
002989.jpg,20.736,66.9354354354354,50.432,89.1426426426427,chair
002989.jpg,56.064,63.1066066066066,72.704,73.5720720720721,sofa
002989.jpg,0.256,70.7642642642643,36.608,106.5,sofa
006219.jpg,47.616,40.576,93.44,95.872,dog
001274.jpg,51.328,50.176,74.88,88.064,cat
000379.jpg,11.776,20.096,113.408,103.296,bicycle
004452.jpg,105.216,80.256,116.224,93.312,aeroplane
005378.jpg,0.768,63.7459893048128,22.272,89.9090909090909,chair
005393.jpg,13.568,33.2417417417417,110.592,66.1696696696697,aeroplane
001741.jpg,0.32,58.8976377952756,36.8,103.543307086614,cow
001741.jpg,106.24,65.9133858267716,120,73.248031496063,cow
009859.jpg,28.16,31.7102102102102,88.064,106.5,person
001498.jpg,29.056,3.584,107.904,128,person
001498.jpg,16.512,57.344,39.808,124.672,person
003098.jpg,1.024,40.9886363636364,109.824,109,boat
003098.jpg,69.12,94.6818181818182,89.856,106.1875,boat
003098.jpg,84.48,77.8068181818182,128,109,boat
001732.jpg,8.448,65.2650602409639,30.208,78.9277108433735,boat
001732.jpg,44.032,58.1807228915663,61.952,69.8192771084337,boat
001732.jpg,57.6,57.421686746988,66.304,62.4819277108434,boat
001732.jpg,64.512,52.6144578313253,76.032,57.9277108433735,boat
001732.jpg,65.024,48.566265060241,81.664,55.144578313253,boat
001732.jpg,74.496,45.2771084337349,87.04,51.855421686747,boat
001732.jpg,83.712,53.1204819277108,97.28,62.2289156626506,boat
001732.jpg,94.464,59.9518072289157,113.152,71.5903614457831,boat
001732.jpg,89.088,70.3253012048193,113.664,95.1204819277108,boat
003998.jpg,3.072,31.36,128,94.592,car
003078.jpg,3.84,46.336,19.2,66.816,chair
003078.jpg,18.944,44.544,28.16,63.744,chair
003078.jpg,77.568,51.712,99.072,81.152,chair
003078.jpg,119.808,48.128,128,78.592,chair
003078.jpg,102.4,48.128,119.04,75.776,chair
003078.jpg,87.296,45.824,102.144,72.96,chair
003078.jpg,97.024,35.072,119.808,75.776,person
003078.jpg,87.296,37.376,101.632,71.936,person
003078.jpg,22.784,4.864,82.688,126.464,person
003078.jpg,50.176,3.84,86.528,123.136,person
002540.jpg,62.208,63.104,72.192,81.792,bicycle
002540.jpg,38.4,67.2,52.736,85.632,bicycle
002540.jpg,39.68,50.56,51.456,85.12,person
000016.jpg,44.9131736526946,18.432,99.1197604790419,121.088,bicycle
003110.jpg,54.528,50.7821229050279,70.4,86.1145251396648,dog
003110.jpg,30.976,45.6983240223464,48.128,77.9804469273743,dog
007673.jpg,84.096,44.288,112,101.888,sofa
007673.jpg,17.024,67.072,99.968,128,diningtable
007673.jpg,70.528,38.4,87.68,64.512,pottedplant
009523.jpg,32,54.4,59.136,80.512,aeroplane
000544.jpg,73.216,45.2387387387387,125.696,79.9534534534535,cat
000544.jpg,0.256,38.3468468468468,78.592,104.713213213213,cat
008313.jpg,94.464,69.248,114.176,94.848,bicycle
008313.jpg,64.512,72.32,94.208,104.832,bicycle
008313.jpg,0.256,76.416,42.24,111.744,bicycle
008313.jpg,14.08,60.544,34.304,112,person
008313.jpg,83.2,59.264,99.072,104.064,person
000622.jpg,39.936,38.272,102.656,102.784,cow
000555.jpg,0.512,44.416,67.072,92.544,sofa
000555.jpg,68.096,32.128,84.992,62.336,person
000555.jpg,40.96,61.824,108.032,111.744,person
000555.jpg,0.256,60.544,47.616,111.744,person
000555.jpg,15.616,39.04,54.528,81.28,person
000555.jpg,40.192,36.224,66.816,71.552,person
000555.jpg,69.12,41.088,86.784,64.128,chair
000555.jpg,108.032,45.696,128,73.344,chair
000555.jpg,97.28,39.552,127.744,71.552,person
007346.jpg,0.256,16.256,85.504,81.536,bus
007346.jpg,91.136,51.328,99.584,57.728,car
007346.jpg,117.76,48,128,84.864,person
007346.jpg,107.264,50.304,118.784,77.184,person
007346.jpg,97.792,49.28,107.776,76.672,person
007346.jpg,86.272,53.12,91.904,70.528,person
007346.jpg,77.056,51.072,84.224,70.784,person
002512.jpg,7.168,23.424,44.032,78.464,dog
002512.jpg,20.992,26.24,76.288,91.776,dog
002512.jpg,66.048,48.768,115.2,104.832,dog
002512.jpg,0.256,64.128,76.544,112,bicycle
004339.jpg,30.3493975903614,51.2,72.3493975903615,115.712,horse
004339.jpg,38.1927710843374,24.32,64.7590361445783,82.688,person
002178.jpg,25.6,50.816,117.76,97.92,car
002561.jpg,47.36,30.848,74.752,59.264,tvmonitor
002561.jpg,11.264,90.496,76.8,112,chair
002561.jpg,82.432,34.176,128,112,person
002561.jpg,22.016,36.48,76.544,112,person
007023.jpg,46.208,42.24,82.048,73.728,tvmonitor
007023.jpg,82.816,70.912,112,107.264,chair
007023.jpg,108.416,73.216,112,101.632,chair
007023.jpg,83.072,1.792,112,96.768,person
007023.jpg,42.624,59.136,83.328,101.888,person
007023.jpg,16.256,30.976,48.768,127.744,person
008965.jpg,30.208,21.7552552552553,128,106.244744744745,person
005439.jpg,104.448,28.8,128,74.112,sofa
005439.jpg,43.776,27.264,83.968,76.672,chair
005439.jpg,0.256,66.944,35.072,112,chair
005439.jpg,54.272,37.76,72.704,51.072,person
002027.jpg,69.12,87.168,91.392,91.52,bus
002027.jpg,96.768,89.984,103.68,94.848,bus
003954.jpg,1.536,51.6201201201201,34.56,67.4459459459459,car
003954.jpg,40.704,59.2777777777778,71.168,76.8903903903904,car
003954.jpg,39.936,79.442942942943,80.896,104.202702702703,car
007049.jpg,0.256,17.024,126.208,112,aeroplane
007049.jpg,47.36,25.216,62.72,33.92,aeroplane
007049.jpg,0.256,19.584,32,112,person
005762.jpg,99.2,99.84,112,124.16,pottedplant
005762.jpg,74.368,109.056,93.056,128,pottedplant
007939.jpg,41.856,65.536,101.248,121.088,cow
000428.jpg,19.456,38.3840579710145,96.256,113.963768115942,person
000428.jpg,52.224,93.4202898550725,128,115.992753623188,diningtable
000428.jpg,5.376,57.1521739130435,89.856,116.5,chair
007064.jpg,40.192,82.816,118.272,112,diningtable
007064.jpg,26.624,86.4,42.24,112,chair
007064.jpg,91.648,92.288,120.832,112,chair
007064.jpg,118.784,87.936,128,112,chair
007064.jpg,93.952,73.856,119.04,109.44,chair
007064.jpg,56.32,72.576,71.424,88.704,chair
007064.jpg,37.888,74.112,66.048,112,chair
007064.jpg,12.032,61.312,34.816,85.888,chair
007064.jpg,37.376,62.336,70.656,81.792,sofa
003354.jpg,23.808,41.0332326283988,65.536,78.5921450151057,cow
008360.jpg,0.512,21.376,102.656,87.68,bus
008360.jpg,101.376,56.192,109.056,67.968,car
008360.jpg,125.184,56.704,127.488,62.336,person
008360.jpg,120.32,56.448,121.6,61.312,person
008360.jpg,114.944,56.96,116.736,62.336,person
008360.jpg,116.736,56.448,118.528,60.8,person
008360.jpg,110.336,57.728,112.896,62.08,person
008360.jpg,84.48,33.92,88.064,37.76,person
008360.jpg,80.128,34.176,83.712,37.76,person
008360.jpg,74.496,32.128,79.104,36.224,person
008360.jpg,69.12,30.592,73.728,34.176,person
008360.jpg,62.72,29.056,68.096,32.896,person
008360.jpg,56.32,27.008,60.928,31.616,person
008360.jpg,46.592,23.936,55.04,30.848,person
008360.jpg,77.056,55.936,81.664,60.8,person
008360.jpg,81.92,54.656,85.504,60.032,person
002696.jpg,23.2,8.448,84.4,70.912,dog
002696.jpg,18.865,0.256,115,63.744,chair
002696.jpg,13.255,15.36,62.725,128,person
001400.jpg,46.976,50.944,103.04,81.408,aeroplane
000806.jpg,51.8753753753754,70.4,106.5,128,person
000806.jpg,21.7552552552553,76.288,48.5570570570571,128,person
009464.jpg,0.256,39.296,114.432,107.648,cat
008032.jpg,42.496,38.6021021021021,120.832,89.3978978978979,bird
008542.jpg,35.4959568733154,38.656,90.2237196765499,89.344,cat
008542.jpg,37.7762803234501,0.256,95.544474393531,48.384,chair
003363.jpg,22.0089820359281,59.648,101.410179640719,122.624,car
003363.jpg,97.8473053892216,66.304,106.5,74.496,car
004686.jpg,89.088,58.6521739130435,118.016,81.8260869565217,horse
004686.jpg,12.032,55.0869565217391,30.976,67.3105590062112,horse
004686.jpg,99.328,49.9937888198758,109.312,66.5465838509317,person
004686.jpg,18.432,48.4658385093168,26.368,60.6894409937888,person
004686.jpg,13.568,61.7080745341615,35.072,81.8260869565217,cow
004686.jpg,22.784,64.7639751552795,47.36,82.8447204968944,cow
004686.jpg,44.544,64.5093167701863,67.328,85.3913043478261,cow
004686.jpg,48.64,66.0372670807454,64,83.6086956521739,cow
004686.jpg,64.512,65.527950310559,75.776,87.6832298136646,cow
004686.jpg,74.24,64.2546583850932,83.456,84.3726708074534,cow
004686.jpg,81.92,67.055900621118,91.136,86.6645962732919,cow
004686.jpg,87.552,65.527950310559,94.464,84.6273291925466,cow
004686.jpg,97.024,65.2732919254658,108.544,86.9192546583851,cow
004686.jpg,117.248,62.7267080745342,128,78.5155279503106,cow
004686.jpg,64.512,61.9627329192547,84.224,68.3291925465838,cow
004686.jpg,83.712,61.9627329192547,89.088,66.2919254658385,cow
005203.jpg,30.208,42.368,84.992,105.856,dog
005203.jpg,0.768,16.512,127.744,112,sofa
004102.jpg,0.256,25.216,105.984,96.64,train
004102.jpg,87.552,30.848,128,92.8,train
001633.jpg,18.176,61.312,107.264,111.488,diningtable
001633.jpg,52.736,69.76,99.328,111.744,chair
001633.jpg,29.696,58.24,67.328,109.184,chair
000540.jpg,34.56,45.0970149253731,82.176,97.1119402985075,train
002647.jpg,56.576,65.9144144144144,78.336,75.6141141141141,car
009079.jpg,1.792,25.216,108.032,111.232,person
009079.jpg,0.768,60.8,57.344,112,person
009079.jpg,116.224,69.248,128,107.136,person
009079.jpg,21.504,17.024,55.808,50.56,person
005199.jpg,5.632,71.04,123.136,104.064,car
008738.jpg,0.256,56.46996996997,91.392,106.244744744745,dog
008738.jpg,87.296,70.2537537537538,128,105.98948948949,dog
008738.jpg,80.896,21.7552552552553,119.296,77.1456456456456,person
008738.jpg,0.256,21.7552552552553,37.632,66.6801801801802,person
006301.jpg,104.448,94.848,115.968,99.456,car
007885.jpg,12.0634920634921,7.424,95.3650793650794,124.16,cat
006702.jpg,70.144,49.0675675675676,126.976,79.442942942943,aeroplane
006702.jpg,9.472,67.4459459459459,50.944,82.2507507507508,aeroplane
000628.jpg,32.256,83.3877551020408,96.256,108.642857142857,car
000628.jpg,102.912,81.8571428571429,128,106.091836734694,car
000628.jpg,0.256,85.6836734693878,19.712,99.2040816326531,car
000628.jpg,23.296,78.5408163265306,30.464,90.2755102040816,pottedplant
000628.jpg,81.92,77.0102040816327,89.088,90.7857142857143,person
005231.jpg,55.04,43.904,98.816,85.632,dog
005231.jpg,10.752,21.632,80.64,110.72,person
005231.jpg,86.272,16.512,128,111.232,person
005231.jpg,0.256,26.24,127.488,111.744,sofa
000411.jpg,66.8,76,79.2,110.8,person
000411.jpg,95.6,77.6,109.2,110,person
000411.jpg,82.8,78.4,90,94.4,person
000411.jpg,51.2,77.2,63.6,117.6,person
000411.jpg,24,78,38,118.8,person
000411.jpg,16.4,79.2,23.6,118,person
000411.jpg,42,74,52,117.2,person
000411.jpg,37.2,78,42,92,person
000411.jpg,33.2,78.4,38.4,85.6,person
000411.jpg,78.8,78,83.2,89.2,person
005686.jpg,93.184,71.4743935309973,119.04,108.973045822102,chair
005686.jpg,76.544,67.6738544474394,103.424,105.425876010782,chair
005686.jpg,73.984,65.3935309973046,128,107.199460916442,diningtable
002261.jpg,29.696,55.6506024096386,94.976,97.6506024096386,horse
002261.jpg,66.304,35.6626506024096,86.272,99.9277108433735,person
001958.jpg,11.776,34.176,32.768,67.712,person
001958.jpg,22.016,39.552,45.056,70.784,person
001958.jpg,39.168,37.76,50.176,67.712,person
001958.jpg,39.936,56.96,63.744,107.136,person
001958.jpg,25.344,55.936,47.36,108.928,person
001958.jpg,59.136,69.248,99.584,112,person
001958.jpg,62.464,60.544,76.032,83.84,person
001958.jpg,89.6,39.552,110.08,109.44,person
001958.jpg,76.032,38.272,92.16,98.432,person
001958.jpg,61.44,42.368,78.848,72.576,person
001958.jpg,48.896,37.76,68.096,68.224,person
001958.jpg,62.72,35.968,78.08,46.208,person
001958.jpg,84.224,37.248,95.232,46.72,person
000733.jpg,13.6533333333333,9.56896551724138,77.6533333333333,110.796551724138,person
000733.jpg,29.2977777777778,59.3344827586207,127.431111111111,125.5,motorbike
000519.jpg,55.04,45.184,83.456,79.488,boat
000519.jpg,97.28,65.152,128,76.928,boat
000519.jpg,3.328,47.744,40.192,79.744,boat
006884.jpg,0.768,29.5072463768116,61.952,74.1449275362319,car
000588.jpg,67.584,90.752,81.92,102.272,sheep
000588.jpg,62.72,86.4,73.216,96.128,sheep
000588.jpg,67.584,83.328,74.496,89.984,sheep
000588.jpg,79.104,83.584,85.504,93.312,sheep
000588.jpg,41.472,88.448,47.872,96.896,sheep
000588.jpg,36.352,84.608,44.288,90.496,sheep
000588.jpg,0.256,89.728,5.376,97.408,sheep
001514.jpg,3.072,34.7732732732733,79.872,106.5,person
001514.jpg,56.064,54.9384384384384,119.552,106.244744744745,person
001514.jpg,0.768,42.9414414414414,127.744,106.5,sofa
001749.jpg,22.144,6.656,101.248,127.488,person
008203.jpg,84.736,53.888,109.056,79.232,sofa
008203.jpg,9.728,64.128,77.824,108.16,sofa
000165.jpg,22.784,28.7098445595855,128,113,person
003808.jpg,11.52,22.2657657657658,119.296,105.223723723724,tvmonitor
000207.jpg,21.7544910179641,52.48,50.2574850299401,81.92,bus
003398.jpg,13.312,22.4,116.48,110.208,tvmonitor
001453.jpg,45.056,23.424,76.032,94.336,bird
005124.jpg,45.824,40.2098765432099,128,105,cow
005124.jpg,0.768,31.3518518518519,69.376,105,person
000946.jpg,4.096,43.648,99.072,88.448,train
000946.jpg,98.048,55.168,128,72.832,train
008116.jpg,50.176,59.52,93.184,107.136,sheep
008116.jpg,81.664,55.68,104.704,100.48,sheep
008116.jpg,27.392,37.76,45.568,52.096,sheep
008116.jpg,50.176,43.904,55.296,50.56,sheep
008116.jpg,54.784,44.416,59.648,52.096,sheep
001918.jpg,74.496,63.104,94.208,112,person
001918.jpg,92.672,63.616,114.944,112,person
006847.jpg,17.408,56.7686567164179,46.08,97.6194029850746,horse
006847.jpg,47.872,45.8582089552239,101.632,94.0671641791045,horse
006847.jpg,60.16,38.5,76.032,75.7985074626866,person
006847.jpg,21.76,44.589552238806,35.584,82.9029850746269,person
002036.jpg,59.904,53.9123076923077,98.048,67.1923076923077,train
001920.jpg,38.4,41.856,99.072,87.936,sofa
001920.jpg,8.448,23.168,86.272,98.176,person
001920.jpg,82.432,17.024,116.736,45.184,tvmonitor
001920.jpg,60.16,34.176,77.312,53.12,tvmonitor
008747.jpg,27.008,12.544,95.104,66.816,bus
008747.jpg,97.92,36.864,112,48.64,car
009468.jpg,34.8,34.3951965065502,98.8,104.334061135371,horse
009468.jpg,44.8,31.2161572052402,79.6,72.146288209607,person
006262.jpg,11.008,46.7951807228916,123.136,87.0240963855422,cat
007279.jpg,45.056,42.3967971530249,128,99.2473309608541,bus
007279.jpg,14.08,88.3825622775801,39.68,97.2259786476868,car
007279.jpg,1.28,93.4359430604982,11.52,96.720640569395,car
008550.jpg,14.08,43.392,96.512,98.944,car
008550.jpg,94.976,26.24,117.504,46.464,car
008550.jpg,112.64,23.936,121.6,64.64,person
008550.jpg,66.816,21.376,86.016,48,person
008550.jpg,35.584,24.448,51.456,45.44,person
008550.jpg,57.344,20.608,67.328,44.672,person
008550.jpg,48.64,19.84,57.344,35.2,person
008550.jpg,30.208,23.424,38.656,46.976,person
004606.jpg,81.92,88.704,89.856,97.152,aeroplane
006434.jpg,37.632,16.256,128,112,dog
008253.jpg,22.784,49.792,109.312,99.2,person
008253.jpg,89.6,17.024,128,67.2,bicycle
005475.jpg,73.216,28.6471471471471,125.184,106.5,person
005475.jpg,6.4,70.2537537537538,13.824,74.3378378378378,car
005475.jpg,13.824,69.2327327327327,17.152,76.6351351351351,person
005475.jpg,18.176,70.509009009009,20.992,77.9114114114114,person
005475.jpg,1.28,68.2117117117117,3.072,72.8063063063063,person
005475.jpg,3.328,68.2117117117117,5.632,73.0615615615616,person
003424.jpg,28.9024024024024,61.184,80.2087087087087,128,horse
003424.jpg,47.536036036036,79.872,106.5,128,person
003424.jpg,45.7492492492492,20.992,90.1636636636637,105.472,person
003691.jpg,24.5630630630631,51.2,104.713213213213,102.144,horse
003691.jpg,57.7462462462462,27.392,76.3798798798799,79.872,person
008843.jpg,30.72,48.5570570570571,123.648,106.244744744745,car
002470.jpg,16.8465227817746,22.016,117,118.272,cat
008115.jpg,49.92,62.0855855855856,71.168,83.0165165165165,dog
008115.jpg,27.392,49.5780780780781,47.872,61.8303303303303,dog
008115.jpg,18.432,53.4069069069069,35.328,72.551051051051,dog
008115.jpg,93.696,49.5780780780781,107.52,68.7222222222222,dog
008115.jpg,101.376,56.2147147147147,112.64,70.509009009009,dog
008115.jpg,120.32,54.6831831831832,128,73.0615615615616,dog
009417.jpg,15.872,23.424,36.864,39.808,sheep
009417.jpg,55.296,62.848,76.544,84.096,sheep
009417.jpg,60.928,40.064,84.48,72.32,sheep
009417.jpg,34.816,29.824,41.984,40.064,sheep
009417.jpg,94.208,19.84,102.656,25.216,sheep
003009.jpg,34.56,75.9878542510122,98.816,93.5870445344129,car
006542.jpg,110.336,60.1898395721925,116.992,74.668449197861,person
006542.jpg,105.984,60.1898395721925,110.848,74.4144385026738,person
006542.jpg,100.864,60.951871657754,106.24,74.1604278074866,person
006542.jpg,94.464,37.0748663101604,99.584,43.1711229946524,person
006542.jpg,63.232,37.5828877005348,67.584,51.0454545454545,person
006542.jpg,66.304,37.0748663101604,70.144,50.7914438502674,person
006542.jpg,46.336,37.8368983957219,49.664,50.7914438502674,person
006542.jpg,43.776,38.5989304812834,46.848,42.9171122994652,person
006542.jpg,34.816,37.8368983957219,39.424,50.5374331550802,person
006542.jpg,31.232,39.1069518716578,35.072,51.2994652406417,person
006542.jpg,26.624,38.3449197860963,33.024,50.5374331550802,person
006542.jpg,22.528,37.8368983957219,27.392,51.2994652406417,person
006542.jpg,8.704,38.5989304812834,12.288,42.9171122994652,person
006542.jpg,3.072,35.8048128342246,7.68,42.9171122994652,person
006542.jpg,86.272,39.3609625668449,89.088,42.4090909090909,person
006542.jpg,0.256,16.7540106951872,128,110.991978609626,boat
001536.jpg,15.872,30.592,103.936,98.432,tvmonitor
001536.jpg,28.672,60.032,79.104,87.936,person
002174.jpg,4.864,36.8153153153153,126.976,98.5870870870871,car
002174.jpg,115.456,44.2177177177177,128,68.9774774774775,car
002174.jpg,93.696,50.0885885885886,117.248,57.7462462462462,car
002174.jpg,5.12,39.8783783783784,13.824,47.0255255255255,tvmonitor
002174.jpg,6.912,42.4309309309309,14.848,51.1096096096096,person
002174.jpg,82.176,44.2177177177177,88.32,52.8963963963964,person
002174.jpg,96.512,44.472972972973,99.84,52.3858858858859,person
002174.jpg,101.632,45.2387387387387,107.264,57.490990990991,person
002174.jpg,108.288,45.7492492492492,112.128,50.5990990990991,person
002174.jpg,110.336,50.8543543543544,115.968,60.2987987987988,person
001207.jpg,32,35.712,128,112,bird
001985.jpg,42.1756756756757,23.552,82.2507507507508,124.416,dog
009577.jpg,21.76,35.712,46.336,74.624,person
009577.jpg,0.256,35.968,32.768,108.928,person
009577.jpg,87.04,38.272,126.72,87.424,person
009577.jpg,58.88,42.112,76.032,55.936,chair
009577.jpg,21.504,56.96,126.72,112,diningtable
000404.jpg,34.048,44.2177177177177,100.864,103.436936936937,car
006448.jpg,88.064,33.664,100.352,80,bottle
006448.jpg,101.12,43.904,109.312,76.16,bottle
008813.jpg,48.384,42.368,91.136,78.464,bird
008813.jpg,81.408,23.424,122.624,110.208,person
008813.jpg,0.256,16.256,25.856,112,person
008813.jpg,109.056,55.936,128,81.28,person
008813.jpg,66.304,58.496,126.72,112,person
008813.jpg,45.056,49.792,67.072,108.928,person
008813.jpg,32.768,43.136,45.568,63.36,person
008813.jpg,25.6,39.808,34.56,56.96,person
003790.jpg,13.824,45.44,118.272,84.864,car
007650.jpg,35.968,70.144,55.936,88.064,bus
007650.jpg,55.936,31.488,101.76,105.984,bus
007650.jpg,16.256,80.896,26.752,93.44,car
007650.jpg,16.512,77.312,21.12,80.896,car
008374.jpg,66.048,73.088,81.92,91.264,tvmonitor
008374.jpg,82.688,71.296,103.168,89.728,tvmonitor
008374.jpg,47.36,62.336,69.376,112,person
008374.jpg,74.752,67.712,94.464,111.488,person
001077.jpg,7.168,41.856,54.784,91.776,tvmonitor
005853.jpg,46.08,47.8880597014925,83.456,70.2164179104478,train
008921.jpg,32.768,13.51,86.784,115,person
008556.jpg,72.704,47.0255255255255,128,106.5,chair
002181.jpg,93.952,16.256,119.808,55.936,chair
002962.jpg,110.08,52.2934131736527,128,73.6706586826347,tvmonitor
002962.jpg,49.152,21.7544910179641,119.296,104.464071856287,person
002962.jpg,0.256,58.6556886227545,32.768,105.736526946108,person
006241.jpg,99.072,57.984,125.184,111.232,chair
006241.jpg,0.256,57.472,13.312,103.296,chair
006241.jpg,46.848,42.368,53.76,62.848,bottle
006241.jpg,12.544,50.56,112.64,112,diningtable
006241.jpg,24.576,92.544,85.504,112,chair
006241.jpg,73.216,41.344,101.888,50.048,chair
006241.jpg,26.624,44.416,49.92,59.264,chair
009649.jpg,82.944,64.128,111.104,102.016,person
009649.jpg,77.312,48.768,103.68,103.04,person
009649.jpg,70.912,35.2,93.184,70.272,person
009649.jpg,50.432,51.328,76.032,82.048,person
009649.jpg,50.176,40.576,78.592,101.76,person
009649.jpg,29.696,38.016,74.24,104.832,person
009649.jpg,13.568,38.016,88.064,112,person
009649.jpg,92.416,34.432,105.472,47.744,tvmonitor
009649.jpg,98.56,34.432,126.72,88.448,chair
008826.jpg,88.576,64.128,128,102.016,car
009647.jpg,93.952,69.248,99.584,88.704,bottle
009647.jpg,101.888,67.712,108.032,87.168,bottle
009647.jpg,83.968,64.128,89.088,75.136,bottle
009647.jpg,58.368,47.232,63.744,57.728,bottle
009647.jpg,10.496,51.328,72.448,112,person
009647.jpg,33.28,47.488,93.952,84.096,person
009647.jpg,54.528,40.32,103.424,73.856,person
009647.jpg,64.768,18.816,90.368,64.128,pottedplant
009647.jpg,5.888,74.624,57.344,111.744,chair
002782.jpg,0.256,30.1786786786787,119.552,89.6531531531532,train
002637.jpg,15.36,64.128,59.136,88.192,cat
002637.jpg,60.672,26.752,97.28,49.28,person
004674.jpg,0.512,30.6891891891892,128,106.244744744745,aeroplane
009112.jpg,24.96,14.592,108.416,76.288,dog
008107.jpg,2.56,36.0495495495496,126.464,80.7192192192192,aeroplane
007523.jpg,63.488,34.9036144578313,127.488,57.9277108433735,bird
006320.jpg,31.488,32.475975975976,111.104,98.5870870870871,car
006320.jpg,0.256,48.0465465465466,11.264,65.4039039039039,car
006320.jpg,107.52,52.3858858858859,116.48,64.1276276276276,car
006320.jpg,6.656,48.0465465465466,16.64,75.8693693693694,person
006320.jpg,16.896,56.46996996997,23.808,76.1246246246246,person
006320.jpg,23.808,57.490990990991,30.208,75.8693693693694,person
006320.jpg,119.04,47.7912912912913,122.88,62.5960960960961,person
006320.jpg,27.648,49.5780780780781,33.792,66.4249249249249,person
006320.jpg,20.48,49.3228228228228,33.792,58.7672672672673,car
006320.jpg,14.336,49.3228228228228,19.2,69.487987987988,person
008873.jpg,23.04,38.8921568627451,60.672,85.7941176470588,aeroplane
003489.jpg,71.68,24.192,116.736,81.792,dog
003369.jpg,66.304,70.272,72.704,95.36,person
003369.jpg,57.6,71.04,64.512,95.36,person
003369.jpg,0.256,16.256,114.432,92.544,aeroplane
003369.jpg,113.408,63.104,119.808,70.528,tvmonitor
000210.jpg,96.512,70.096256684492,103.424,73.6524064171123,car
000210.jpg,113.408,70.096256684492,119.808,76.192513368984,person
000210.jpg,82.688,70.8582887700535,85.76,73.9064171122995,person
000210.jpg,3.84,70.8582887700535,9.472,77.4625668449198,person
006214.jpg,91.392,63.872,112.64,83.072,bicycle
006450.jpg,25.344,54.832298136646,80.896,104.236024844721,person
006450.jpg,78.08,34.9689440993789,105.728,105,person
006450.jpg,0.256,62.9813664596273,28.416,104.745341614907,tvmonitor
006382.jpg,0.768,37.6867469879518,75.52,105.746987951807,horse
003609.jpg,19.9111111111111,52.6222222222222,98.4888888888889,86.0444444444445,sofa
003609.jpg,96,52.9777777777778,128,91.7333333333333,chair
003609.jpg,2.13333333333333,64,66.1333333333333,112,chair
001529.jpg,9.216,59.52,28.416,86.912,tvmonitor
001529.jpg,40.96,56.192,115.2,97.152,sofa
001529.jpg,90.624,85.888,121.6,112,chair
002142.jpg,45.568,43.451951951952,80.896,106.5,person
002142.jpg,74.752,39.6231231231231,104.704,106.5,person
002142.jpg,1.28,54.6831831831832,15.872,77.1456456456456,person
000726.jpg,4.608,74.8483483483483,57.344,96.8003003003003,bottle
000726.jpg,39.168,32.9864864864865,70.144,106.5,person
000726.jpg,17.92,40.6441441441441,127.744,106.5,person
002129.jpg,27.136,28.2968337730871,65.536,46.7242744063325,aeroplane
002129.jpg,28.16,39.8139841688654,71.68,60.5448548812665,aeroplane
002129.jpg,32.256,51.8430079155673,82.688,75.901055408971,aeroplane
002129.jpg,42.752,65.1517150395778,104.448,95.6081794195251,aeroplane
002519.jpg,14.08,16.512,121.856,112,motorbike
007065.jpg,42.496,36.3048048048048,97.792,99.8633633633634,bird
000802.jpg,0.256,53.12,14.848,84.096,person
000802.jpg,0.512,65.152,23.808,90.496,bicycle
009159.jpg,25.856,83.584,60.672,112,chair
007466.jpg,43.52,51.4380664652568,70.4,74.785498489426,motorbike
007466.jpg,102.4,54.2296072507553,120.832,79.3534743202417,motorbike
007466.jpg,9.984,48.392749244713,36.096,64.6344410876133,bicycle
007466.jpg,74.24,56.2598187311178,87.296,91.7885196374622,person
007466.jpg,83.2,53.7220543806647,97.28,91.2809667673716,person
007466.jpg,72.192,64.380664652568,99.584,94.5800604229607,motorbike
007466.jpg,89.088,58.797583081571,108.8,83.9214501510574,chair
007466.jpg,0.256,45.3474320241692,17.92,103.208459214502,person
002116.jpg,45.312,68.736,108.8,111.488,dog
002116.jpg,60.16,48.256,108.544,83.328,sofa
002116.jpg,8.448,42.368,59.136,76.928,sofa
002116.jpg,45.312,26.496,66.048,34.432,car
002116.jpg,9.216,16.256,33.536,72.576,pottedplant
002116.jpg,117.248,24.192,119.808,31.104,person
001675.jpg,7.424,27.8813813813814,117.248,105.734234234234,dog
001548.jpg,34.048,53.12,73.472,99.968,person
001548.jpg,16.128,81.024,37.632,96.128,chair
001548.jpg,0.256,79.488,10.752,94.592,chair
002419.jpg,28.928,47.1162790697674,97.024,87.0232558139535,motorbike
002419.jpg,40.96,34.3255813953488,70.912,75,person
009609.jpg,54.528,44.3358208955224,102.4,65.9029850746269,bird
009609.jpg,0.512,45.8582089552239,89.344,77.0671641791045,person
005908.jpg,18.432,16.512,127.744,112,person
005908.jpg,43.264,20.864,88.576,72.32,bottle
004077.jpg,10.24,77.696,26.368,92.288,dog
004077.jpg,51.712,58.24,60.928,72.064,horse
004077.jpg,54.016,53.376,59.136,64.384,person
003316.jpg,52.224,41.1253101736973,103.936,99.3982630272953,bird
003316.jpg,13.568,23.4900744416873,33.536,38.5694789081886,bird
003316.jpg,44.8,15.3114143920596,69.632,33.2022332506204,bird
001012.jpg,57.6,51.3648648648649,78.592,74.0825825825826,aeroplane
004834.jpg,49.7609819121447,25.0666666666667,84.3604651162791,81.0666666666667,person
004834.jpg,53.2209302325581,34.1333333333333,79.5697674418605,117.6,horse
000675.jpg,7.424,51.4402985074627,22.016,86.9626865671642,train
000675.jpg,0.256,38.7537313432836,7.168,95.589552238806,train
000675.jpg,20.224,43.5746268656717,109.056,90.5149253731343,train
006161.jpg,7.424,62.3408408408408,126.464,106.244744744745,diningtable
006161.jpg,39.936,52.1306306306306,75.008,62.0855855855856,diningtable
006161.jpg,79.872,39.1126126126126,101.888,71.53003003003,person
006161.jpg,98.304,47.7912912912913,127.488,101.13963963964,person
006161.jpg,89.088,40.8993993993994,114.176,81.2297297297297,person
006161.jpg,17.152,40.1336336336336,46.08,76.8903903903904,person
006161.jpg,0.256,38.8573573573574,27.904,102.160660660661,person
006161.jpg,56.832,28.1366366366366,68.096,47.2807807807808,person
006161.jpg,66.304,37.8363363363363,80.896,62.3408408408408,person
006161.jpg,28.672,37.8363363363363,40.704,61.8303303303303,person
006161.jpg,88.064,23.542042042042,101.12,47.7912912912913,person
008838.jpg,31.232,34.4953271028037,85.504,94.0155763239875,bus
008838.jpg,92.16,69.2367601246106,97.792,74.0903426791277,car
008838.jpg,26.624,70.0031152647975,29.44,74.3457943925234,person
002323.jpg,17.92,44.16,97.024,88.448,cow
002323.jpg,19.456,45.44,45.312,54.656,cow
002323.jpg,75.52,41.856,93.184,53.12,cow
005150.jpg,81.92,67.06,112.64,87.97,bicycle
005150.jpg,40.448,67.57,58.624,71.905,boat
005150.jpg,74.496,67.825,90.112,71.14,boat
005761.jpg,5.376,31.7617728531856,97.536,110,person
005242.jpg,101.376,74.8483483483483,113.408,106.5,bottle
005242.jpg,0.256,83.0165165165165,128,106.5,diningtable
005242.jpg,28.672,31.7102102102102,77.312,89.3978978978979,person
005242.jpg,83.456,30.1786786786787,128,86.5900900900901,person
005242.jpg,4.864,53.9174174174174,33.28,93.481981981982,sofa
000752.jpg,0.256,52.8674698795181,128,106,sofa
000752.jpg,57.6,51.855421686747,128,102.710843373494,person
000752.jpg,0.256,52.1084337349398,32,106,person
000882.jpg,20.992,27.9313725490196,128,109.5,dog
000912.jpg,39.168,29.8982035928144,128,106.5,cat
009168.jpg,38.656,37.8363363363363,99.072,106.5,dog
008087.jpg,18.688,55.4489489489489,117.248,92.9714714714715,car
005037.jpg,38.0915915915916,43.776,64.6381381381381,105.472,person
004111.jpg,0.256,32.384,4.352,48.512,tvmonitor
004111.jpg,32.768,45.184,96,112,person
004111.jpg,35.584,43.648,76.288,109.952,chair
002020.jpg,8.96,41.9204204204204,107.008,99.3528528528529,bird
006445.jpg,22.313769751693,41.6,111.812641083521,122.4,horse
006445.jpg,51.3476297968397,26.9333333333333,84.6433408577878,72.5333333333333,person
003905.jpg,60.416,35.3235294117647,96.256,86.5588235294118,bird
003380.jpg,2.048,37.76,63.488,112,person
003380.jpg,62.72,22.912,128,112,person
005878.jpg,25.6,45.2771084337349,82.688,78.1686746987952,motorbike
002741.jpg,82.176,64.6381381381381,99.328,106.244744744745,person
002741.jpg,20.992,26.3498498498498,128,106.5,train
002741.jpg,101.12,54.6831831831832,126.208,65.1486486486486,person
002741.jpg,7.936,68.466966966967,13.056,80.7192192192192,person
002741.jpg,5.376,68.466966966967,8.448,80.2087087087087,person
005640.jpg,43.392,48.128,78.72,69.376,car
001092.jpg,33.536,37.5329341317365,116.736,105.991017964072,dog
001092.jpg,114.944,21.7544910179641,128,106.5,person
001050.jpg,60.16,48.256,76.032,77.696,person
001050.jpg,59.904,60.544,75.52,84.864,bicycle
002912.jpg,54.656,61.184,70.272,86.272,bicycle
002912.jpg,54.912,46.848,70.528,76.032,person
006385.jpg,56.064,61.7095808383234,75.52,104.209580838323,dog
006695.jpg,78.592,55.168,110.848,110.72,person
006695.jpg,50.176,47.488,83.712,111.488,person
006695.jpg,18.432,51.328,52.736,112,person
003343.jpg,42.752,36.992,104.192,101.248,dog
007433.jpg,45.824,29.568,121.344,112,dog
007433.jpg,9.216,51.328,70.912,110.208,dog
007433.jpg,0.256,16.256,82.688,49.792,sofa
007433.jpg,0.768,16.768,128,112,sofa
000138.jpg,1.536,36.1686746987952,39.424,94.1084337349398,person
000138.jpg,37.12,36.6746987951807,72.448,87.2771084337349,person
000138.jpg,57.344,35.6626506024096,112.64,106,person
000138.jpg,92.928,46.289156626506,128,106,person
006874.jpg,61.952,78.464,95.232,99.456,motorbike
006874.jpg,93.184,27.52,102.656,31.616,boat
006874.jpg,28.416,59.008,43.264,70.016,motorbike
006874.jpg,51.712,97.152,64.512,112,person
006874.jpg,66.304,70.528,82.176,92.288,person
006874.jpg,32.768,54.656,41.984,67.2,person
006874.jpg,18.176,44.16,22.016,57.216,person
006874.jpg,84.48,35.2,87.296,41.6,person
006874.jpg,89.344,34.688,91.648,41.344,person
006874.jpg,91.136,35.456,93.44,41.088,person
009900.jpg,25.216,10.24,112,128,car
009900.jpg,95.872,0.256,111.232,31.488,person
009900.jpg,82.304,0.256,95.36,23.808,person
009900.jpg,59.264,0.256,68.48,14.08,person
009900.jpg,35.968,0.256,47.744,20.992,person
005648.jpg,27.0988023952096,27.904,35.751497005988,63.232,person
005648.jpg,44.6586826347305,33.28,59.4191616766467,63.488,person
005648.jpg,63.7455089820359,80.896,88.940119760479,119.552,person
001160.jpg,56.064,46.7702702702703,68.864,57.490990990991,aeroplane
003509.jpg,63.104,7.168,112,127.744,pottedplant
001064.jpg,5.2,34.537037037037,106.8,101.824074074074,horse
001064.jpg,56,26.5740740740741,86,71.962962962963,person
003506.jpg,16.128,32.6265060240964,66.816,94.6144578313253,pottedplant
005803.jpg,17.152,55.936,110.848,85.888,diningtable
000189.jpg,16.64,25.984,117.504,104.576,bird
003349.jpg,22.528,35.539039039039,83.712,95.2687687687688,bird
000454.jpg,0.256,29.8383838383838,117.76,102,dog
009195.jpg,41.7188328912467,13.056,81.4429708222812,107.264,dog
006727.jpg,13.824,47.744,120.32,89.472,sofa
006727.jpg,38.4,68.736,44.544,84.096,bottle
006727.jpg,29.952,61.568,33.792,71.808,bottle
006727.jpg,7.936,65.152,18.432,87.68,bottle
006727.jpg,19.2,45.696,51.2,83.584,person
006727.jpg,67.328,44.16,111.616,81.28,person
008601.jpg,20.224,20.096,128,109.184,car
008601.jpg,75.52,32.896,128,67.968,car
008601.jpg,62.464,17.792,90.368,28.288,car
008601.jpg,11.264,21.12,33.536,35.968,car
000194.jpg,34.4,33.8035714285714,95.6,108.5,horse
000194.jpg,46,27.0491071428571,81.2,73.5357142857143,person
000194.jpg,111.6,50.09375,119.2,71.9464285714286,person
007576.jpg,23.2,32.1698113207547,106.133333333333,104.283018867925,horse
007576.jpg,48,26.622641509434,77.3333333333333,66.7735849056604,person
002783.jpg,71.936,91.52,86.528,106.624,bus
002783.jpg,85.76,96.64,91.392,102.272,car
007675.jpg,4.864,22.0105105105105,58.624,106.5,person
007675.jpg,77.824,60.5540540540541,126.976,106.244744744745,person
004953.jpg,84.992,76.2011173184358,94.208,94.2486033519553,bicycle
004953.jpg,93.696,71.1173184357542,101.632,85.8603351955307,bicycle
004953.jpg,66.304,76.4553072625698,73.728,97.0446927374302,bicycle
004953.jpg,43.008,79.2513966480447,56.32,97.5530726256983,bicycle
004953.jpg,13.824,78.9972067039106,26.112,99.840782122905,bicycle
004953.jpg,42.24,60.695530726257,56.32,95.2653631284916,person
004953.jpg,14.08,63.2374301675978,28.416,91.1983240223464,person
004953.jpg,62.976,60.9497206703911,76.032,93.231843575419,person
004953.jpg,82.688,57.8994413407821,97.536,92.7234636871508,person
004953.jpg,7.936,65.7793296089386,16.64,96.0279329608938,person
004953.jpg,0.256,62.7290502793296,6.144,95.0111731843576,person
004953.jpg,102.656,58.6620111731844,109.312,82.0474860335196,person
004953.jpg,109.824,58.9162011173184,116.224,83.31843575419,person
004953.jpg,115.712,57.645251396648,121.344,82.5558659217877,person
004953.jpg,119.808,56.6284916201117,127.232,82.0474860335196,person
004953.jpg,125.696,57.391061452514,128,80.7765363128492,person
004953.jpg,55.296,54.340782122905,81.408,78.9972067039106,bus
004953.jpg,66.304,52.0530726256983,105.472,80.268156424581,bus
005608.jpg,16.256,57.856,93.568,118.272,motorbike
005608.jpg,23.936,37.376,66.944,112.896,person
005608.jpg,40.832,46.336,77.696,82.176,person
004304.jpg,44.288,46.464,110.08,93.312,car
004304.jpg,13.312,21.632,40.96,106.112,person
009484.jpg,36.608,97.664,119.808,112,diningtable
009484.jpg,29.952,96.896,46.08,112,chair
009484.jpg,41.728,73.088,67.84,98.176,tvmonitor
008254.jpg,0.256,34.518018018018,107.008,101.65015015015,cat
001563.jpg,3.072,72.8063063063063,98.56,106.5,diningtable
001563.jpg,88.064,49.5780780780781,114.176,91.1846846846847,person
001563.jpg,67.072,43.451951951952,92.16,72.2957957957958,person
001563.jpg,33.28,53.4069069069069,51.2,73.0615615615616,person
001563.jpg,54.272,54.9384384384384,73.728,73.0615615615616,person
001563.jpg,1.28,49.5780780780781,33.792,106.5,person
001563.jpg,18.432,64.3828828828829,24.32,81.9954954954955,bottle
001563.jpg,27.904,66.6801801801802,32.256,76.8903903903904,bottle
001563.jpg,32.512,65.9144144144144,36.608,75.1036036036036,bottle
001563.jpg,66.816,65.9144144144144,71.168,73.5720720720721,bottle
001563.jpg,101.888,70.2537537537538,124.928,93.7372372372372,chair
003727.jpg,52.3858858858859,37.888,95.7792792792793,109.824,bird
006602.jpg,42.0168539325843,30.976,70.9016853932584,60.672,dog
006602.jpg,70.1348314606742,93.44,93.3960674157303,125.184,person
006602.jpg,24.123595505618,65.024,40.2275280898876,113.92,person
006602.jpg,43.8061797752809,93.44,67.3230337078652,119.04,person
000862.jpg,78.08,49.536,81.408,54.656,person
000862.jpg,77.824,52.352,90.624,56.96,boat
009000.jpg,56.064,59.008,72.704,73.6,dog
009000.jpg,93.952,57.472,121.6,76.928,person
009000.jpg,22.784,16.256,27.904,26.24,person
009000.jpg,7.68,17.792,12.544,28.8,person
009000.jpg,5.888,16.256,40.96,27.776,car
002966.jpg,0.512,22.0089820359281,128,106.245508982036,dog
001590.jpg,53.888,57.088,75.136,115.2,bottle
001590.jpg,93.568,10.24,112,82.944,tvmonitor
002187.jpg,61.44,42.2409638554217,82.688,80.9518072289157,person
002187.jpg,46.336,58.433734939759,105.984,95.8795180722892,horse
007920.jpg,16.256,70.144,46.464,106.24,bus
007920.jpg,45.44,84.224,75.904,104.704,bus
007920.jpg,45.184,76.288,87.168,101.632,bus
007920.jpg,86.144,86.528,92.8,100.352,bus
007920.jpg,84.864,80.896,107.648,99.584,bus
007920.jpg,104.832,82.688,112,98.304,bus
007079.jpg,36.608,28.8,64.768,63.104,person
001582.jpg,86.528,61.056,128,109.44,cat
001582.jpg,0.256,35.968,31.744,59.008,cat
000528.jpg,31.744,33.408,81.664,95.36,cat
005258.jpg,0.256,16.256,128,96.64,motorbike
008295.jpg,0.512,24.2772585669782,126.72,97.3364485981309,train
000484.jpg,19.456,26.752,54.272,70.784,pottedplant
000484.jpg,12.288,25.728,118.272,112,pottedplant
007146.jpg,31.744,27.4224598930481,118.272,109.72192513369,bird
002855.jpg,55.04,65.152,121.6,111.744,sofa
002855.jpg,46.336,52.352,95.488,102.272,person
000808.jpg,19.712,21.7552552552553,106.24,106.5,cow
007275.jpg,0.426666666666667,44.9151785714286,128,105.986607142857,sofa
009053.jpg,11.008,36.992,107.008,94.336,car
003175.jpg,21.7552552552553,82.688,96.0345345345345,128,bicycle
003175.jpg,24.0525525525525,25.6,104.457957957958,128,person
006203.jpg,34.1758409785933,93.696,92.3012232415902,117.248,car
006203.jpg,25.545871559633,89.856,38.9984709480122,101.12,car
002371.jpg,0.256,24.3627450980392,120.576,109.5,bicycle
001263.jpg,27.392,59.52,50.944,89.728,chair
001263.jpg,53.76,55.936,73.472,86.144,chair
001263.jpg,106.752,72.832,128,106.624,sofa
001263.jpg,40.192,56.704,68.096,86.4,diningtable
000463.jpg,50.176,61.36,77.056,83.4857142857143,motorbike
000463.jpg,56.576,53.8171428571429,72.448,82.48,person
000463.jpg,123.392,52.56,128,60.3542857142857,car
008262.jpg,7.424,35.712,120.576,98.432,bus
008989.jpg,36.864,58.752,48.64,72.32,bottle
008989.jpg,50.944,62.592,60.416,80,bottle
008989.jpg,56.576,55.168,70.912,68.736,bottle
008989.jpg,65.792,55.936,76.288,67.2,bottle
008989.jpg,75.52,64.128,86.016,75.392,bottle
008989.jpg,81.152,66.432,91.648,75.904,bottle
008989.jpg,87.552,65.92,99.328,75.392,bottle
008989.jpg,94.976,64.384,103.68,72.576,bottle
008989.jpg,99.072,63.616,107.52,72.32,bottle
000799.jpg,24.32,13.8412698412698,128,120,horse
000799.jpg,58.88,65.1428571428571,128,120,person
005956.jpg,12.288,35.2341597796143,111.872,96.5674931129477,car
005956.jpg,86.528,42.3305785123967,128,72.9972451790634,car
005956.jpg,54.016,40.8099173553719,62.72,49.1735537190083,person
005956.jpg,47.36,42.0771349862259,55.552,48.4132231404959,person
002249.jpg,0.768,22.5060240963855,127.744,106,horse
007905.jpg,3.84,38.5989304812834,126.976,100.323529411765,car
000947.jpg,43.0756302521008,11.008,88.7058823529412,121.344,dog
001708.jpg,1.536,40.6910569105691,127.488,79.4119241192412,aeroplane
002683.jpg,33.28,47.488,89.088,91.008,sheep
003614.jpg,20.992,44.928,69.632,80,bird
000141.jpg,6.4,23.531914893617,107.008,111.872340425532,bird
003303.jpg,71.8433734939759,44.8,93.3493975903614,78.848,person
003303.jpg,37.6867469879518,41.472,59.6987951807229,77.824,person
003303.jpg,75.6385542168675,54.272,87.7831325301205,88.832,horse
003303.jpg,41.7349397590361,56.576,55.3975903614458,86.784,horse
003303.jpg,89.0481927710843,58.88,93.855421686747,68.864,horse
000180.jpg,3.584,44.16,126.976,107.136,car
006296.jpg,50.944,27.535,84.736,115,person
006296.jpg,81.92,14.785,126.976,115,person
006296.jpg,0.256,15.295,50.944,115,person
006166.jpg,32,41.6551312649165,79.872,97.3257756563246,train
009439.jpg,38.656,62.08,53.248,83.072,bird
001801.jpg,79.36,65.664,103.424,90.496,motorbike
001801.jpg,45.056,60.8,74.496,98.944,motorbike
001801.jpg,30.208,60.544,40.96,76.16,motorbike
001801.jpg,22.272,57.728,30.464,68.736,motorbike
001801.jpg,82.688,55.936,99.584,76.16,person
001801.jpg,49.664,52.608,65.792,87.68,person
001801.jpg,32,54.656,40.192,70.784,person
001801.jpg,24.576,54.656,30.208,65.664,person
001801.jpg,0.256,57.728,15.36,72.064,car
001801.jpg,10.24,56.704,16.64,61.568,car
001801.jpg,81.664,60.544,111.36,74.624,car
001801.jpg,0.256,68.736,11.008,109.44,car
001801.jpg,18.944,57.472,22.016,63.104,motorbike
001801.jpg,41.984,59.008,47.616,69.504,motorbike
007184.jpg,36.7694610778443,80.128,70.3622754491018,128,person
007184.jpg,83.8502994011976,86.272,105.991017964072,128,person
007184.jpg,26.5898203592814,97.28,41.0958083832335,128,person
007184.jpg,69.8532934131737,101.12,78.5059880239521,122.112,person
007184.jpg,98.8652694610778,34.56,106.5,61.44,person
007184.jpg,90.7215568862275,67.584,96.0658682634731,74.752,person
004106.jpg,52.736,65.92,71.68,85.888,tvmonitor
004106.jpg,48.896,87.936,108.544,112,chair
004106.jpg,0.256,85.888,50.944,112,sofa
009446.jpg,3.84,28.032,64.512,92.288,tvmonitor
005450.jpg,20.2843137254902,31.488,105.676470588235,128,person
005811.jpg,93.184,71.808,128,112,person
005811.jpg,114.176,16.256,122.112,37.76,person
005811.jpg,99.584,16.512,109.312,36.992,person
005811.jpg,85.76,34.944,116.48,94.08,chair
006689.jpg,76.8,74.9224598930481,114.688,111.5,chair
006689.jpg,45.568,63.4919786096257,61.952,92.1951871657754,chair
006689.jpg,2.048,74.668449197861,57.344,111.5,chair
006689.jpg,62.208,60.4438502673797,67.328,68.572192513369,chair
006689.jpg,63.744,62.7299465240642,71.936,84.8288770053476,chair
006689.jpg,36.864,63.7459893048128,64.768,87.1149732620321,diningtable
009347.jpg,63.744,25.062874251497,111.616,95.811377245509,boat
009347.jpg,23.808,55.6017964071856,50.688,95.3023952095808,boat
005828.jpg,22.016,42.766323024055,113.408,80.4020618556701,aeroplane
003890.jpg,18.2780748663102,69.12,88.1310160427807,128,cat
007038.jpg,8.192,31.104,84.992,111.744,cat
001272.jpg,46.592,33.5652173913043,61.952,62.731884057971,bottle
001272.jpg,46.336,50.5579710144928,76.8,78.4565217391304,bottle
001272.jpg,26.368,17.0797101449275,120.064,116.5,person
001441.jpg,87.552,72.1702127659574,107.264,90.0425531914894,chair
001441.jpg,120.064,86.2127659574468,128,112,chair
001441.jpg,111.616,92.8510638297872,122.624,112,chair
001441.jpg,45.568,76.5106382978723,61.952,98.7234042553192,chair
001441.jpg,25.856,80.8510638297872,47.616,106.893617021277,chair
001441.jpg,21.76,106.127659574468,44.032,112,chair
001441.jpg,34.816,86.7234042553192,114.176,112,diningtable
002233.jpg,33.7967032967033,30.72,67.9175824175824,65.792,person
002233.jpg,58.8186813186813,59.136,80.554945054945,126.208,person
002233.jpg,69.9395604395604,31.232,94.456043956044,117.248,person
002233.jpg,63.6208791208791,1.792,97.489010989011,62.208,person
002233.jpg,31.0164835164835,15.36,66.9065934065934,115.968,person
006484.jpg,77.056,70.509009009009,117.248,105.478978978979,car
006084.jpg,36.096,32.384,128,88.192,cat
001730.jpg,54.784,44.16,96.256,98.688,horse
001730.jpg,68.864,25.216,87.296,67.968,person
001730.jpg,41.472,37.504,61.184,110.208,person
006617.jpg,22.528,44.5180722891566,92.672,89.5542168674699,horse
006617.jpg,57.344,31.1084337349398,71.936,70.5783132530121,person
007215.jpg,25.6,40.8993993993994,110.848,106.5,cow
000843.jpg,43.52,53.9174174174174,79.872,77.4009009009009,tvmonitor
000843.jpg,89.856,35.2837837837838,109.056,99.0975975975976,person
002375.jpg,2.816,13.3290398126464,126.976,90.1651053864169,cat
000400.jpg,18.816,12.544,100.992,125.184,cat
001268.jpg,7.424,44.472972972973,82.688,84.0375375375375,car
001268.jpg,67.84,37.3258258258258,125.184,66.9354354354354,car
000889.jpg,25.8983957219251,73.472,63.7459893048128,124.416,pottedplant
000889.jpg,62.475935828877,92.672,93.2112299465241,117.248,pottedplant
000889.jpg,64.2540106951872,0.512,99.5614973262032,100.864,pottedplant
004046.jpg,50.176,35.7089552238806,93.44,71.7388059701493,bird
004046.jpg,0.256,48.9029850746269,66.56,81.1268656716418,person
003272.jpg,57.856,51.6940298507463,111.104,100.410447761194,cat
004223.jpg,47.104,23.7691131498471,108.544,105.5,person
007283.jpg,5.632,47.744,62.208,81.28,bicycle
007283.jpg,62.208,45.952,122.88,81.536,bicycle
007283.jpg,60.416,28.8,77.824,35.456,car
005056.jpg,29.28125,15.4838709677419,97.6875,73.2903225806452,dog
001364.jpg,17.664,32.475975975976,103.68,95.524024024024,car
004488.jpg,51.712,77.696,67.328,85.632,car
004488.jpg,69.376,77.696,81.664,84.352,car
004488.jpg,82.944,77.184,94.208,84.352,car
008140.jpg,99.328,36.48,124.16,76.672,pottedplant
008140.jpg,109.824,16.256,115.2,25.728,pottedplant
008140.jpg,26.368,16.256,35.072,27.008,pottedplant
009710.jpg,11.008,41.088,128,112,cow
001184.jpg,20.736,87.424,52.992,107.136,bicycle
006747.jpg,35.584,16.768,87.296,101.504,motorbike
007657.jpg,0.512,20.507204610951,103.424,108,person
008717.jpg,47.36,55.936,72.448,81.536,diningtable
008717.jpg,57.6,53.376,67.072,56.96,chair
008717.jpg,48.384,51.584,50.432,60.544,chair
008717.jpg,46.848,53.376,58.368,78.976,chair
008717.jpg,42.752,54.144,55.552,83.328,chair
008717.jpg,51.968,57.472,64.256,89.472,chair
008717.jpg,35.584,53.632,48.128,68.992,chair
007446.jpg,27.008,61.696,71.808,128,bicycle
007446.jpg,29.568,2.304,67.968,97.28,person
007446.jpg,65.152,32,104.576,47.104,car
007446.jpg,16.256,30.976,27.008,37.632,car
009656.jpg,46.336,55.936,82.944,104.32,bicycle
009656.jpg,52.992,38.016,83.712,94.08,person
009656.jpg,101.888,41.088,128,71.552,tvmonitor
007751.jpg,64,87.68,78.08,112,bottle
007751.jpg,27.136,76.928,35.328,98.432,bottle
007751.jpg,19.456,86.4,25.856,99.456,bottle
007751.jpg,0.256,84.352,128,112,diningtable
007751.jpg,79.104,46.208,122.624,110.464,person
007751.jpg,44.288,46.976,86.528,95.872,person
007751.jpg,12.8,49.536,49.152,90.496,person
007751.jpg,0.256,75.136,12.544,112,person
004075.jpg,53.632,94.464,68.736,128,bottle
004075.jpg,16.512,1.024,81.28,128,person
004075.jpg,66.944,31.744,92.032,57.6,person
007089.jpg,11.008,30.2584269662921,119.808,87.5168539325843,dog
001008.jpg,56.32,55.424,76.8,87.68,motorbike
003990.jpg,62.72,50.56,128,112,dog
002722.jpg,14.848,28.288,124.16,97.152,bicycle
005756.jpg,10.24,58.752,118.528,93.568,car
004682.jpg,5.632,33.408,62.72,82.816,pottedplant
004682.jpg,62.976,45.184,120.832,101.248,pottedplant
007370.jpg,24.96,0.256,103.04,128,bottle
006595.jpg,30.208,27.6077844311377,116.992,98.8652694610778,cat
000244.jpg,29.696,73.0615615615616,40.192,80.2087087087087,sheep
007528.jpg,28.928,60.288,48.128,83.328,cow
007528.jpg,44.544,57.728,71.168,84.096,cow
007528.jpg,8.448,62.08,32.256,94.592,cow
007528.jpg,59.648,62.336,86.272,79.744,cow
007528.jpg,79.36,64.384,108.288,79.488,cow
007528.jpg,61.952,75.904,114.944,112,cow
007528.jpg,20.736,55.168,44.032,63.104,cow
007528.jpg,7.68,55.168,20.992,60.544,cow
000328.jpg,14.848,59.1927710843374,65.792,89.0481927710843,horse
000328.jpg,0.256,49.5783132530121,12.8,79.9397590361446,horse
000328.jpg,78.08,46.7951807228916,112.64,81.710843373494,horse
000328.jpg,71.936,55.6506024096386,80.896,73.6144578313253,horse
000328.jpg,29.696,37.6867469879518,44.544,79.1807228915663,person
000328.jpg,43.52,43,53.504,59.4457831325301,person
000328.jpg,92.672,39.710843373494,105.984,73.6144578313253,person
000328.jpg,71.936,45.7831325301205,83.712,67.5421686746988,person
006782.jpg,21.7552552552553,26.624,78.1666666666667,128,person
005351.jpg,116.224,67.712,128,91.264,horse
005351.jpg,68.096,65.152,112.128,112,horse
005351.jpg,49.152,57.728,67.328,92.288,horse
005351.jpg,38.4,56.704,43.776,65.92,horse
005351.jpg,43.776,55.424,48.64,66.944,horse
005351.jpg,75.264,55.168,89.856,87.68,person
005351.jpg,50.944,54.144,61.44,76.672,person
005351.jpg,43.52,51.328,48.384,58.24,person
000311.jpg,12.032,26.752,110.848,106.624,car
001421.jpg,64.384,0.256,111.232,112.128,person
001421.jpg,45.696,46.336,111.744,121.856,person
001421.jpg,16.256,75.52,43.392,102.656,chair
001421.jpg,16.768,98.56,112,128,diningtable
006932.jpg,79.872,78.72,98.56,112,person
006932.jpg,63.744,30.592,78.336,49.792,person
008429.jpg,37.888,53.2182890855457,94.72,68.693215339233,car
004003.jpg,11.52,28.8,120.832,96.64,motorbike
009703.jpg,0.512,76.928,37.888,104.832,bicycle
009703.jpg,44.544,73.088,83.712,98.688,bicycle
009703.jpg,86.528,66.944,117.504,92.288,bicycle
009703.jpg,95.232,52.864,119.04,87.936,person
009703.jpg,53.76,57.472,73.216,92.288,person
009703.jpg,36.608,49.536,46.848,81.536,person
009703.jpg,56.32,50.56,60.928,65.152,person
009703.jpg,94.208,52.096,100.864,72.064,person
009703.jpg,1.536,59.264,30.72,95.104,person
002542.jpg,108.8,74.88,128,112,person
002542.jpg,50.688,49.536,89.6,110.208,person
002542.jpg,37.376,51.328,67.072,87.168,person
002542.jpg,0.256,47.744,26.88,68.736,person
002542.jpg,0.256,65.664,88.576,112,diningtable
002542.jpg,84.48,71.296,102.912,112,chair
002542.jpg,26.368,59.264,38.4,65.92,chair
002542.jpg,56.32,42.368,69.12,56.96,pottedplant
002542.jpg,54.272,27.008,66.816,41.344,pottedplant
002542.jpg,44.8,27.776,53.248,43.904,pottedplant
002542.jpg,37.888,18.56,50.176,34.176,pottedplant
002542.jpg,39.168,47.744,48.128,63.104,pottedplant
009862.jpg,16.512,27.904,112,128,car
001999.jpg,100.096,34.944,117.76,55.168,chair
001999.jpg,21.504,29.824,67.072,112,person
001999.jpg,44.544,38.272,59.904,58.24,chair
006427.jpg,67.84,28.032,128,112,person
006427.jpg,6.912,28.544,76.032,112,person
006427.jpg,0.256,55.168,5.632,65.92,person
005215.jpg,15.872,16.512,128,112,motorbike
007964.jpg,44.544,52.1306306306306,65.536,65.1486486486486,person
007964.jpg,13.312,51.6201201201201,104.192,84.0375375375375,car
007664.jpg,42.24,74.112,69.376,112,chair
007664.jpg,40.96,67.968,57.088,73.856,chair
007664.jpg,14.336,71.808,25.856,81.024,chair
007664.jpg,5.632,88.448,45.056,112,chair
007664.jpg,3.328,72.832,66.048,112,diningtable
007664.jpg,37.888,35.2,43.776,47.744,pottedplant
004229.jpg,9.216,55.936,58.88,80.512,motorbike
004229.jpg,27.648,45.696,52.992,78.208,person
009831.jpg,49.664,32.6749271137026,128,101.412536443149,train
009831.jpg,15.36,41.8061224489796,79.616,93.8032069970845,train
009072.jpg,16.256,0.512,55.424,72.704,chair
008523.jpg,60.16,53.4069069069069,111.616,85.0585585585586,aeroplane
008523.jpg,0.256,21.7552552552553,82.688,103.692192192192,aeroplane
000559.jpg,9.216,80.5135135135135,20.224,106.935135135135,bottle
000559.jpg,40.96,23.6054054054054,94.976,78.227027027027,tvmonitor
009286.jpg,87.296,44.5180722891566,128,68.5542168674699,car
009286.jpg,0.256,46.289156626506,128,104.987951807229,car
009286.jpg,33.792,55.144578313253,52.224,67.7951807228916,person
009286.jpg,120.064,43.7590361445783,128,51.3493975903615,person
009286.jpg,28.16,22.7590361445783,92.16,64.2530120481928,person
009286.jpg,30.976,22.5060240963855,52.736,56.1566265060241,person
009286.jpg,111.872,22.5060240963855,127.488,44.7710843373494,person
009286.jpg,101.632,22.5060240963855,110.336,43.7590361445783,person
004895.jpg,64.768,22.0673854447439,125.44,92.2506738544474,pottedplant
001127.jpg,10.752,48,51.968,100.48,dog
001127.jpg,49.92,50.816,75.52,89.728,dog
001127.jpg,72.448,44.928,126.976,77.696,dog
001127.jpg,0.256,16.512,128,102.272,sofa
007814.jpg,116.224,78.208,128,98.432,pottedplant
007814.jpg,92.16,76.672,101.12,96.384,pottedplant
007814.jpg,15.872,75.904,22.272,94.336,pottedplant
007814.jpg,49.152,30.592,70.144,74.88,person
007814.jpg,64.512,49.28,91.392,112,person
007814.jpg,77.568,50.56,93.184,108.416,person
007814.jpg,36.864,50.304,51.968,106.368,person
007814.jpg,20.992,50.56,44.544,111.232,person
007814.jpg,12.032,47.744,23.808,65.92,person
004818.jpg,13.312,42.835,62.72,115,chair
004818.jpg,77.312,39.52,109.056,91.54,chair
000306.jpg,22.784,49.6818181818182,36.864,59.9090909090909,cow
000306.jpg,29.184,50.7045454545455,46.592,63.4886363636364,cow
000306.jpg,60.672,53.2613636363636,77.312,63.7443181818182,cow
000306.jpg,77.568,52.2386363636364,97.28,63.7443181818182,cow
004429.jpg,2.816,46.4732620320856,126.976,101.847593582888,car
004429.jpg,18.176,18.5320855614973,56.32,47.9973262032086,bicycle
009303.jpg,25.856,71.7020202020202,76.288,76.2474747474747,diningtable
009303.jpg,117.248,66.1464646464647,128,76.5,diningtable
009303.jpg,106.496,53.7727272727273,120.576,68.9242424242424,person
009303.jpg,49.408,53.0151515151515,68.096,72.9646464646465,person
009303.jpg,2.304,52.7626262626263,34.56,76.5,person
009303.jpg,40.704,56.0454545454545,50.432,66.6515151515152,person
009303.jpg,65.536,55.7929292929293,79.36,72.459595959596,person
005851.jpg,57.088,60.8283582089552,80.896,69.7089552238806,train
004368.jpg,68.608,53.8395721925134,123.392,80.5106951871658,cow
004368.jpg,3.328,53.5855614973262,53.76,77.4625668449198,cow
004368.jpg,30.464,55.8716577540107,71.936,82.0347593582888,cow
006822.jpg,30.085,2.048,98.17,126.976,motorbike
006822.jpg,88.48,40.192,97.915,56.576,car
003760.jpg,44.8,73.088,59.136,98.432,motorbike
003760.jpg,30.208,74.112,46.08,91.776,motorbike
003760.jpg,6.144,70.016,11.776,85.888,person
003760.jpg,12.032,68.992,19.2,88.704,person
003760.jpg,18.688,69.504,25.6,88.704,person
003760.jpg,20.992,66.944,25.6,85.888,person
003760.jpg,24.064,65.152,29.44,88.192,person
003760.jpg,30.208,64.128,45.056,92.288,person
003760.jpg,45.056,61.568,60.928,97.152,person
003760.jpg,62.976,68.224,70.144,95.616,person
003760.jpg,73.216,68.736,78.848,94.08,person
003760.jpg,77.824,68.224,83.712,94.08,person
003760.jpg,79.104,85.888,91.648,95.616,dog
003760.jpg,84.48,71.552,91.136,89.472,person
003760.jpg,92.672,71.808,100.352,94.08,person
003760.jpg,100.864,72.32,105.984,94.848,person
003760.jpg,105.984,66.688,113.92,94.592,person
003760.jpg,88.064,67.456,93.696,93.824,person
003760.jpg,60.928,66.944,65.28,79.744,person
000677.jpg,38.3468468468468,13.824,106.5,111.616,person
008300.jpg,0.768,21.7552552552553,128,105.734234234234,aeroplane
009406.jpg,4.864,33.0883392226148,125.184,95.6749116607774,car
003259.jpg,119.552,83.527027027027,128,106.5,bottle
003259.jpg,0.512,91.4399399399399,128,106.5,diningtable
003259.jpg,24.832,35.0285285285285,76.288,97.5660660660661,person
003259.jpg,2.816,66.6801801801802,28.416,86.8453453453454,chair
003259.jpg,1.536,61.3198198198198,18.176,69.2327327327327,chair
003259.jpg,26.624,60.5540540540541,37.12,67.4459459459459,chair
005864.jpg,37.4199535962877,69.4526315789474,93.84686774942,100.989473684211,sofa
005864.jpg,87.3132250580047,66.5052631578948,99.7865429234339,78,sofa
005864.jpg,99.1925754060325,65.9157894736842,115.22969837587,81.8315789473684,chair
007736.jpg,14.592,54.144,34.304,68.736,bus
007736.jpg,46.08,61.056,62.464,70.528,car
007736.jpg,38.4,61.568,48.128,68.224,car
007736.jpg,32.768,59.776,39.168,66.944,car
007736.jpg,4.864,60.8,8.704,63.36,car
007736.jpg,8.448,61.056,9.984,63.104,car
007736.jpg,87.296,61.312,91.648,63.872,car
004805.jpg,27.136,25.8393393393393,104.192,105.98948948949,motorbike
004805.jpg,90.88,35.2837837837838,127.488,67.1906906906907,car
004805.jpg,0.512,35.0285285285285,34.816,67.7012012012012,car
004805.jpg,11.008,36.5600600600601,64.512,54.4279279279279,car
006392.jpg,32.8,41.3598130841122,98,100.144859813084,horse
006392.jpg,47.6,28.2523364485981,80.8,69.5607476635514,person
004857.jpg,71.424,34.176,105.472,108.416,person
004857.jpg,13.056,40.064,50.688,108.416,person
004857.jpg,92.672,30.08,97.536,46.208,person
004857.jpg,101.632,32.896,106.24,43.392,person
004857.jpg,103.936,35.968,108.288,44.416,person
004857.jpg,107.264,37.248,113.152,47.744,person
004857.jpg,30.976,62.336,83.456,110.464,diningtable
004857.jpg,98.048,54.144,120.064,69.504,diningtable
004857.jpg,107.264,48.512,128,58.496,diningtable
004857.jpg,92.672,43.392,108.8,53.376,diningtable
004857.jpg,124.416,38.528,128,51.328,person
004857.jpg,86.784,55.168,124.672,111.232,chair
004857.jpg,0.256,56.96,39.424,111.744,chair
004857.jpg,81.152,70.272,128,112,chair
004857.jpg,0.256,70.784,13.056,112,chair
005487.jpg,17.408,50.3438438438438,122.112,87.6111111111111,aeroplane
005487.jpg,50.944,78.4219219219219,57.088,89.9084084084084,person
005487.jpg,20.224,80.463963963964,26.368,93.7372372372372,person
003796.jpg,108.032,72.32,113.664,85.632,pottedplant
006004.jpg,45.493993993994,41.984,98.3318318318318,108.544,chair
006004.jpg,36.0495495495496,37.376,68.466966966967,119.808,person
006004.jpg,54.6831831831832,43.264,89.3978978978979,128,person
006004.jpg,21.7552552552553,44.288,47.2807807807808,128,person
006260.jpg,25.6,30.336,128,75.648,cat
002544.jpg,20.736,46.464,108.032,86.912,car
002544.jpg,42.24,34.432,66.304,45.184,car
002544.jpg,62.976,35.2,79.872,44.416,car
002544.jpg,76.8,35.2,93.184,43.392,car
002544.jpg,73.216,31.616,92.672,40.832,car
002002.jpg,6.144,57.728,24.832,83.84,chair
002288.jpg,69.632,52.1084337349398,81.408,62.7349397590361,boat
002288.jpg,50.688,65.7710843373494,100.352,70.8313253012048,boat
002288.jpg,87.808,61.7228915662651,91.392,68.8072289156627,person
002288.jpg,73.472,65.0120481927711,76.8,68.0481927710843,person
002288.jpg,67.584,64.2530120481928,70.912,68.3012048192771,person
008819.jpg,49.536,20.224,91.264,115.2,dog
001192.jpg,75.264,60.032,95.232,97.152,dog
001192.jpg,37.888,43.392,55.296,75.904,dog
008823.jpg,14.848,50.5990990990991,128,95.524024024024,sofa
004149.jpg,40.192,39.552,84.48,83.072,cat
004149.jpg,0.256,38.784,128,112,diningtable
004149.jpg,49.664,16.256,77.568,43.392,chair
004149.jpg,79.872,17.28,109.056,45.696,chair
004149.jpg,40.192,70.784,128,112,chair
004149.jpg,0.512,19.584,40.448,112,chair
002374.jpg,32.256,58.1807228915663,79.872,82.9759036144578,bus
002374.jpg,16.64,72.6024096385542,31.488,81.4578313253012,car
006123.jpg,120.32,43.904,128,87.424,boat
006123.jpg,64,50.816,93.952,88.192,boat
006123.jpg,30.208,47.488,47.872,86.144,boat
006123.jpg,59.136,96.64,115.2,112,boat
003604.jpg,15.872,42.368,128,112,dog
003604.jpg,37.12,16.256,110.08,52.352,tvmonitor
002675.jpg,40.96,52.1306306306306,104.192,89.9084084084084,bicycle
002675.jpg,55.04,29.6681681681682,93.952,80.463963963964,person
004652.jpg,20.224,21.7552552552553,111.104,76.6351351351351,tvmonitor
002490.jpg,52.736,51.072,73.472,79.232,bus
002490.jpg,0.256,50.304,37.632,103.04,bus
002490.jpg,35.584,68.992,48.128,89.472,car
002490.jpg,43.008,69.504,56.832,84.096,car
002490.jpg,54.016,68.736,62.208,81.28,car
004611.jpg,90.88,58.752,122.88,111.744,person
004611.jpg,87.552,59.776,104.448,84.096,person
004611.jpg,67.328,66.432,92.416,111.232,person
004611.jpg,33.792,61.824,68.096,111.232,person
004611.jpg,8.704,63.872,34.56,105.344,person
004611.jpg,60.928,59.264,75.52,80.512,person
004611.jpg,38.144,70.272,45.568,81.28,person
004611.jpg,25.088,77.696,105.472,111.488,diningtable
004611.jpg,76.8,92.8,103.424,111.744,chair
004611.jpg,41.472,99.456,72.448,112,chair
004611.jpg,109.056,94.08,128,112,chair
004611.jpg,0.512,82.304,25.6,111.744,chair
009621.jpg,11.754854368932,0.256,116.5,121.856,bird
002263.jpg,30.976,16.256,101.12,78.976,sheep
009296.jpg,32,55.68,52.736,112,person
009022.jpg,35.328,52.608,67.328,110.72,dog
009022.jpg,75.008,16.512,128,111.744,person
000395.jpg,26.624,36.7515527950311,109.824,90.2298136645963,bird
000688.jpg,2.048,34.2318611987382,128,104.5,car
000688.jpg,18.688,27.0772870662461,24.832,44.4526813880126,person
000688.jpg,26.368,26.0552050473186,30.976,42.6640378548896,person
000688.jpg,29.952,23.7555205047319,34.304,43.4305993690852,person
000688.jpg,21.248,24.2665615141956,29.184,43.9416403785489,person
000688.jpg,9.728,23.7555205047319,19.456,44.7082018927445,person
000688.jpg,0.256,23.7555205047319,11.776,48.0299684542587,person
005116.jpg,104.96,53.7220543806647,128,84.1752265861027,motorbike
005116.jpg,72.192,52.1993957703928,101.12,81.8912386706949,motorbike
005116.jpg,36.096,54.4833836858006,80.64,86.4592145015106,motorbike
005116.jpg,77.312,46.6163141993958,102.656,82.9063444108761,person
005116.jpg,42.24,48.1389728096677,84.992,91.0271903323263,person
005116.jpg,106.496,49.1540785498489,128,84.429003021148,person
005116.jpg,97.28,39.0030211480363,104.704,62.8580060422961,person
005116.jpg,52.48,43.570996978852,65.536,60.5740181268882,motorbike
005116.jpg,96.256,39.0030211480363,103.424,60.3202416918429,person
005116.jpg,77.312,41.0332326283988,89.088,50.4229607250755,person
005116.jpg,3.84,32.9123867069486,9.472,42.5558912386707,person
000579.jpg,118.016,61.2168674698795,124.928,65.7710843373494,car
000579.jpg,67.328,62.2289156626506,79.104,69.0602409638554,car
000579.jpg,0.512,57.1686746987952,39.936,78.9277108433735,car
000579.jpg,81.408,63.2409638554217,107.264,96.8915662650602,motorbike
000579.jpg,80.64,53.1204819277108,99.584,87.5301204819277,person
000579.jpg,85.248,53.8795180722892,106.24,90.566265060241,person
003524.jpg,14.1666666666667,9.984,112.049019607843,122.88,bird
008075.jpg,0.256,32.384,76.288,112,dog
005191.jpg,15.872,48.768,128,88.96,diningtable
005191.jpg,8.448,68.736,113.92,112,diningtable
005191.jpg,120.32,48,128,63.104,chair
005191.jpg,97.536,46.72,110.848,56.448,chair
005191.jpg,52.48,43.648,63.744,50.304,chair
005191.jpg,6.144,52.608,21.76,73.088,chair
005191.jpg,25.344,52.864,38.656,71.296,chair
005191.jpg,40.96,52.352,53.76,69.248,chair
005191.jpg,52.992,48.256,62.72,73.088,chair
005191.jpg,60.672,48.512,68.608,74.88,chair
005191.jpg,65.024,49.536,74.752,77.952,chair
005191.jpg,72.192,52.352,91.648,87.168,chair
005191.jpg,88.832,55.168,109.056,100.48,chair
005191.jpg,105.984,59.776,128,111.744,chair
005191.jpg,87.04,74.88,115.456,104.064,chair
005191.jpg,69.376,70.528,86.016,86.656,chair
002762.jpg,72.704,45.184,84.48,64.128,bird
002762.jpg,68.608,38.272,77.824,62.848,bird
005863.jpg,7.936,35.712,34.048,112,person
005863.jpg,16.64,48.768,39.168,111.744,person
005863.jpg,34.304,34.944,48.384,53.632,person
005863.jpg,33.792,51.84,61.696,112,person
005863.jpg,46.848,40.064,59.904,62.848,person
005863.jpg,46.592,61.312,65.792,106.112,person
005863.jpg,61.44,36.736,75.52,112,person
005863.jpg,65.536,47.232,86.528,111.744,person
005863.jpg,76.544,35.2,92.416,60.544,person
005863.jpg,89.856,28.8,106.24,55.168,person
005863.jpg,76.544,64.384,96.256,112,person
005863.jpg,85.504,41.6,111.104,112,person
005863.jpg,118.016,65.408,127.744,91.264,chair
008701.jpg,40.96,50.304,56.832,69.248,person
008701.jpg,65.536,20.864,93.696,55.424,person
008701.jpg,0.768,38.528,128,112,sofa
002022.jpg,16.384,34.0075075075075,122.112,91.4399399399399,motorbike
002022.jpg,78.08,31.7102102102102,127.744,65.9144144144144,motorbike
002022.jpg,43.52,22.0105105105105,57.088,48.8123123123123,person
002022.jpg,17.408,21.7552552552553,36.096,61.5750750750751,person
002022.jpg,66.304,21.7552552552553,82.176,52.1306306306306,person
002022.jpg,0.256,40.6441441441441,17.664,75.8693693693694,motorbike
004338.jpg,17.664,40.6441441441441,115.2,101.394894894895,motorbike
007018.jpg,40.96,23.5980392156863,108.8,104.401960784314,horse
005253.jpg,34.048,33.496996996997,110.336,106.5,bird
003848.jpg,2.816,46.8693181818182,123.392,82.6647727272727,train
002067.jpg,44.032,31.7102102102102,101.888,103.436936936937,cat
008216.jpg,87.68,70.656,96.64,104.192,pottedplant
008216.jpg,65.152,81.152,68.992,89.6,pottedplant
008216.jpg,67.712,81.92,71.296,89.856,pottedplant
008216.jpg,71.552,82.432,77.952,93.44,pottedplant
008216.jpg,78.72,102.912,92.288,126.208,chair
008216.jpg,94.592,97.536,106.624,107.776,chair
008216.jpg,67.456,104.704,85.12,128,chair
008216.jpg,83.328,108.032,101.248,128,chair
008216.jpg,74.112,104.192,111.744,128,diningtable
008216.jpg,38.528,78.848,55.424,128,person
008216.jpg,56.448,77.312,66.432,89.856,person
008216.jpg,55.168,82.176,68.48,122.624,person
008216.jpg,27.776,78.08,33.408,99.072,person
008216.jpg,32.896,79.872,37.76,98.56,person
001541.jpg,0.256,24.0240963855422,115.2,101.951807228916,cat
007667.jpg,117.248,101.248,126.464,106.368,car
002125.jpg,14.848,55.424,119.552,95.36,car
009448.jpg,34.816,59.008,46.08,85.376,person
009448.jpg,72.704,57.984,82.432,63.616,car
009448.jpg,22.272,56.448,38.656,72.832,car
009448.jpg,0.512,57.728,22.784,81.536,car
009448.jpg,116.224,57.472,128,77.952,car
009448.jpg,9.984,60.544,18.688,86.912,person
009448.jpg,0.256,57.472,7.424,93.568,person
000768.jpg,94.464,42.368,121.6,88.448,bus
000768.jpg,8.448,27.776,94.464,100.48,bus
003404.jpg,35.84,47.744,80.896,68.736,boat
000804.jpg,45.493993993994,62.208,60.5540540540541,77.824,chair
000804.jpg,29.6681681681682,90.112,53.6621621621622,125.696,chair
000804.jpg,70.2537537537538,67.84,106.244744744745,120.32,sofa
006128.jpg,24.064,72.2507739938081,128,105,car
006128.jpg,5.632,75.0433436532508,14.592,90.2755417956656,person
006128.jpg,1.28,74.7894736842105,6.144,82.9133126934985,person
006128.jpg,14.592,75.0433436532508,16.64,80.374613003096,person
006128.jpg,1.536,83.6749226006192,7.168,92.3065015479876,sheep
006128.jpg,30.208,68.6965944272446,38.4,76.312693498452,sheep
006128.jpg,40.96,68.9504643962848,47.616,74.28173374613,sheep
006128.jpg,65.792,62.6037151702786,77.312,74.0278637770898,sheep
006128.jpg,73.984,59.5572755417957,87.04,68.1888544891641,sheep
006128.jpg,80.896,57.7801857585139,99.328,78.8513931888545,sheep
006128.jpg,98.816,58.7956656346749,128,81.8978328173375,sheep
006128.jpg,16.384,72.5046439628483,57.6,90.0216718266254,car
006374.jpg,40.192,48.512,105.472,87.424,aeroplane
001906.jpg,26.368,63.1046511627907,100.608,95.0813953488372,cat
007691.jpg,69.12,37.76,128,98.176,car
007438.jpg,54.1702127659574,12.544,71.0212765957447,30.72,person
000431.jpg,8.192,38.784,127.232,108.16,aeroplane
000431.jpg,21.76,96.896,32,103.04,car
005214.jpg,0.256,19.0643044619423,128,112.5,train
005373.jpg,62.72,59.7882882882883,76.8,69.487987987988,car
005373.jpg,84.224,59.533033033033,95.232,66.9354354354354,car
001833.jpg,41.984,63.104,84.736,110.72,bicycle
001833.jpg,43.776,37.248,79.104,92.8,person
008695.jpg,1.024,26.8603603603604,123.392,106.5,motorbike
008695.jpg,35.84,21.7552552552553,106.752,36.0495495495496,motorbike
007732.jpg,87.296,71.552,124.672,112,chair
007732.jpg,29.184,69.504,46.848,92.288,chair
007732.jpg,60.672,44.16,81.92,61.056,tvmonitor
006638.jpg,6.4,41.05,113.92,95.875,sofa
002666.jpg,22.2634730538922,44.544,97.5928143712575,114.688,motorbike
002666.jpg,96.3203592814371,59.392,106.5,89.856,car
001490.jpg,50.944,48.3018018018018,97.792,104.713213213213,dog
001490.jpg,75.776,49.8333333333333,83.456,65.1486486486486,bottle
001490.jpg,70.656,48.8123123123123,77.568,63.8723723723724,bottle
005086.jpg,40.448,63.104,65.792,83.072,chair
005086.jpg,9.984,53.12,36.864,112,person
005086.jpg,68.864,26.752,127.488,111.232,person
005086.jpg,25.344,82.304,88.832,112,diningtable
000224.jpg,9.216,56.704,56.32,102.272,tvmonitor
000224.jpg,102.656,78.72,128,112,bottle
007763.jpg,99.84,34.176,115.2,51.84,person
007763.jpg,76.288,34.176,88.832,49.792,person
007763.jpg,41.728,43.392,49.92,54.656,person
007763.jpg,51.456,36.992,61.952,49.536,person
007763.jpg,25.344,62.592,35.84,75.392,person
007763.jpg,46.592,67.2,57.6,80.256,person
007763.jpg,80.64,72.064,93.952,89.728,person
007165.jpg,60.288,84.224,112,128,sheep
007165.jpg,57.472,87.296,84.864,112.896,sheep
000044.jpg,0.256,21.7552552552553,94.72,105.734234234234,chair
000044.jpg,25.344,47.2807807807808,79.872,75.8693693693694,cat
005530.jpg,1.024,65.2735849056604,41.984,100.679245283019,bus
005530.jpg,25.344,66.5471698113208,71.936,100.679245283019,bus
005530.jpg,54.784,67.5660377358491,90.88,95.5849056603774,bus
005530.jpg,73.216,68.0754716981132,110.848,96.0943396226415,bus
005530.jpg,96,69.3490566037736,123.904,92.7830188679245,bus
007489.jpg,50.688,24.2392405063291,125.696,108.618987341772,dog
004706.jpg,29.952,23.5980392156863,92.672,105.166666666667,person
004706.jpg,11.776,60.3039215686275,109.568,109.5,bicycle
002139.jpg,62.47,0.256,115,86.528,bottle
007524.jpg,34.7732732732733,12.032,106.5,120.832,cat
002953.jpg,6.4,42.9135135135135,23.808,99.5675675675676,bottle
002953.jpg,24.064,43.4216216216216,42.496,102.616216216216,bottle
002953.jpg,42.24,43.1675675675676,63.232,105.156756756757,bottle
002953.jpg,55.296,30.2108108108108,106.496,94.2324324324324,tvmonitor
002953.jpg,22.784,32.4972972972973,41.472,52.8216216216216,tvmonitor
004779.jpg,29.184,67.968,72.704,90.496,car
004779.jpg,36.608,64.128,47.36,93.824,person
001240.jpg,0.256,16.256,34.56,111.744,person
001240.jpg,5.632,56.704,109.312,112,person
001240.jpg,88.064,80.512,128,112,person
007897.jpg,42.496,40.7160493827161,100.608,77.1604938271605,person
007897.jpg,42.752,53.3703703703704,119.808,100.444444444444,motorbike
007897.jpg,107.264,55.6481481481482,115.2,72.858024691358,person
007897.jpg,98.56,51.8518518518519,107.264,64,person
007897.jpg,99.84,64,106.496,72.858024691358,person
007897.jpg,105.984,49.320987654321,113.664,58.179012345679,person
007897.jpg,17.152,52.358024691358,25.6,68.0493827160494,person
007897.jpg,11.264,56.4074074074074,17.408,70.8333333333333,person
007897.jpg,1.28,51.0925925925926,9.728,81.7160493827161,person
007897.jpg,34.304,55.9012345679012,42.24,69.0617283950617,person
007897.jpg,27.392,52.8641975308642,35.584,67.037037037037,person
007897.jpg,18.432,69.5679012345679,35.328,83.4876543209876,person
007819.jpg,3.072,53.2980769230769,128,70.1153846153846,train
007819.jpg,8.192,65.5288461538462,23.808,70.8798076923077,car
006466.jpg,0.256,22.144,123.392,107.648,train
009790.jpg,2.816,38.1408450704225,122.624,82,train
007168.jpg,28.288,26.112,111.232,108.544,train
006698.jpg,62.72,16.256,126.72,112,person
006698.jpg,17.92,48.768,99.072,112,person
001018.jpg,60.16,69.504,128,108.416,sofa
001018.jpg,114.432,71.808,128,90.496,sofa
001018.jpg,88.064,87.68,110.08,112,chair
001018.jpg,34.816,87.424,62.208,111.488,chair
001018.jpg,0.256,84.096,24.832,112,chair
001018.jpg,25.856,76.416,47.616,110.208,chair
001018.jpg,50.688,70.272,62.464,84.608,chair
001018.jpg,34.56,69.504,48.128,83.584,chair
001018.jpg,54.272,67.2,61.696,78.464,chair
001018.jpg,0.256,69.504,35.584,101.504,diningtable
009681.jpg,1.536,40.064,113.152,83.072,aeroplane
002279.jpg,6.656,24.5630630630631,113.408,102.671171171171,aeroplane
009748.jpg,17.408,38.3449197860963,102.4,102.355614973262,dog
005467.jpg,88.32,43.392,104.448,93.568,bottle
005467.jpg,120.576,34.432,128,82.304,person
005467.jpg,102.912,32.384,127.488,77.696,person
005467.jpg,88.832,34.176,109.312,63.104,person
005467.jpg,9.728,21.376,56.32,112,person
005467.jpg,0.256,19.584,9.216,112,person
005467.jpg,28.416,65.152,128,112,diningtable
002803.jpg,57.6,55.424,96,95.872,chair
002803.jpg,27.392,53.12,67.328,91.264,chair
002803.jpg,96.256,43.904,113.408,62.848,chair
002803.jpg,79.872,43.392,99.84,54.656,chair
002803.jpg,50.176,43.904,73.728,56.704,chair
002803.jpg,37.376,45.184,53.248,59.52,chair
002803.jpg,77.312,37.76,85.248,48,person
006805.jpg,9.216,16.3067331670823,114.432,113.982543640898,dog
001780.jpg,38.912,40.6441441441441,101.12,86.5900900900901,motorbike
001780.jpg,59.392,22.2657657657658,128,63.6171171171171,car
001780.jpg,0.256,28.1366366366366,30.464,63.8723723723724,car
001780.jpg,0.256,21.7552552552553,40.96,37.0705705705706,car
001780.jpg,65.28,21.7552552552553,91.392,28.9024024024024,car
003149.jpg,18.432,25.216,39.168,89.728,bottle
003149.jpg,45.568,20.096,78.848,34.944,bottle
003149.jpg,36.864,21.888,56.32,63.104,bottle
003149.jpg,36.864,27.776,75.776,73.6,bottle
003149.jpg,62.72,28.544,99.072,53.888,bottle
003149.jpg,33.536,23.936,118.784,100.736,bottle
003149.jpg,35.84,73.344,101.12,112,bottle
001836.jpg,0.512,36.736,118.272,112,sofa
001836.jpg,14.592,35.968,81.92,109.44,person
001647.jpg,16.256,59.136,74.112,128,bird
000754.jpg,14.336,51.4827586206897,40.192,73.9885057471264,bus
000754.jpg,11.52,59.8275862068966,15.36,65.3908045977011,bus
000754.jpg,24.064,62.3563218390805,38.4,70.9540229885058,bicycle
000754.jpg,41.984,63.1149425287356,48.64,68.1724137931034,car
002404.jpg,90.112,33.92,99.584,58.752,bottle
002404.jpg,100.864,33.152,116.224,72.064,chair
002404.jpg,23.808,29.824,34.304,55.168,chair
002404.jpg,0.256,46.208,12.544,94.08,chair
002404.jpg,0.512,36.992,128,112,diningtable
001445.jpg,29.184,42.88,116.48,84.352,bus
001445.jpg,124.928,56.96,128,71.552,person
001445.jpg,119.04,57.984,123.904,71.552,person
001445.jpg,20.48,59.52,29.696,68.736,car
001445.jpg,20.224,57.472,24.832,59.776,car
001445.jpg,0.256,68.224,56.32,102.528,car
007798.jpg,23.424,0.256,103.04,118.528,bottle
009772.jpg,17.28,37.12,112,128,cat
002146.jpg,22.4,15.872,103.808,126.208,dog
008427.jpg,4.608,21.7552552552553,106.496,106.5,horse
003684.jpg,31.36,1.28,108.16,121.088,motorbike
007637.jpg,23.808,53.12,88.32,94.08,horse
006270.jpg,50.432,62.08,70.144,85.888,chair
006270.jpg,1.28,80.512,70.656,112,chair
006270.jpg,76.032,61.312,80.896,65.92,pottedplant
008919.jpg,29.4603174603175,48.544,84.3174603174603,90.88,horse
007427.jpg,103.424,56.96,128,112,car
007427.jpg,97.024,52.352,128,107.392,car
007427.jpg,68.864,69.248,80.128,88.704,car
007427.jpg,73.984,68.736,82.176,81.536,car
004823.jpg,0.256,36.48,127.488,100.736,car
008728.jpg,63.744,53.888,120.832,112,dog
008728.jpg,0.256,39.808,86.272,112,person
008728.jpg,71.68,24.96,99.328,61.312,chair
009163.jpg,45.312,40.20625,107.264,65.51875,bus
009163.jpg,5.632,51.34375,45.056,72.60625,car
009163.jpg,120.32,36.15625,128,67.54375,bus
009163.jpg,0.512,51.85,7.424,66.278125,car
001707.jpg,12.0586854460094,33.28,106.218309859155,127.744,bird
004037.jpg,22.0177514792899,26.624,33.9763313609467,40.96,pottedplant
004037.jpg,38.810650887574,45.312,48.9881656804734,58.112,pottedplant
004037.jpg,57.8934911242604,61.184,69.5976331360947,74.752,pottedplant
004037.jpg,79.5207100591716,45.824,91.2248520710059,59.136,pottedplant
004037.jpg,21.7633136094675,85.504,34.7396449704142,108.032,pottedplant
004037.jpg,30.9230769230769,103.424,39.8284023668639,121.6,pottedplant
004037.jpg,42.6272189349112,103.936,50.2603550295858,121.088,pottedplant
004037.jpg,47.4615384615385,78.848,58.9112426035503,91.904,pottedplant
004037.jpg,48.2248520710059,65.536,59.1656804733728,81.664,pottedplant
004037.jpg,70.8698224852071,67.328,82.3195266272189,79.872,pottedplant
004037.jpg,70.1065088757396,78.08,81.301775147929,90.112,pottedplant
004037.jpg,88.4260355029586,101.632,96.5680473372781,120.832,pottedplant
004037.jpg,80.792899408284,101.12,94.0236686390533,120.064,pottedplant
000738.jpg,0.256,53.3734939759036,126.976,81.4578313253012,aeroplane
002082.jpg,20.992,56.0960264900662,58.88,93.5761589403974,motorbike
002082.jpg,25.088,34.6788079470199,51.968,87.2019867549669,person
009533.jpg,39.68,47.488,81.408,66.176,boat
009533.jpg,27.392,64.64,38.656,68.736,boat
006534.jpg,14.72,28.7178571428571,100.16,101.507142857143,sheep
001617.jpg,89.856,32.6586102719033,120.576,48.9003021148036,motorbike
001617.jpg,85.504,51.4380664652568,128,106,motorbike
001617.jpg,46.336,55.7522658610272,91.648,103.716012084592,motorbike
001617.jpg,49.152,47.3776435045317,89.088,89.2507552870091,person
001617.jpg,81.92,39.0030211480363,126.208,92.8036253776435,person
001617.jpg,87.808,23.0151057401813,106.496,47.3776435045317,person
001617.jpg,43.52,36.2114803625378,69.376,62.3504531722054,person
001617.jpg,53.504,33.4199395770393,74.752,47.3776435045317,person
003780.jpg,42.624,42.752,63.36,59.392,tvmonitor
003780.jpg,87.68,55.808,109.44,88.576,tvmonitor
003780.jpg,34.432,43.52,43.648,59.136,tvmonitor
003780.jpg,39.04,51.712,68.992,96,person
003780.jpg,16.512,23.296,44.416,89.6,person
003780.jpg,33.408,79.872,68.992,123.136,cat
001130.jpg,29.184,43.392,75.776,84.096,cow
006185.jpg,32.768,72.832,68.096,94.592,chair
006185.jpg,67.84,83.072,111.872,100.736,chair
006185.jpg,3.328,55.68,39.168,88.96,person
006185.jpg,51.968,33.92,82.176,82.048,person
006185.jpg,65.792,43.392,116.736,99.2,person
004896.jpg,0.256,39.4578313253012,128,83.4819277108434,aeroplane
001840.jpg,32.768,60.544,82.176,91.776,cat
008229.jpg,14.08,31.872,70.912,96.64,cat
008229.jpg,14.848,42.368,116.736,112,diningtable
004347.jpg,45.824,24.3078078078078,91.648,106.5,bird
004570.jpg,0.768,16.768,94.72,78.72,aeroplane
001378.jpg,15.2558746736292,45.056,63.3603133159269,123.136,person
001378.jpg,61.5691906005222,23.04,104.556135770235,103.424,bird
008434.jpg,0.256,34.223642172524,126.976,75.8849840255591,train
009623.jpg,38.144,34.7732732732733,116.224,80.7192192192192,car
001544.jpg,0.256,16.256,112.64,112,person
003497.jpg,6.4,47.1268656716418,91.392,85.9477611940299,train
003497.jpg,103.424,57.0223880597015,128,64.8880597014925,train
000753.jpg,41.984,64.128,109.824,112,diningtable
000753.jpg,54.016,45.184,61.696,66.176,bottle
000753.jpg,67.84,74.624,73.728,91.776,bottle
000753.jpg,67.584,66.688,72.704,79.488,bottle
000753.jpg,67.328,41.344,90.112,74.112,person
000753.jpg,85.504,42.88,110.08,81.024,person
000753.jpg,89.856,41.344,128,111.488,person
000753.jpg,32.768,41.856,49.152,70.784,person
000753.jpg,14.08,43.648,48.384,111.488,person
004389.jpg,37.9831804281346,61.184,100.677370030581,126.976,horse
004389.jpg,56.7660550458716,18.688,89.2553516819572,83.2,person
005829.jpg,10.496,26.3073394495413,48.384,105.5,person
005829.jpg,44.544,45.8516819571865,92.928,105.5,person
005829.jpg,95.232,57.2737003058104,128,105.5,person
005693.jpg,63.616,17.92,112,128,person
005693.jpg,16.256,2.048,54.912,128,person
005693.jpg,42.88,58.112,74.88,114.176,dog
002006.jpg,0.256,16.768,121.6,112,cat
000270.jpg,38.4,53.4643962848297,113.408,69.4582043343653,train
003219.jpg,25.062874251497,41.472,106.5,128,diningtable
003219.jpg,47.9670658682635,32.256,52.0389221556886,47.36,bottle
003219.jpg,85.377245508982,31.488,102.428143712575,57.088,chair
003219.jpg,21.7544910179641,49.152,26.5898203592814,73.728,chair
003219.jpg,21.7544910179641,82.432,25.062874251497,119.808,chair
002611.jpg,0.256,16.256,101.632,105.856,person
002611.jpg,38.912,49.536,86.272,92.288,dog
000583.jpg,3.328,51.0652173913043,125.44,91.8985507246377,motorbike
000583.jpg,61.184,36.8623188405797,89.088,55.6304347826087,motorbike
000583.jpg,59.648,36.3550724637681,81.664,49.5434782608696,person
000583.jpg,28.416,43.2028985507246,33.024,57.4057971014493,person
000583.jpg,33.792,42.6956521739131,38.912,52.8405797101449,person
000583.jpg,39.936,43.963768115942,43.776,48.0217391304348,person
001129.jpg,0.512,36.9111111111111,128,98.5,sofa
001129.jpg,55.552,39.2111111111111,128,75.2444444444444,person
001129.jpg,0.256,42.5333333333333,47.616,72.4333333333333,person
002320.jpg,17.664,29.8731343283582,72.192,72.7537313432836,pottedplant
003228.jpg,78.08,48.0465465465466,100.864,68.2117117117117,car
003228.jpg,115.968,50.0885885885886,123.392,66.1696696696697,person
003228.jpg,2.816,79.442942942943,20.48,104.457957957958,dog
003228.jpg,0.512,30.9444444444444,55.552,72.551051051051,bus
003228.jpg,52.48,42.9414414414414,75.52,62.8513513513514,bus
003228.jpg,103.168,52.6411411411411,105.984,58.0015015015015,person
003228.jpg,77.312,51.8753753753754,79.872,57.2357357357357,person
003228.jpg,75.008,53.4069069069069,77.312,58.7672672672673,person
002280.jpg,102.656,65.1410256410256,128,92.2720797720798,tvmonitor
003511.jpg,13.312,24.2771084337349,120.064,103.722891566265,bicycle
004672.jpg,21.248,16.256,98.048,99.968,bicycle
004672.jpg,49.152,16.512,92.16,75.904,person
001723.jpg,42.4309309309309,49.152,100.118618618619,121.856,motorbike
001723.jpg,41.4099099099099,2.816,100.373873873874,95.232,person
001849.jpg,25.6,48.256,72.704,112,person
001849.jpg,66.56,57.472,104.448,112,person
001849.jpg,92.16,71.808,108.032,94.848,person
001849.jpg,100.864,78.976,121.344,112,person
001849.jpg,107.264,73.6,120.832,99.968,person
007877.jpg,24.832,18.048,55.808,55.68,person
007877.jpg,55.296,43.136,79.36,69.504,person
009200.jpg,79.616,58.752,92.416,72.576,tvmonitor
009200.jpg,28.928,50.816,56.064,73.856,tvmonitor
009200.jpg,61.44,77.184,85.76,111.744,chair
009200.jpg,0.256,75.392,32,112,sofa
004201.jpg,43.52,50.048,59.136,65.92,person
004201.jpg,56.832,43.648,71.424,62.08,person
004201.jpg,3.072,64.64,100.864,112,chair
006159.jpg,19.84,7.424,107.904,118.528,pottedplant
004737.jpg,47.36,35.539039039039,128,106.244744744745,dog
006419.jpg,36.0495495495496,89.088,60.5540540540541,124.16,chair
006419.jpg,53.9174174174174,103.936,76.8903903903904,128,chair
001463.jpg,22.784,17.024,85.248,103.552,boat
001463.jpg,73.984,88.704,78.08,96.384,person
000645.jpg,34.56,27.776,128,111.744,bird
000645.jpg,31.744,53.376,93.44,112,bird
009394.jpg,0.768,22.0105105105105,128,86.3348348348348,aeroplane
009394.jpg,34.048,62.3408408408408,40.704,88.1216216216216,person
000474.jpg,13.568,56.192,114.688,107.904,car
000474.jpg,3.84,31.616,25.344,55.936,boat
000474.jpg,51.712,37.248,66.048,56.96,boat
000474.jpg,84.992,44.16,95.232,55.168,boat
000474.jpg,108.288,53.888,118.016,57.728,boat
002226.jpg,69.632,28.1366366366366,71.936,32.2207207207207,bottle
002226.jpg,72.704,28.1366366366366,75.008,31.9654654654655,bottle
002226.jpg,84.48,24.3078078078078,89.088,37.8363363363363,bottle
002226.jpg,80.896,25.3288288288288,84.992,35.7942942942943,bottle
002226.jpg,77.568,25.5840840840841,80.896,33.496996996997,bottle
002226.jpg,74.496,26.3498498498498,77.568,34.518018018018,bottle
002226.jpg,70.4,27.1156156156156,74.496,36.0495495495496,bottle
002226.jpg,67.328,27.6261261261261,70.4,39.1126126126126,bottle
002226.jpg,63.744,27.8813813813814,67.84,39.3678678678679,bottle
002226.jpg,122.88,69.487987987988,128,80.463963963964,bottle
002226.jpg,119.552,68.9774774774775,124.16,86.0795795795796,bottle
002226.jpg,114.688,68.466966966967,119.808,86.0795795795796,bottle
002226.jpg,109.568,68.9774774774775,114.432,85.8243243243243,bottle
002226.jpg,106.24,67.7012012012012,110.592,83.2717717717718,bottle
002226.jpg,25.088,33.2417417417417,128,106.5,person
006442.jpg,27.9396551724138,7.936,54.5373563218391,46.08,person
006442.jpg,52.7471264367816,117.76,63.2327586206897,128,person
000923.jpg,26.112,47.744,46.592,64.384,tvmonitor
000923.jpg,37.376,66.176,117.248,112,sofa
000923.jpg,78.08,16.512,128,51.328,pottedplant
000923.jpg,3.84,34.176,16.896,65.152,pottedplant
000923.jpg,103.168,57.984,120.832,83.072,tvmonitor
000923.jpg,48.384,24.704,56.32,34.176,pottedplant
004025.jpg,41.984,43.451951951952,93.696,92.7162162162162,bird
003223.jpg,50.816,58.88,74.88,76.544,boat
008572.jpg,8.704,31.616,116.992,97.92,car
008572.jpg,114.176,51.584,128,65.664,car
009342.jpg,19.2,17.024,43.776,89.472,person
009342.jpg,60.672,51.584,96.512,87.168,cat
009342.jpg,56.064,46.976,70.144,79.488,cat
009342.jpg,49.664,72.064,128,112,sofa
009342.jpg,39.68,74.88,65.024,112,sofa
009342.jpg,0.256,70.784,30.976,112,pottedplant
001739.jpg,59.533033033033,45.568,76.1246246246246,81.152,bird
005064.jpg,62.976,57.728,90.112,90.752,bicycle
005064.jpg,64.256,43.648,84.992,82.304,person
002546.jpg,50.176,20.352,112.64,112,dog
008770.jpg,47.36,48.5570570570571,86.272,69.9984984984985,aeroplane
006730.jpg,1.28,60.544,119.04,102.528,train
005185.jpg,0.768,34.688,128,103.808,sofa
005185.jpg,60.928,45.952,91.648,68.992,dog
005185.jpg,36.096,51.584,69.12,74.624,dog
006786.jpg,20.992,16.256,82.944,107.648,person
006786.jpg,75.776,22.144,115.456,99.968,person
005278.jpg,27.7333333333333,39.1698113207547,85.0666666666667,106,horse
005278.jpg,0.8,56.8679245283019,26.9333333333333,86.188679245283,horse
005278.jpg,31.4666666666667,49.4716981132076,59.2,99.3962264150943,horse
005278.jpg,120.266666666667,52.6415094339623,128,106,person
005278.jpg,54.4,33.8867924528302,70.9333333333333,79.5849056603774,person
005278.jpg,40.2666666666667,41.0188679245283,53.0666666666667,59.5094339622642,person
005278.jpg,11.2,46.8301886792453,20.8,72.4528301886793,person
005278.jpg,70.1333333333333,45.7735849056604,75.4666666666667,56.6037735849057,person
009100.jpg,64.768,66.6611570247934,102.144,95.5537190082645,bottle
004985.jpg,0.256,31.104,121.6,92.032,cat
004985.jpg,55.296,16.256,115.2,57.472,person
003170.jpg,97.536,70.016,117.248,88.448,sheep
003170.jpg,88.064,73.344,98.048,87.936,sheep
003170.jpg,82.944,74.112,90.88,85.12,sheep
003170.jpg,17.92,67.712,42.24,86.4,sheep
003170.jpg,4.864,46.976,19.2,82.304,person
003170.jpg,27.904,52.608,45.824,72.832,person
003170.jpg,37.376,58.496,48.64,83.328,person
003170.jpg,45.056,58.752,56.064,83.072,person
003170.jpg,52.736,59.776,61.696,82.048,person
003170.jpg,49.92,52.608,68.608,72.32,person
003477.jpg,25.088,45.44,66.304,105.856,chair
002539.jpg,0.256,21.7552552552553,128,106.5,bus
002539.jpg,50.688,48.3018018018018,78.592,106.5,person
003413.jpg,83.712,76.416,112.64,96.896,boat
003413.jpg,70.144,87.68,101.376,96.64,boat
003413.jpg,65.536,46.72,79.616,97.92,boat
003413.jpg,17.408,23.424,66.304,99.712,boat
003413.jpg,11.008,91.776,22.272,98.944,boat
001978.jpg,35.584,59.9281437125749,53.76,103.191616766467,person
001978.jpg,90.88,54.5838323353293,105.216,101.664670658683,person
001978.jpg,34.304,70.8712574850299,42.496,89.7035928143713,chair
009702.jpg,86.016,34.0075075075075,107.008,43.1966966966967,aeroplane
009702.jpg,50.688,37.0705705705706,71.168,48.3018018018018,aeroplane
009702.jpg,53.76,55.9594594594595,74.496,64.8933933933934,aeroplane
009702.jpg,12.032,42.6861861861862,33.792,52.1306306306306,aeroplane
009702.jpg,20.736,57.2357357357357,40.96,66.1696696696697,aeroplane
009702.jpg,22.272,77.6561561561562,41.984,86.3348348348348,aeroplane
000275.jpg,55,13.3333333333333,90.7352941176471,80.2666666666667,person
000275.jpg,16.0882352941176,29.0666666666667,111.647058823529,115.466666666667,horse
007266.jpg,0.256,42.112,44.032,104.576,chair
007266.jpg,83.456,38.016,122.624,98.432,person
007266.jpg,28.416,38.784,83.456,97.664,person
007266.jpg,38.656,96.384,96.768,112,chair
007266.jpg,10.24,76.928,128,112,diningtable
004562.jpg,84.352,0.768,108.16,65.536,person
004562.jpg,16.512,0.512,37.248,31.488,person
004562.jpg,34.688,17.408,84.608,62.72,sofa
007361.jpg,18.432,82.56,85.504,87.68,train
007361.jpg,67.072,95.872,87.552,102.272,boat
007356.jpg,11.52,37.0705705705706,114.432,104.713213213213,bicycle
007356.jpg,110.592,40.3888888888889,118.016,53.1516516516516,pottedplant
009797.jpg,33.792,34.2627627627628,60.928,98.8423423423424,dog
009797.jpg,56.832,49.5780780780781,101.376,101.13963963964,dog
005507.jpg,36.608,65.664,44.8,71.296,bicycle
005507.jpg,19.456,68.736,29.44,72.32,bicycle
005507.jpg,57.088,66.944,67.584,72.576,bicycle
005507.jpg,52.992,65.92,58.112,71.296,person
005507.jpg,60.928,59.776,64,71.552,person
005507.jpg,62.208,59.776,66.816,71.552,person
005507.jpg,74.24,67.456,79.104,73.088,person
004089.jpg,28.672,45.9311377245509,35.072,51.2754491017964,person
004089.jpg,53.76,52.5479041916168,118.272,97.5928143712575,car
004089.jpg,4.864,36.2604790419162,68.096,72.6526946107784,car
005283.jpg,77.568,38.272,121.344,112,person
005283.jpg,0.256,41.344,37.376,112,person
005283.jpg,38.4,21.12,88.32,112,person
006910.jpg,0.512,70.2164179104478,29.184,106.5,bird
006910.jpg,7.424,79.3507462686567,31.232,106.5,bird
006910.jpg,47.104,52.7089552238806,72.96,76.0522388059701,bird
006910.jpg,72.704,86.9626865671642,99.328,100.15671641791,bird
006910.jpg,90.112,75.2910447761194,103.68,93.0522388059702,bird
006910.jpg,15.616,25.5597014925373,111.616,106.5,person
006910.jpg,1.28,54.4850746268657,20.736,106.5,person
005424.jpg,32.4294478527607,20.48,61.4539877300614,53.76,bicycle
005424.jpg,28.6104294478528,64.768,60.6901840490798,109.824,bicycle
005424.jpg,40.3220858895706,3.584,68.5828220858896,47.36,person
005424.jpg,27.8466257668712,35.072,75.7116564417178,93.44,person
002838.jpg,51.968,60.0404984423676,71.424,100.91277258567,person
002838.jpg,89.856,59.5295950155763,128,76.6448598130841,boat
002838.jpg,46.848,48.2897196261682,89.088,61.0623052959502,boat
002873.jpg,35.84,66.176,62.72,72.576,aeroplane
002873.jpg,108.8,72.064,115.2,76.672,sheep
002873.jpg,94.72,72.32,101.888,77.696,sheep
002873.jpg,79.872,75.904,82.944,78.976,sheep
002873.jpg,79.104,86.4,82.688,92.8,sheep
002873.jpg,40.704,86.656,48.64,91.264,sheep
002873.jpg,19.968,69.248,24.832,73.088,sheep
008521.jpg,19.456,16.512,97.536,112,cat
002330.jpg,78.08,57.7549019607843,101.12,74.8333333333333,sheep
002330.jpg,8.448,49.0882352941177,41.984,64.3823529411765,sheep
000503.jpg,95.488,52.352,128,111.744,sofa
000503.jpg,3.584,53.376,35.072,108.416,sofa
003885.jpg,55.936,95.488,72.832,108.8,car
007458.jpg,84.48,72.832,128,112,chair
007458.jpg,57.6,53.376,74.752,64.384,chair
007458.jpg,24.832,57.472,54.272,84.352,chair
007458.jpg,33.792,56.192,123.136,112,diningtable
007458.jpg,57.344,25.984,74.496,41.6,tvmonitor
000712.jpg,0.768,44.2272727272727,98.048,90.1510263929619,train
009687.jpg,67.072,31.36,128,112,person
009687.jpg,0.256,35.2,71.168,112,person
009687.jpg,103.68,58.24,128,85.888,bottle
009687.jpg,7.168,82.56,24.576,112,bottle
008125.jpg,22.0074626865672,0.256,106.5,115.2,bus
008125.jpg,57.5298507462687,37.376,80.365671641791,61.696,person
008125.jpg,32.6641791044776,39.168,56.0074626865672,61.696,person
009878.jpg,18.944,46.464,95.744,105.344,sofa
009878.jpg,3.328,99.968,12.544,112,bottle
009878.jpg,22.272,43.136,56.576,81.024,person
009878.jpg,90.112,43.904,113.408,98.176,person
009878.jpg,63.232,42.624,90.88,112,person
009878.jpg,43.52,44.16,71.68,105.856,person
009878.jpg,4.352,16.768,41.728,69.76,pottedplant
006456.jpg,12.288,25.216,95.488,96.128,dog
009330.jpg,24.064,53.632,74.496,112,person
009330.jpg,46.336,21.632,128,112,person
003679.jpg,9.728,35.4096385542169,110.592,98.4096385542169,bird
003821.jpg,12.8,26.752,103.68,111.744,dog
008997.jpg,0.256,79.6168539325843,66.816,120.5,diningtable
008997.jpg,39.936,82.1561797752809,59.904,99.1696629213483,chair
008997.jpg,22.016,78.8550561797753,34.56,92.5674157303371,chair
008997.jpg,109.056,80.8865168539326,128,102.724719101124,chair
008997.jpg,114.176,77.3314606741573,127.488,82.1561797752809,chair
008997.jpg,114.176,76.061797752809,127.744,81.6483146067416,chair
008997.jpg,114.432,74.538202247191,126.464,80.3786516853933,chair
008997.jpg,91.904,68.6977528089888,96.768,79.8707865168539,pottedplant
008997.jpg,35.328,51.938202247191,52.48,91.8056179775281,pottedplant
008997.jpg,28.16,60.0640449438202,36.608,70.2213483146067,pottedplant
008997.jpg,12.8,61.5876404494382,17.408,68.4438202247191,tvmonitor
005023.jpg,66.5380710659898,68.096,79.7360406091371,86.784,bird
006209.jpg,91.648,63.36,112.896,84.608,tvmonitor
006209.jpg,37.632,58.752,90.88,112,person
008982.jpg,65.536,34.432,109.056,75.904,tvmonitor
008982.jpg,109.824,63.36,124.928,102.016,bottle
003963.jpg,13.568,65.664,24.32,78.208,tvmonitor
003963.jpg,69.12,74.88,101.632,107.904,sofa
003963.jpg,79.872,77.696,85.76,82.048,person
001688.jpg,15.616,18.816,106.24,111.488,motorbike
006300.jpg,6.912,53.632,19.712,68.224,bicycle
006300.jpg,16.64,61.312,44.544,85.12,bicycle
006300.jpg,46.336,61.056,128,112,bicycle
006300.jpg,8.448,44.672,18.432,64.128,person
006300.jpg,25.6,39.552,45.568,84.352,person
006300.jpg,72.192,25.472,109.824,112,person
000464.jpg,34.176,64.512,71.296,80.384,cow
000464.jpg,30.848,51.712,77.696,75.52,cow
004327.jpg,3.072,26.8909952606635,126.208,116.208530805687,dog
004327.jpg,33.792,10.2559241706161,103.168,111.601895734597,person
004327.jpg,0.256,10.2559241706161,24.576,90.6161137440758,person
005948.jpg,42.496,72.0963855421687,58.624,80.1927710843374,dog
005948.jpg,66.56,55.9036144578313,83.2,88.0361445783133,horse
005948.jpg,84.224,55.6506024096386,108.544,87.0240963855422,horse
005948.jpg,93.696,47.3012048192771,103.168,73.3614457831325,person
005948.jpg,70.144,49.3253012048193,79.36,76.144578313253,person
003690.jpg,0.256,30.592,115.968,112,sofa
003690.jpg,7.936,35.712,128,112,person
005345.jpg,57.216,40.448,62.08,57.344,bottle
005345.jpg,16.512,50.688,112,128,diningtable
005345.jpg,52.864,33.792,70.016,50.176,chair
005345.jpg,89.216,39.68,101.248,66.048,chair
005345.jpg,97.408,46.592,112,82.176,chair
005420.jpg,15.6258426966292,5.632,107.803370786517,118.784,boat
003912.jpg,29.184,39.3807106598985,124.672,114,cat
001654.jpg,0.256,50.56,8.192,82.816,bicycle
001654.jpg,7.168,59.264,22.016,79.488,bicycle
001654.jpg,28.416,62.336,45.824,82.816,bicycle
001654.jpg,35.072,57.984,77.568,93.568,bicycle
001654.jpg,64.768,63.872,110.848,96.896,bicycle
001654.jpg,70.144,41.6,102.912,86.4,person
001654.jpg,37.12,32.896,72.704,84.096,person
001654.jpg,7.168,46.976,21.76,70.784,person
001654.jpg,0.512,36.992,7.424,57.216,person
001654.jpg,29.952,49.536,42.752,82.304,person
001654.jpg,85.76,27.776,93.184,30.848,car
001654.jpg,91.648,27.008,97.792,30.592,car
001654.jpg,97.024,25.984,102.4,28.8,car
002372.jpg,55.075,57.344,92.56,98.048,boat
002372.jpg,82.615,73.728,100.465,97.28,person
007928.jpg,7.68,51.094512195122,17.92,76.1463414634146,person
007928.jpg,115.2,56.155487804878,120.832,74.375,person
007928.jpg,92.416,58.9390243902439,99.584,72.6036585365854,person
007928.jpg,87.296,58.9390243902439,94.208,72.3506097560976,person
007928.jpg,91.648,56.9146341463415,95.744,63.4939024390244,person
007928.jpg,73.728,58.4329268292683,78.848,64.2530487804878,person
007928.jpg,54.784,58.6859756097561,59.136,64,person
007928.jpg,48.64,59.1920731707317,56.064,72.0975609756098,person
007928.jpg,41.728,57.9268292682927,47.36,64.5060975609756,person
007928.jpg,35.584,58.1798780487805,43.264,72.3506097560976,person
007928.jpg,0.256,58.1798780487805,7.68,72.3506097560976,person
009867.jpg,78.592,39.296,128,110.208,tvmonitor
009867.jpg,0.256,23.168,79.104,112,tvmonitor
009867.jpg,50.176,16.256,128,69.248,person
007182.jpg,48.0465465465466,14.848,106.5,128,person
007182.jpg,21.7552552552553,0.256,53.4069069069069,118.016,person
006547.jpg,27.3708708708709,24.832,91.1846846846847,128,cat
001078.jpg,0.512,41.856,62.72,112,cat
001727.jpg,0.266666666666667,32.8301886792453,81.3333333333333,105.735849056604,horse
001727.jpg,32.8,25.9622641509434,110.133333333333,105.735849056604,horse
001727.jpg,92.5333333333333,49.4716981132076,127.733333333333,105.471698113208,horse
001727.jpg,10.9333333333333,22.5283018867924,36.8,49.4716981132076,person
007108.jpg,105.984,69.5988023952096,128,94.7934131736527,bicycle
007108.jpg,65.792,66.2904191616767,94.976,88.940119760479,bicycle
007108.jpg,72.704,67.0538922155689,102.656,88.4311377245509,bicycle
007108.jpg,40.96,64.5089820359281,66.816,86.9041916167665,bicycle
007108.jpg,34.816,60.9461077844311,56.576,77.9970059880239,bicycle
007108.jpg,15.616,56.3652694610778,38.4,78.7604790419162,bicycle
007108.jpg,0.512,52.5479041916168,13.312,69.3443113772455,bicycle
007108.jpg,0.256,41.6047904191617,12.8,62.7275449101796,person
007108.jpg,20.736,45.4221556886228,38.144,72.6526946107784,person
007108.jpg,38.4,49.748502994012,51.712,69.8532934131737,person
007108.jpg,48.384,53.0568862275449,66.304,80.5419161676647,person
007108.jpg,72.192,55.3473053892216,91.648,79.7784431137725,person
007108.jpg,81.664,55.0928143712575,99.84,81.3053892215569,person
007108.jpg,113.408,61.9640718562874,128,90.2125748502994,person
007108.jpg,82.688,27.6077844311377,90.624,38.5508982035928,person
007108.jpg,72.96,27.8622754491018,81.408,37.5329341317365,person
007108.jpg,60.416,25.8263473053892,69.632,36.5149700598802,person
002191.jpg,0.256,17.024,128,111.744,motorbike
001855.jpg,80.384,69.504,125.696,105.344,bird
002590.jpg,16.768,69.632,111.744,113.408,train
000060.jpg,0.256,56.3652694610778,109.312,106.245508982036,car
000060.jpg,0.256,37.2784431137725,122.624,81.3053892215569,car
000060.jpg,0.256,28.3712574850299,108.032,57.3832335329341,car
000060.jpg,11.264,23.2814371257485,117.248,55.6017964071856,car
000060.jpg,50.944,23.0269461077844,121.6,46.440119760479,car
009007.jpg,4.352,12.7555831265509,118.016,115.5,motorbike
004770.jpg,45.8582089552239,1.536,76.3059701492537,37.12,person
004322.jpg,22.2657657657658,89.6,34.2627627627628,125.184,bottle
004322.jpg,22.2657657657658,9.472,83.0165165165165,128,person
008610.jpg,47.616,41.0858895705522,86.272,96.5889570552147,horse
008610.jpg,95.488,35.9938650306748,115.712,97.0981595092025,horse
008323.jpg,0.256,83.072,58.368,112,sofa
003243.jpg,39.168,65.92,57.088,74.112,car
003243.jpg,93.184,67.2,109.056,74.88,car
003054.jpg,5.632,57.728,85.504,101.248,sofa
003054.jpg,101.888,52.352,117.504,63.36,car
008082.jpg,31.488,41.9204204204204,54.272,72.8063063063063,pottedplant
008082.jpg,60.928,30.4339339339339,109.056,106.5,person
008082.jpg,83.456,22.2657657657658,128,106.5,person
008082.jpg,22.272,76.3798798798799,30.976,106.5,pottedplant
007935.jpg,31.744,48.256,97.28,88.704,dog
007935.jpg,1.024,17.024,127.744,110.976,sofa
006813.jpg,54.784,41.2405498281787,127.488,77.6048109965636,cat
006813.jpg,0.768,50.6494845360825,57.344,98.9656357388316,cat
004174.jpg,0.768,65.5330396475771,34.816,103.348017621145,bus
007629.jpg,78.848,29.824,107.008,111.744,person
005071.jpg,2.56,55.936,14.08,62.08,car
005071.jpg,42.24,56.192,47.36,61.312,car
005071.jpg,46.08,55.936,51.456,60.288,car
005071.jpg,50.944,56.704,55.296,61.312,car
005071.jpg,55.808,56.96,63.488,62.336,car
005071.jpg,64.256,57.216,70.912,62.592,car
005071.jpg,69.888,57.216,75.52,63.104,car
005071.jpg,75.008,57.728,83.712,63.616,car
005071.jpg,83.712,62.336,97.024,68.736,car
005071.jpg,108.032,60.544,117.504,66.688,car
005071.jpg,97.024,58.752,104.448,65.152,car
005071.jpg,113.664,67.456,126.208,76.672,car
005071.jpg,26.368,66.944,50.688,74.88,car
005071.jpg,16.896,64.128,30.976,70.528,car
005071.jpg,16.64,57.984,30.976,63.872,car
007213.jpg,61.952,52.608,69.632,55.168,chair
007213.jpg,89.856,51.328,94.208,56.96,chair
007213.jpg,85.248,52.608,91.648,62.08,chair
007213.jpg,68.608,56.192,87.296,77.952,chair
007213.jpg,57.344,56.96,68.096,60.288,chair
007213.jpg,40.96,79.744,128,111.744,diningtable
007213.jpg,6.4,25.472,60.416,112,person
007213.jpg,91.904,35.2,128,80.256,person
001395.jpg,8.96,22.144,127.744,112,cat
002355.jpg,0.256,52.096,8.704,74.88,car
002355.jpg,4.608,51.072,124.928,96.384,car
002957.jpg,0.256,25.216,111.872,112,chair
002957.jpg,40.448,56.192,89.088,77.44,dog
009114.jpg,26.4,32.3018867924528,96.8,97.6792452830189,horse
009114.jpg,52.4,26.3584905660377,69.6,65.5849056603774,person
001907.jpg,0.768,35.456,124.16,91.52,train
005755.jpg,20.48,19.885,102.656,73.435,sofa
005755.jpg,1.536,59.155,128,115,sofa
004209.jpg,7.424,40.832,25.6,65.92,dog
004209.jpg,44.544,45.952,65.792,66.944,dog
004209.jpg,69.632,16.768,88.32,65.152,person
004209.jpg,91.648,16.768,111.616,77.952,person
002585.jpg,57.088,35.9577039274924,88.064,83.4138972809668,person
002585.jpg,28.16,34.4350453172205,53.248,74.02416918429,person
002585.jpg,38.144,51.9456193353474,99.84,96.3564954682779,motorbike
002585.jpg,16.896,48.392749244713,58.624,80.8761329305136,motorbike
005055.jpg,71.168,73.088,128,112,sofa
005055.jpg,46.848,63.872,76.288,97.664,diningtable
005055.jpg,74.496,61.568,80.384,83.584,chair
005055.jpg,54.528,59.52,68.352,64.64,chair
005055.jpg,50.176,65.408,69.376,100.224,chair
005055.jpg,42.24,61.568,49.152,94.08,chair
001746.jpg,0.256,76.416,39.168,93.056,car
001746.jpg,48.128,74.624,61.952,82.56,sofa
001746.jpg,78.848,73.344,95.744,81.536,sofa
006648.jpg,75.008,22.0089820359281,111.36,106.5,bottle
006648.jpg,0.768,21.7544910179641,118.528,105.991017964072,person
006648.jpg,95.232,73.4161676646707,106.496,94.0299401197605,person
006648.jpg,79.872,68.0718562874251,88.576,93.5209580838323,person
007720.jpg,28.16,47.744,101.376,93.056,cat
007720.jpg,9.728,31.872,99.328,112,chair
007720.jpg,112.128,86.912,128,112,chair
007720.jpg,0.512,16.512,128,112,diningtable
003675.jpg,47.36,55.4489489489489,69.376,79.442942942943,bird
003675.jpg,36.864,49.5780780780781,61.952,63.1066066066066,bird
003675.jpg,36.608,59.533033033033,60.672,84.2927927927928,bird
001071.jpg,40.2168674698795,25.6,65.5180722891566,82.688,person
001071.jpg,72.0963855421687,28.928,94.6144578313253,84.736,person
001071.jpg,40.2168674698795,36.352,67.289156626506,109.824,horse
001071.jpg,61.7228915662651,43.264,98.4096385542169,116.48,horse
001071.jpg,22.5060240963855,50.944,28.8313253012048,62.72,car
004634.jpg,46.195652173913,36.608,107.239130434783,78.08,horse
001982.jpg,21.76,28.8,97.024,105.088,cat
003417.jpg,5.12,42.5597014925373,110.848,86.7089552238806,train
003417.jpg,33.792,77.8283582089552,49.92,92.544776119403,person
003417.jpg,0.256,86.7089552238806,15.616,104.216417910448,person
004253.jpg,36.096,65.152,64.512,102.272,chair
004253.jpg,46.336,57.728,68.352,90.496,chair
004253.jpg,70.144,62.592,90.112,94.848,chair
004253.jpg,83.968,55.424,91.648,66.432,chair
004253.jpg,42.752,61.824,89.088,100.992,diningtable
003550.jpg,60.5540540540541,4.096,95.7792792792793,128,person
003550.jpg,30.6891891891892,5.632,65.9144144144144,128,person
000321.jpg,32.7312312312312,42.752,85.0585585585586,117.248,person
000109.jpg,4.352,34.5708661417323,123.392,91.6377952755905,bird
008533.jpg,1.024,17.1152941176471,123.136,117.745882352941,cat
008533.jpg,0.768,11.0164705882353,128,118,sofa
000599.jpg,7.68,69.504,62.208,111.744,chair
000599.jpg,37.632,56.704,102.144,92.288,sofa
009659.jpg,62.208,17.024,128,112,chair
009659.jpg,20.736,18.816,94.976,110.72,person
005202.jpg,16.64,39.296,91.136,81.28,bird
000564.jpg,22.016,59.7882882882883,128,106.5,diningtable
000564.jpg,7.68,44.2177177177177,12.032,50.3438438438438,bottle
000564.jpg,11.008,48.5570570570571,14.848,59.0225225225225,bottle
000564.jpg,1.536,47.7912912912913,4.864,57.7462462462462,bottle
000564.jpg,41.472,54.4279279279279,57.344,68.7222222222222,chair
000564.jpg,65.536,52.6411411411411,79.872,65.6591591591592,chair
000564.jpg,110.592,51.1096096096096,126.72,66.9354354354354,chair
000564.jpg,93.696,59.533033033033,122.624,106.5,chair
000564.jpg,59.136,63.1066066066066,100.352,106.5,chair
000564.jpg,0.256,63.6171171171171,41.472,106.5,chair
006130.jpg,0.256,45.696,128,105.344,sofa
006130.jpg,0.768,37.76,67.328,106.112,person
006130.jpg,51.968,36.736,109.568,109.952,person
006130.jpg,92.16,35.968,128,110.72,person
002417.jpg,54.528,70.144,77.056,112.64,chair
000514.jpg,9.216,16.256,128,111.744,aeroplane
008062.jpg,0.512,33.664,98.048,112,bird
002505.jpg,0.256,19.072,89.088,111.488,cow
002505.jpg,37.12,19.328,111.872,86.144,cow
008584.jpg,37.3882352941176,70.912,73.9794117647059,95.232,boat
001818.jpg,28.928,22.7590361445783,128,106,bird
006637.jpg,90.112,68.992,114.432,111.232,bicycle
006637.jpg,42.24,56.448,71.168,82.304,bicycle
006637.jpg,27.392,60.544,44.032,93.824,bicycle
006637.jpg,83.2,44.16,93.696,96.896,person
006637.jpg,51.2,38.272,66.304,81.28,person
006637.jpg,27.136,43.392,53.76,89.728,person
009466.jpg,40.192,62.7222222222222,101.888,117.922222222222,chair
008190.jpg,60.16,46.2192513368984,118.016,111.5,bicycle
008190.jpg,67.84,17.2620320855615,106.24,91.9411764705882,person
008190.jpg,34.816,16.7540106951872,70.144,94.9893048128342,person
008190.jpg,35.584,59.1737967914439,67.328,104.133689839572,bicycle
008190.jpg,15.616,60.6978609625668,40.192,98.5454545454546,bicycle
008190.jpg,0.256,64.2540106951872,13.568,91.1791443850267,bicycle
008190.jpg,0.768,41.9010695187166,15.36,85.3368983957219,person
008190.jpg,16.64,34.7887700534759,43.52,88.8930481283422,person
008190.jpg,11.264,70.8582887700535,19.968,87.1149732620321,chair
002373.jpg,12.032,26.5542168674699,104.192,102.710843373494,car
002373.jpg,72.704,22.2530120481928,86.784,24.5301204819277,car
002342.jpg,21.8723404255319,9.984,112,128,person
001360.jpg,1.792,45.6687116564417,114.688,91.7515337423313,car
002471.jpg,1.28,27.008,77.312,112,horse
001614.jpg,40.448,27.008,111.616,111.232,cow
001614.jpg,25.6,75.136,39.424,97.664,cow
001614.jpg,106.496,41.6,128,109.184,cow
001614.jpg,93.952,80.512,112.64,96.64,cow
008159.jpg,17.28,48.384,112,128,diningtable
008159.jpg,60.032,31.232,86.144,50.176,chair
000967.jpg,107.264,75.648,119.808,111.232,person
000967.jpg,37.888,72.832,52.48,112,person
000967.jpg,41.216,77.696,59.136,112,person
000967.jpg,3.072,73.088,9.984,100.48,person
000967.jpg,5.888,47.744,128,101.248,train
007210.jpg,23.04,16.256,105.728,55.936,tvmonitor
005768.jpg,54.784,58.4,108.544,102.181818181818,bicycle
005768.jpg,55.552,31.6727272727273,101.888,93.7818181818182,person
005768.jpg,19.456,53.5636363636364,24.576,65.5272727272727,person
005768.jpg,22.528,49.4909090909091,27.904,66.2909090909091,person
001898.jpg,16.7540106951872,57.088,28.4385026737968,87.808,tvmonitor
001898.jpg,16.7540106951872,25.856,31.2326203208556,43.776,pottedplant
001898.jpg,34.0267379679144,27.136,52.0614973262032,45.568,pottedplant
001388.jpg,0.512,12.0072463768116,128,116.5,sofa
001388.jpg,15.616,13.7826086956522,110.592,112.949275362319,person
002094.jpg,18.432,22.2530120481928,85.76,105.746987951807,bird
009902.jpg,30.976,30.592,38.4,48.768,bottle
009902.jpg,26.88,33.408,33.024,51.328,bottle
009902.jpg,34.56,29.312,39.68,45.184,bottle
009902.jpg,59.136,32.64,93.696,71.808,person
009902.jpg,3.072,41.344,55.296,108.928,person
009902.jpg,91.392,43.392,128,90.752,person
006919.jpg,34.048,31.872,122.624,85.888,sofa
006919.jpg,108.8,54.656,112.896,67.712,bottle
006919.jpg,91.648,25.216,114.176,42.624,person
006919.jpg,81.92,27.776,114.944,52.352,person
006919.jpg,68.096,33.92,105.216,82.816,person
006919.jpg,40.192,31.872,91.648,85.888,person
006919.jpg,47.872,51.584,96.768,110.464,person
006919.jpg,16.64,61.056,59.136,112,person
006919.jpg,41.728,84.096,47.616,98.432,bottle
006919.jpg,72.192,86.4,75.008,91.52,bottle
004370.jpg,52.992,61.5750750750751,61.952,72.8063063063063,bottle
004370.jpg,27.136,36.5600600600601,103.424,106.244744744745,person
004370.jpg,0.768,22.0105105105105,66.816,105.734234234234,person
007642.jpg,52.48,53.12,128,111.744,motorbike
003846.jpg,43.776,45.2387387387387,67.328,81.2297297297297,dog
003846.jpg,2.816,22.0105105105105,26.88,43.7072072072072,dog
005586.jpg,29.696,43.392,54.272,93.056,cat
009611.jpg,33.28,35.968,103.168,86.656,tvmonitor
009611.jpg,45.568,60.544,60.672,74.368,person
003177.jpg,29.824,0.512,112,111.36,dog
004794.jpg,48.64,57.7446808510638,103.68,84.0425531914894,bird
002030.jpg,25.856,54.656,38.656,64.128,person
002030.jpg,46.848,54.4,57.856,67.712,person
002030.jpg,111.872,16.256,128,111.744,person
002030.jpg,0.256,33.408,52.992,112,person
002030.jpg,50.944,41.856,98.048,93.824,person
002030.jpg,80.896,44.16,119.808,78.976,person
002030.jpg,79.104,81.536,93.44,112,bottle
002030.jpg,70.144,74.624,80.128,98.432,bottle
002030.jpg,120.832,66.944,126.208,83.84,bottle
002030.jpg,0.512,76.672,128,112,diningtable
001125.jpg,68.096,65.9144144144144,111.104,90.9294294294294,car
001125.jpg,53.76,65.1486486486486,79.872,79.442942942943,car
001125.jpg,0.256,66.4249249249249,57.088,106.5,car
001125.jpg,41.984,59.533033033033,50.944,77.6561561561562,person
001125.jpg,77.312,60.2987987987988,87.552,101.13963963964,person
000042.jpg,67.328,29.6194029850746,128,96.3507462686567,train
000042.jpg,0.256,30.634328358209,60.16,97.365671641791,train
002287.jpg,68.352,45.184,83.712,82.56,bottle
002287.jpg,2.816,32.64,119.296,97.664,dog
002287.jpg,0.256,16.256,128,112,chair
003435.jpg,65.28,25.8263473053892,128,106.5,person
003435.jpg,14.08,59.9281437125749,68.096,106.5,person
000494.jpg,16.256,14.848,110.464,117.248,car
003331.jpg,41.216,57.2357357357357,80.128,79.1876876876877,car
003331.jpg,112.128,55.7042042042042,128,67.1906906906907,car
003331.jpg,25.856,58.512012012012,48.64,67.7012012012012,car
003331.jpg,71.68,56.9804804804805,89.856,65.1486486486486,car
003331.jpg,108.032,52.3858858858859,122.88,60.5540540540541,car
003331.jpg,88.576,51.8753753753754,91.648,60.5540540540541,person
003331.jpg,86.272,51.6201201201201,89.088,59.7882882882883,person
003331.jpg,53.76,60.5540540540541,58.624,64.3828828828829,person
003331.jpg,65.024,59.7882882882883,70.912,63.8723723723724,person
007080.jpg,26.624,22.0105105105105,96.512,103.947447447447,person
009691.jpg,0.256,69.2327327327327,127.232,106.5,motorbike
009691.jpg,31.744,25.3288288288288,75.264,106.5,person
006654.jpg,9.216,36.8153153153153,118.784,97.5660660660661,car
006654.jpg,0.256,23.542042042042,40.192,57.2357357357357,car
006654.jpg,91.392,68.466966966967,127.744,104.968468468468,car
003611.jpg,55.552,85.376,60.672,94.592,person
003611.jpg,55.04,87.936,60.16,99.456,horse
008558.jpg,26.368,25.216,75.52,66.688,dog
008558.jpg,72.704,43.648,121.6,99.968,dog
008558.jpg,26.112,58.496,72.704,105.344,dog
002502.jpg,24.544776119403,29.184,91.2761194029851,105.472,train
007579.jpg,36.608,31.36,93.184,112,person
007579.jpg,99.072,30.08,128,112,person
007579.jpg,105.216,30.592,117.248,48.768,person
007579.jpg,0.256,17.024,25.856,103.04,person
007579.jpg,36.608,34.432,57.344,109.44,person
009212.jpg,21.7552552552553,50.688,103.947447447447,128,dog
008592.jpg,0.512,62.6025641025641,32.768,117.991841491842,sheep
008592.jpg,10.24,65.9055944055944,81.92,117.991841491842,sheep
008592.jpg,7.68,24.7447552447552,34.56,44.5629370629371,bottle
008592.jpg,79.104,49.6445221445221,100.608,72.511655011655,bottle
008592.jpg,95.488,12.0407925407925,122.368,117.737762237762,person
008592.jpg,27.648,10.2622377622378,72.704,116.213286713287,person
008592.jpg,25.6,10.516317016317,67.584,67.1759906759907,person
008592.jpg,69.632,10.516317016317,127.232,117.229603729604,person
002952.jpg,31.232,80.768,111.872,111.744,tvmonitor
002952.jpg,62.464,40.064,90.624,59.52,cat
002952.jpg,23.808,44.928,110.848,88.704,cat
003178.jpg,18.432,51.328,105.216,84.864,train
003877.jpg,71.936,74.112,94.208,98.432,pottedplant
003877.jpg,10.752,64.128,57.6,105.088,pottedplant
003877.jpg,78.592,29.056,96.256,40.32,pottedplant
003877.jpg,23.296,37.248,122.624,94.848,sofa
003877.jpg,45.824,59.776,73.984,105.856,person
003137.jpg,0.256,27.52,103.936,95.36,bus
007649.jpg,44.8,16.512,128,112,person
007649.jpg,0.512,22.144,45.824,112,person
007649.jpg,0.768,66.688,6.656,87.68,bottle
007217.jpg,78.08,64,96,105.482035928144,sheep
007217.jpg,60.928,55.6017964071856,72.704,84.1047904191617,sheep
007217.jpg,67.584,37.2784431137725,74.496,48.9850299401198,sheep
007217.jpg,53.248,36.2604790419162,58.88,44.6586826347305,sheep
007217.jpg,92.416,46.185628742515,121.856,70.1077844311377,sheep
007217.jpg,15.104,70.8712574850299,61.952,106.5,sheep
007217.jpg,21.248,57.1287425149701,64,88.1766467065868,sheep
007217.jpg,43.008,55.3473053892216,58.368,62.7275449101796,sheep
007217.jpg,10.496,56.1107784431138,36.352,84.3592814371258,sheep
007217.jpg,0.256,45.4221556886228,25.6,72.6526946107784,sheep
007217.jpg,88.064,53.311377245509,116.224,82.8323353293413,sheep
007449.jpg,63.744,68.48,83.2,76.16,boat
007449.jpg,70.912,67.712,76.288,74.88,person
007449.jpg,0.256,46.208,6.4,65.92,boat
007729.jpg,23.296,22.912,113.664,94.848,tvmonitor
009718.jpg,0.512,65.664,76.032,80.512,train
009718.jpg,92.672,96.64,104.448,104.064,car
009718.jpg,41.472,102.272,61.44,111.232,car
009718.jpg,125.184,100.736,128,106.624,car
009718.jpg,24.32,105.344,27.648,110.976,person
009718.jpg,20.992,97.92,25.088,106.368,person
009718.jpg,117.248,105.344,121.088,112,person
009718.jpg,109.056,105.856,112.64,112,person
009718.jpg,54.016,105.856,56.576,112,person
009718.jpg,51.456,106.624,54.016,112,person
009718.jpg,47.36,107.904,50.944,112,person
009718.jpg,43.776,108.416,47.616,112,person
009718.jpg,40.96,106.88,43.264,112,person
009718.jpg,27.392,108.672,30.464,112,person
009718.jpg,29.952,109.184,33.28,112,person
009718.jpg,34.56,107.648,37.12,112,person
009718.jpg,34.56,106.368,37.376,109.952,person
009718.jpg,33.792,101.76,36.864,108.928,person
009718.jpg,120.832,91.52,122.88,98.688,person
009718.jpg,119.04,92.288,121.6,96.896,person
000707.jpg,39.808,38.4,50.304,47.872,tvmonitor
000707.jpg,90.752,73.984,108.928,128,tvmonitor
000707.jpg,35.968,45.056,51.584,71.936,chair
002333.jpg,8.96,54.4850746268657,18.432,65.6492537313433,bird
002333.jpg,20.992,61.3358208955224,35.328,74.7835820895522,bird
002333.jpg,40.448,64.634328358209,63.744,82.9029850746269,bird
002333.jpg,61.952,62.0970149253731,83.2,75.544776119403,bird
002333.jpg,40.96,55.5,57.344,67.9328358208955,bird
001481.jpg,57.6,57.216,71.936,80.512,boat
002859.jpg,0.256,28.032,121.856,105.856,bus
002859.jpg,8.704,72.064,17.92,82.304,person
002859.jpg,85.248,47.744,91.136,52.864,person
002859.jpg,91.648,48.512,96.256,52.864,person
002859.jpg,96.256,48.768,101.632,53.888,person
002859.jpg,101.888,50.048,108.032,54.4,person
002859.jpg,108.032,50.048,113.92,54.912,person
002859.jpg,33.28,41.6,39.168,49.792,person
002859.jpg,28.416,40.576,33.28,49.536,person
003468.jpg,90.368,67.712,99.328,100.736,person
003468.jpg,88.576,82.048,98.304,106.112,bicycle
000885.jpg,3.328,90.7105263157895,89.344,122,bicycle
000885.jpg,2.816,9.05263157894737,124.16,122,person
005209.jpg,20.992,40.6441441441441,106.496,97.8213213213213,car
002293.jpg,22.5060240963855,12.032,88.7951807228916,128,person
002293.jpg,44.0120481927711,33.536,94.6144578313253,128,person
001112.jpg,82.688,43.5746268656717,103.936,75.7985074626866,train
001112.jpg,15.616,64.1268656716418,32,72.7537313432836,car
001112.jpg,24.32,63.365671641791,35.84,70.7238805970149,car
001112.jpg,46.336,92.2910447761194,66.816,106.5,pottedplant
001112.jpg,66.304,97.365671641791,89.6,106.5,pottedplant
005257.jpg,64.256,50.0885885885886,80.64,75.1036036036036,person
005257.jpg,45.056,69.487987987988,81.664,81.2297297297297,boat
002492.jpg,7.168,53.376,61.696,87.424,sofa
002492.jpg,67.072,51.84,99.84,78.976,chair
002492.jpg,0.256,74.88,39.168,112,chair
006645.jpg,33.1325301204819,43.776,68.8072289156627,97.024,person
006645.jpg,55.6506024096386,27.904,95.1204819277108,94.72,horse
002901.jpg,96.256,40.576,110.08,64.128,tvmonitor
002901.jpg,10.24,50.048,56.576,90.24,tvmonitor
002901.jpg,102.4,16.256,128,112,person
003216.jpg,34.56,40.3888888888889,97.28,94.2477477477478,dog
003216.jpg,0.256,21.7552552552553,75.52,43.1966966966967,chair
007865.jpg,99.584,65.152,109.824,94.336,pottedplant
007865.jpg,13.568,63.36,24.832,95.616,pottedplant
007865.jpg,59.136,43.648,80.384,83.072,chair
007865.jpg,75.52,42.88,89.856,75.904,chair
007865.jpg,51.2,42.88,65.792,76.672,chair
004520.jpg,0.512,32.8619246861925,67.84,125,person
004520.jpg,94.464,21.3765690376569,128,74.7196652719665,person
004520.jpg,43.52,16.0167364016736,114.432,125,person
004520.jpg,0.256,9.38075313807531,60.16,79.3138075313807,person
005358.jpg,59.136,49.536,71.168,55.68,aeroplane
005358.jpg,3.84,107.392,11.776,109.952,boat
003748.jpg,67.072,60.544,106.24,97.92,bird
008002.jpg,19.2,23.2867867867868,66.304,106.5,person
008002.jpg,73.984,37.8363363363363,105.472,106.5,person
008002.jpg,95.744,47.0255255255255,115.2,104.202702702703,person
008002.jpg,63.744,41.1546546546547,79.36,74.0825825825826,person
008002.jpg,53.76,66.4249249249249,78.08,93.481981981982,person
008002.jpg,0.256,37.0705705705706,18.176,106.5,person
003924.jpg,32.384,81.408,41.6,101.376,pottedplant
003924.jpg,43.904,81.92,53.888,98.048,pottedplant
003924.jpg,46.72,86.272,54.912,102.4,pottedplant
003924.jpg,56.704,82.688,65.92,91.648,pottedplant
003924.jpg,56.96,89.6,65.664,103.936,pottedplant
003924.jpg,66.688,63.488,75.648,102.4,pottedplant
003924.jpg,30.08,28.928,42.368,50.944,pottedplant
003924.jpg,43.136,26.624,52.864,49.152,pottedplant
003924.jpg,52.608,29.696,64.128,50.688,pottedplant
003924.jpg,64.128,37.632,68.992,49.664,pottedplant
003924.jpg,67.456,32,77.952,51.2,pottedplant
007394.jpg,26.88,29.6681681681682,104.704,103.436936936937,tvmonitor
001653.jpg,45.568,46.464,88.576,93.312,train
001653.jpg,0.256,40.32,39.936,105.856,train
000647.jpg,42.496,39.1126126126126,113.408,81.2297297297297,aeroplane
004868.jpg,25.344,40.832,64.256,92.032,person
004868.jpg,55.552,33.664,100.352,88.192,person
004868.jpg,0.256,82.56,128,112,diningtable
004868.jpg,72.704,34.432,100.352,57.984,tvmonitor
003359.jpg,5.632,23.3717277486911,109.056,108.183246073298,car
003359.jpg,87.552,24.8952879581152,128,73.6492146596859,car
005292.jpg,77.824,71.6595744680851,128,112,sofa
005417.jpg,0.256,16.256,98.304,111.488,person
008005.jpg,113.152,42.112,128,112,cow
008005.jpg,0.256,32.384,77.312,112,cow
008005.jpg,13.568,16.512,22.272,28.8,cow
008005.jpg,24.832,16.256,30.208,25.216,cow
008005.jpg,0.256,27.264,107.264,61.824,cow
008005.jpg,86.016,61.824,109.056,80,dog
007414.jpg,115.968,34.2627627627628,125.696,49.5780780780781,person
007414.jpg,47.872,48.8123123123123,98.816,71.53003003003,car
005054.jpg,41.3502994011976,34.56,87.1586826347305,124.16,person
005054.jpg,60.6916167664671,21.504,106.5,122.624,person
009020.jpg,66.304,37.433734939759,91.136,95.8795180722892,person
009020.jpg,41.728,47.8072289156627,102.912,91.3253012048193,horse
009781.jpg,28.416,32.64,118.272,92.288,motorbike
009781.jpg,57.344,24.448,100.864,84.864,person
005975.jpg,0.512,33.496996996997,128,96.0345345345345,aeroplane
005975.jpg,17.152,76.1246246246246,23.552,92.2057057057057,person
000620.jpg,29.184,66.5581395348837,77.568,99.046511627907,car
000620.jpg,13.056,88.3023255813954,18.176,91.6279069767442,car
000620.jpg,4.864,89.5813953488372,9.216,92.6511627906977,car
003936.jpg,8.704,73.4181818181818,48.64,87.9272727272727,car
000508.jpg,111.36,20.608,128,59.264,bird
000508.jpg,63.232,51.584,105.472,112,bird
000508.jpg,41.984,28.032,83.456,75.136,bird
000508.jpg,4.864,41.6,39.936,99.712,bird
000508.jpg,39.68,48.512,73.728,100.224,bird
006562.jpg,71.936,62.087044534413,102.144,92.1842105263158,cow
006562.jpg,46.336,60.0465587044535,71.936,92.4392712550607,cow
006562.jpg,22.272,54.6902834008097,43.776,92.6943319838057,cow
006562.jpg,0.256,36.3259109311741,18.944,92.9493927125506,cow
006562.jpg,15.36,73.3097165991903,25.6,89.1234817813765,cow
005971.jpg,2.048,49.3228228228228,87.296,106.5,person
004204.jpg,93.184,29.056,109.056,53.376,bird
004204.jpg,60.16,46.976,85.248,89.472,bird
004204.jpg,14.848,46.464,45.312,84.352,bird
004204.jpg,35.584,24.96,53.504,38.272,bird
004204.jpg,0.256,32.128,17.152,47.232,bird
007284.jpg,19.968,39.8783783783784,98.56,74.3378378378378,car
007284.jpg,50.688,44.472972972973,55.552,51.1096096096096,person
004882.jpg,23.808,57.7462462462462,47.104,91.4399399399399,motorbike
004882.jpg,50.432,39.1126126126126,114.176,105.734234234234,motorbike
004882.jpg,39.168,53.6621621621622,79.872,106.5,person
001680.jpg,39.296,26.624,100.736,128,dog
002410.jpg,22.528,23.168,91.136,97.408,person
007859.jpg,0.256,22.0207715133531,120.064,107,sheep
002678.jpg,0.266666666666667,38.6415094339623,86.6666666666667,106,horse
002678.jpg,76.5333333333333,41.811320754717,96.5333333333333,84.8679245283019,horse
002678.jpg,105.6,22.2641509433962,125.066666666667,105.471698113208,person
002678.jpg,17.3333333333333,22.2641509433962,44.5333333333333,59.7735849056604,person
002678.jpg,0.266666666666667,22.2641509433962,16.8,66.6415094339623,person
002584.jpg,46.7763157894737,1.792,101.740131578947,123.904,person
002584.jpg,25.7532894736842,81.408,48.5493421052632,128,person
002584.jpg,42.4703947368421,69.888,55.6414473684211,89.088,person
002584.jpg,25.7532894736842,63.744,70.0789473684211,88.576,car
002584.jpg,89.5822368421053,54.528,94.3947368421053,68.864,person
001733.jpg,0.256,69.12,20.992,84.224,sheep
001733.jpg,60.416,70.4,75.264,83.456,sheep
001733.jpg,46.08,70.4,60.16,93.44,sheep
001733.jpg,33.792,66.816,42.752,73.472,sheep
001733.jpg,26.624,64.512,29.696,68.864,sheep
001733.jpg,14.336,65.024,20.992,70.4,sheep
001733.jpg,5.888,67.328,10.752,70.144,sheep
001733.jpg,2.048,65.024,6.4,69.376,sheep
001733.jpg,7.68,65.536,11.52,68.864,sheep
001733.jpg,51.968,65.536,55.04,68.352,sheep
001733.jpg,42.24,66.56,46.848,71.936,sheep
001733.jpg,55.552,66.304,59.136,68.096,sheep
001733.jpg,65.28,67.584,69.12,71.168,sheep
001733.jpg,69.12,68.096,73.472,70.656,sheep
001733.jpg,92.416,67.584,96.256,70.656,sheep
001733.jpg,86.528,67.072,89.856,69.632,sheep
001733.jpg,82.944,67.072,87.552,70.144,sheep
001733.jpg,79.872,66.56,82.688,70.144,sheep
001733.jpg,76.032,66.304,79.872,70.144,sheep
004494.jpg,14.08,34.144578313253,114.432,100.686746987952,car
004494.jpg,94.72,22.5060240963855,110.592,57.421686746988,person
004494.jpg,0.512,26.0481927710843,29.952,39.4578313253012,car
004494.jpg,2.56,22.7590361445783,19.968,28.0722891566265,car
007148.jpg,9.216,27.1156156156156,106.24,106.5,person
007148.jpg,81.664,34.0075075075075,128,106.5,person
000865.jpg,76.8,58.752,101.632,84.608,diningtable
000865.jpg,104.192,58.752,119.04,80.512,chair
000865.jpg,88.064,60.032,105.984,85.632,chair
000865.jpg,96.768,59.52,112.896,82.816,chair
000865.jpg,53.76,80.256,84.992,112,chair
000865.jpg,18.688,56.96,36.864,70.528,pottedplant
000865.jpg,85.504,56.96,88.064,62.592,bottle
000865.jpg,48.64,42.112,86.272,112,person
000865.jpg,0.768,49.024,31.744,91.264,person
009650.jpg,22.8506849315068,9.216,105.658904109589,107.008,cow
002056.jpg,39.808,35.584,93.568,102.912,bus
002056.jpg,100.736,66.56,112,97.536,car
008456.jpg,75.52,23.0315315315315,122.624,82.7612612612613,boat
003169.jpg,13.824,44.928,121.344,100.992,cat
003169.jpg,0.512,32.384,63.744,70.016,sofa
001468.jpg,44.16,41.874531835206,80,102.998127340824,cow
001468.jpg,7.04,55.2453183520599,53.12,96.9494382022472,cow
001468.jpg,68.48,56.5187265917603,81.28,88.0355805243446,cow
009477.jpg,59.1927710843374,16.896,70.3253012048193,28.416,person
009477.jpg,72.3493975903615,1.28,106,19.2,car
009477.jpg,49.0722891566265,8.448,75.1325301204819,22.528,car
009477.jpg,29.8433734939759,9.984,67.289156626506,25.6,car
009247.jpg,0.512,36.3048048048048,127.744,106.5,diningtable
009247.jpg,62.976,23.542042042042,84.48,47.0255255255255,chair
009247.jpg,36.608,33.2417417417417,61.952,59.533033033033,chair
009247.jpg,0.256,42.1756756756757,32.256,77.4009009009009,chair
009247.jpg,0.256,22.2657657657658,12.288,77.9114114114114,chair
003337.jpg,18.176,53.376,93.44,69.76,boat
003337.jpg,58.112,61.824,75.264,71.296,boat
008465.jpg,4.864,6.912,127.744,127.488,pottedplant
002891.jpg,17.408,30.7777777777778,97.536,100.8,train
009244.jpg,0.512,16.512,128,112,cat
004384.jpg,39.424,43.904,128,112,car
004384.jpg,75.008,55.424,117.76,112,person
003470.jpg,49.5780780780781,23.808,106.5,128,motorbike
003470.jpg,38.3468468468468,0.512,96.8003003003003,118.272,person
003470.jpg,25.8393393393393,12.032,43.451951951952,50.688,person
003470.jpg,33.7522522522522,9.216,41.6651651651652,32.512,person
003470.jpg,41.6651651651652,7.936,48.3018018018018,30.464,person
003470.jpg,44.7282282282282,12.544,48.8123123123123,21.504,person
003470.jpg,43.9624624624625,13.312,54.1726726726727,29.696,person
003470.jpg,22.0105105105105,20.992,26.0945945945946,49.664,person
003470.jpg,90.9294294294294,6.144,98.8423423423424,22.272,person
003470.jpg,97.8213213213213,16.384,103.692192192192,26.368,person
008163.jpg,0.512,38.9984709480122,38.4,47.6284403669725,boat
008163.jpg,30.976,35.9525993883792,51.2,42.5519877675841,boat
008163.jpg,53.504,41.5366972477064,90.624,55.243119266055,boat
008163.jpg,78.592,38.237003058104,107.264,49.4051987767584,boat
008163.jpg,10.24,68.6957186544342,97.536,89.762996941896,boat
008163.jpg,20.736,59.5581039755352,45.056,79.3562691131499,person
008163.jpg,10.496,63.111620795107,20.736,78.5948012232416,person
009961.jpg,17.664,17.5160427807487,100.352,104.133689839572,dog
006667.jpg,49.152,40.064,109.824,112,person
006667.jpg,0.256,51.328,22.784,112,person
006281.jpg,0.256,68.736,44.032,102.272,boat
006281.jpg,40.192,59.264,128,101.504,boat
009560.jpg,1.024,21.7678571428571,62.464,64.7678571428571,cat
002179.jpg,1.536,18.048,124.672,111.488,pottedplant
000906.jpg,15.616,61.824,115.2,105.6,car
000906.jpg,40.96,56.704,48.896,72.576,person
000906.jpg,99.072,60.288,105.216,67.2,person
000906.jpg,101.632,58.496,108.8,68.48,person
000906.jpg,0.512,16.768,59.136,92.8,boat
000906.jpg,5.888,16.256,98.048,71.296,boat
000906.jpg,76.8,16.512,124.928,60.8,boat
000906.jpg,108.288,57.472,128,82.304,car
006107.jpg,13.568,50.9328358208955,128,104.470149253731,train
003250.jpg,44.544,27.6261261261261,90.88,106.5,bird
006095.jpg,67.584,60.6894409937888,126.976,94.304347826087,cow
006095.jpg,25.088,54.3229813664596,60.672,86.1552795031056,horse
006095.jpg,38.4,42.6086956521739,48.384,69.0931677018634,person
003767.jpg,69.632,59.52,95.488,93.056,chair
003767.jpg,71.168,67.456,116.736,112,chair
003767.jpg,48.384,55.936,64.512,86.656,chair
003767.jpg,18.944,58.24,41.984,88.192,chair
003767.jpg,12.032,66.944,54.528,112,chair
003767.jpg,0.512,65.152,15.36,92.288,chair
007359.jpg,95.488,34.176,128,65.92,tvmonitor
007359.jpg,2.304,24.192,87.296,112,person
007058.jpg,0.256,50.6503667481663,120.832,113.711491442543,car
006353.jpg,0.256,16.512,128,112,cat
001041.jpg,36.608,51.328,72.448,83.84,bird
006254.jpg,15.616,47.536036036036,93.696,74.3378378378378,train
007718.jpg,14.336,60.544,83.712,108.416,person
007718.jpg,24.32,47.744,126.976,81.792,boat
003577.jpg,23.808,76.672,32.768,102.784,bottle
003577.jpg,30.976,74.88,39.168,101.248,bottle
003577.jpg,43.776,72.32,50.688,93.824,bottle
003577.jpg,65.28,64.64,69.632,74.368,bottle
003577.jpg,60.928,63.616,65.536,79.488,bottle
003577.jpg,63.744,45.44,87.04,72.32,person
003577.jpg,88.064,43.392,113.92,82.56,person
003577.jpg,81.92,42.88,128,112,person
003577.jpg,29.952,49.28,50.944,77.696,person
003577.jpg,0.512,48.512,38.144,89.216,person
003577.jpg,0.256,68.736,107.52,112,diningtable
008031.jpg,3.84,36.992,123.648,93.568,car
006158.jpg,105.728,38.784,128,57.216,tvmonitor
006158.jpg,13.824,49.28,48.64,99.712,person
006158.jpg,0.256,54.144,52.224,102.528,sofa
009834.jpg,22.528,40.6441441441441,114.944,92.9714714714715,car
004588.jpg,25.2956204379562,46.08,48.7992700729927,84.992,person
004588.jpg,26.0620437956204,37.888,49.0547445255475,77.312,person
004588.jpg,59.0182481751825,40.192,72.0474452554745,59.648,person
004588.jpg,67.7043795620438,35.584,88.6532846715329,49.92,person
004588.jpg,68.7262773722628,45.056,90.4416058394161,59.648,person
004588.jpg,81.2445255474453,44.544,109.346715328467,96.256,person
004588.jpg,66.9379562043796,54.528,98.8722627737226,97.536,person
004588.jpg,71.2810218978102,64,76.1350364963504,75.52,bottle
004588.jpg,62.5948905109489,70.144,66.1715328467153,81.92,bottle
001439.jpg,17.024,82.944,112,128,diningtable
001439.jpg,65.92,72.192,85.888,86.016,chair
007073.jpg,0.256,28.8,127.232,104.576,motorbike
007073.jpg,7.168,20.608,87.808,105.856,person
004190.jpg,0.256,45.44,51.456,99.456,tvmonitor
004140.jpg,0.512,16.256,128,112,bicycle
004140.jpg,44.288,49.024,53.504,69.248,bottle
004140.jpg,51.712,54.656,71.168,71.808,bottle
002215.jpg,90.368,42.1264367816092,127.232,88.4022988505747,cat
002215.jpg,64.256,41.8735632183908,94.72,86.3793103448276,cat
002215.jpg,34.304,33.0229885057471,68.352,83.0919540229885,cat
002215.jpg,7.168,33.7816091954023,32,69.4367816091954,cat
002215.jpg,3.328,44.9080459770115,44.544,96.2413793103448,cat
003803.jpg,55.936,47.616,79.744,87.296,bird
005485.jpg,115.456,54.144,121.856,60.032,bird
005485.jpg,80.384,63.104,90.624,69.504,bird
005485.jpg,92.928,49.792,98.304,54.656,bird
005485.jpg,51.968,60.8,61.952,68.48,bird
005485.jpg,39.936,66.176,49.152,72.32,bird
005485.jpg,8.448,62.848,14.08,69.76,bird
005485.jpg,17.664,61.056,23.296,66.432,bird
005485.jpg,20.992,60.8,26.88,66.176,bird
005485.jpg,12.8,78.976,20.992,82.56,bird
005485.jpg,22.016,75.648,27.136,80.768,bird
005485.jpg,30.208,63.104,37.888,68.48,bird
005485.jpg,38.144,59.52,43.008,65.408,bird
005485.jpg,34.048,56.96,42.496,61.312,bird
005485.jpg,35.072,51.584,43.264,57.728,bird
005485.jpg,43.776,53.888,53.248,57.216,bird
005485.jpg,33.792,73.856,41.984,78.208,bird
005485.jpg,25.344,72.832,33.536,76.416,bird
005485.jpg,28.416,75.136,35.072,78.72,bird
005485.jpg,41.216,71.296,51.712,99.2,person
005485.jpg,54.528,76.16,66.816,98.432,person
005485.jpg,60.672,72.32,67.328,82.048,person
005485.jpg,63.488,77.696,76.288,98.432,person
005485.jpg,62.72,80.512,69.888,89.472,person
004095.jpg,47.616,46.185628742515,82.688,98.8652694610778,dog
007527.jpg,7.168,103.941995359629,15.36,112.109048723898,car
007527.jpg,60.672,105.218097447796,80.896,117.4686774942,car
007527.jpg,72.704,108.53596287703,90.88,118.2343387471,car
007527.jpg,80.128,108.53596287703,113.408,119,car
007527.jpg,53.76,108.280742459397,61.44,115.171693735499,car
007527.jpg,46.592,105.983758700696,59.648,115.426914153132,car
007527.jpg,40.192,107.00464037123,48.896,114.661252900232,car
007527.jpg,34.048,106.494199535963,45.312,113.895591647332,car
007527.jpg,27.648,106.238979118329,38.144,113.129930394432,car
007527.jpg,20.224,106.494199535963,28.416,112.364269141531,car
007527.jpg,18.688,106.494199535963,22.272,112.109048723898,car
007527.jpg,15.36,105.728538283063,21.248,112.109048723898,car
006218.jpg,34.304,31.104,98.048,68.992,bus
006218.jpg,112.128,53.12,125.44,62.848,car
008019.jpg,4,54.2264150943396,97.3333333333333,106,horse
008019.jpg,46.1333333333333,39.4339622641509,76.8,94.377358490566,person
008019.jpg,101.6,65.3207547169811,128,106,car
008019.jpg,0.266666666666667,61.8867924528302,45.0666666666667,92.7924528301887,car
009386.jpg,101.632,34.944,128,71.296,bus
009386.jpg,0.768,16.512,104.704,111.744,bus
009015.jpg,59.392,54.1726726726727,110.336,83.2717717717718,bus
009015.jpg,0.256,75.3588588588589,13.824,106.5,car
009015.jpg,29.184,71.53003003003,39.168,77.6561561561562,car
009015.jpg,54.528,73.0615615615616,59.648,79.6981981981982,car
009015.jpg,18.432,72.2957957957958,28.928,77.9114114114114,car
009015.jpg,16.128,72.0405405405406,19.2,76.6351351351351,car
000322.jpg,3.328,22.5060240963855,120.064,106,person
001168.jpg,0.256,16.256,103.168,112,person
001168.jpg,71.424,34.688,128,112,person
009573.jpg,70.144,55.7062314540059,116.48,96.2818991097923,motorbike
009573.jpg,39.68,32.9940652818991,110.592,95.2611275964392,person
009414.jpg,15.616,31.3191489361702,120.576,105.36170212766,sofa
009414.jpg,76.288,67.3191489361702,105.472,99.7446808510638,person
009414.jpg,27.392,40.7659574468085,82.688,105.36170212766,person
009414.jpg,34.816,20.3404255319149,60.416,51.7446808510638,person
004768.jpg,6.144,23.168,127.744,110.208,sheep
007980.jpg,47.872,32.9787234042553,76.288,78.1702127659574,boat
007980.jpg,82.688,71.2765957446809,98.304,77.6595744680851,boat
009180.jpg,87.808,47.536036036036,113.92,87.8663663663664,motorbike
009180.jpg,0.768,44.472972972973,54.528,105.98948948949,motorbike
009180.jpg,90.624,42.1756756756757,112.64,83.7822822822823,person
009180.jpg,58.624,26.8603603603604,87.808,95.7792792792793,person
009180.jpg,6.144,26.0945945945946,56.064,97.0555555555556,person
003444.jpg,12.4878048780488,48.8444444444445,105.452574525745,108.088888888889,sofa
009106.jpg,0.256,42.88,91.136,103.04,car
007475.jpg,39.168,25.5421686746988,128,106,person
007475.jpg,0.256,33.6385542168675,89.856,106,car
009504.jpg,29.6875,27.136,85.35,123.392,motorbike
009504.jpg,37.8208333333333,13.056,103.395833333333,113.152,person
005710.jpg,66.304,83.7822822822823,85.504,106.5,chair
005710.jpg,73.216,76.8903903903904,84.224,88.6321321321321,chair
005710.jpg,81.408,73.3168168168168,84.992,81.9954954954955,chair
005710.jpg,89.856,76.8903903903904,93.952,82.7612612612613,chair
005710.jpg,89.088,75.3588588588589,99.072,92.9714714714715,chair
005710.jpg,60.416,70.7642642642643,81.664,89.9084084084084,diningtable
005365.jpg,13.824,16.5106382978723,109.824,104.085106382979,dog
005747.jpg,1.536,34.3127413127413,126.208,97,car
005747.jpg,25.6,32.019305019305,35.84,51.3861003861004,person
005747.jpg,17.152,34.5675675675676,25.856,52.4054054054054,person
007668.jpg,50.3438438438438,23.296,106.5,128,person
006719.jpg,107.52,27.776,128,59.52,car
006719.jpg,61.696,26.24,103.424,65.92,car
006719.jpg,0.256,38.016,10.24,61.824,car
006719.jpg,38.4,26.24,53.504,34.688,car
006719.jpg,56.576,26.24,68.096,33.92,car
009898.jpg,0.768,22.2657657657658,127.488,105.98948948949,car
003261.jpg,55.808,61.568,61.184,66.688,car
003261.jpg,0.256,16.256,52.736,111.744,person
003261.jpg,74.496,67.456,128,112,person
003261.jpg,0.256,16.256,52.48,112,person
004500.jpg,16,44,67.4666666666667,80.2666666666667,cow
004500.jpg,0.533333333333333,50.1333333333333,40.2666666666667,88,cow
005404.jpg,33.792,38.528,128,112,cow
006240.jpg,49.3675213675214,4.11134903640257,103.794871794872,68.5224839400428,person
008644.jpg,2.304,32.7228571428571,33.792,103.16,person
008644.jpg,32.768,30.4342857142857,62.976,105.194285714286,person
008644.jpg,107.264,21.28,125.952,107.228571428571,person
008644.jpg,86.272,39.3342857142857,108.288,106.465714285714,person
008644.jpg,59.136,31.96,85.248,105.702857142857,person
000486.jpg,24.704,6.4,102.272,103.424,cat
008911.jpg,52.48,23.68,90.624,75.904,bus
008911.jpg,68.864,16.256,115.2,25.984,bus
008911.jpg,81.664,21.376,115.712,39.296,car
008911.jpg,45.056,33.152,62.208,49.024,car
008911.jpg,18.688,23.424,63.232,39.552,car
008911.jpg,0.512,28.544,31.232,46.976,car
008911.jpg,11.52,53.376,63.232,85.12,car
008911.jpg,49.92,44.16,55.552,64.128,person
008911.jpg,34.816,43.392,40.448,54.4,person
008911.jpg,15.104,68.736,25.856,95.872,person
008911.jpg,3.84,64.128,11.776,91.264,person
008911.jpg,37.632,16.256,43.008,24.192,person
006852.jpg,31.232,67.9163701067616,82.944,92.4252669039146,sofa
006852.jpg,83.712,69.9377224199288,114.432,98.4893238434164,chair
006852.jpg,99.584,89.1405693950178,128,99.5,chair
002337.jpg,40.192,58.7672672672673,77.312,93.481981981982,bicycle
002337.jpg,45.312,40.1336336336336,81.152,91.1846846846847,person
003202.jpg,67.584,48.768,92.16,69.504,diningtable
003202.jpg,85.504,46.464,101.888,68.736,chair
003202.jpg,44.032,51.584,75.52,86.4,chair
003202.jpg,6.656,45.952,32.512,80.256,pottedplant
003202.jpg,108.288,77.952,128,112,pottedplant
007963.jpg,72.96,90.496,77.824,102.272,person
007963.jpg,67.328,91.008,72.704,101.76,person
007963.jpg,116.992,74.88,128,79.488,car
007963.jpg,0.256,98.432,20.48,112,car
007963.jpg,0.256,102.528,9.728,112,car
007963.jpg,0.256,67.2,120.32,101.504,train
004354.jpg,7.424,21.7552552552553,124.928,102.926426426426,train
007563.jpg,37.504,44.032,75.904,127.744,person
007563.jpg,69.248,45.568,99.456,128,person
001161.jpg,14.336,16.256,128,112,train
004405.jpg,23.0315315315315,61.184,98.0765765765766,126.976,diningtable
004405.jpg,54.1726726726727,46.336,98.3318318318318,122.88,chair
004405.jpg,72.0405405405406,41.472,106.5,102.4,chair
004405.jpg,21.7552552552553,79.104,61.0645645645646,128,chair
002915.jpg,75.52,27.52,96.512,97.664,person
002915.jpg,65.536,46.976,84.224,101.248,person
002915.jpg,37.632,18.56,67.328,110.72,person
002931.jpg,43.008,54.144,47.104,70.272,bottle
002931.jpg,73.728,89.728,80.896,112,bottle
002931.jpg,105.984,41.6,128,69.248,tvmonitor
002931.jpg,69.376,36.48,128,112,person
002931.jpg,7.936,49.536,60.928,112,person
002931.jpg,95.232,16.256,97.536,23.424,bottle
002931.jpg,97.792,16.256,99.84,23.424,bottle
002931.jpg,99.84,16.256,101.888,23.68,bottle
002931.jpg,101.632,16.256,103.68,23.424,bottle
002931.jpg,103.936,16.256,105.984,23.424,bottle
002931.jpg,105.984,16.256,108.288,23.424,bottle
002931.jpg,108.032,16.256,110.08,23.424,bottle
002931.jpg,110.08,16.256,111.872,23.424,bottle
002931.jpg,118.016,16.256,120.576,23.936,bottle
002931.jpg,115.968,16.256,118.784,23.68,bottle
002931.jpg,112.128,16.256,114.176,23.424,bottle
002931.jpg,113.152,16.256,116.224,23.168,bottle
002931.jpg,0.256,54.4,75.264,112,sofa
005024.jpg,0.256,34.176,45.056,112,person
005024.jpg,38.4,16.512,128,112,person
006243.jpg,0.256,61.568,93.696,112,motorbike
006243.jpg,9.728,40.832,128,98.944,motorbike
006243.jpg,19.2,29.312,35.328,80,person
006243.jpg,52.48,33.408,62.976,54.144,person
006243.jpg,68.096,25.472,80.384,65.152,person
006243.jpg,88.832,25.472,98.56,65.92,person
006243.jpg,106.496,27.008,118.528,67.712,person
006243.jpg,33.792,28.8,43.52,56.704,person
006243.jpg,80.128,27.776,89.344,62.336,person
005072.jpg,1.024,41.4099099099099,116.736,97.8213213213213,car
003401.jpg,62.976,55.2829181494662,77.056,74.7384341637011,tvmonitor
003401.jpg,4.864,64.126334519573,48.896,99.5,chair
003994.jpg,2.048,40.576,69.888,111.488,cow
003994.jpg,91.392,49.792,122.88,111.488,person
003994.jpg,64.512,52.352,93.696,111.488,person
003994.jpg,94.464,32.128,105.728,59.52,person
008969.jpg,11.008,44.16,119.808,112,car
008969.jpg,107.008,46.976,128,62.848,car
008969.jpg,0.512,64.384,18.688,112,car
004239.jpg,21.7552552552553,22.784,87.1006006006006,122.368,sheep
004239.jpg,47.536036036036,46.336,105.478978978979,110.592,sheep
007390.jpg,50.176,49.536,72.704,75.648,chair
007390.jpg,76.032,42.368,90.368,55.424,tvmonitor
007390.jpg,110.592,19.072,128,60.544,pottedplant
007390.jpg,88.064,52.608,116.224,76.928,chair
007390.jpg,78.848,63.104,128,112,sofa
001586.jpg,7.46666666666667,25.3819095477387,114.4,98.6231155778895,horse
001586.jpg,56.2666666666667,21.6532663316583,88.2666666666667,74.1206030150754,person
000089.jpg,5.12,18.2780748663102,46.848,106.673796791444,person
000089.jpg,25.088,71.1122994652406,109.824,111.5,person
000089.jpg,84.992,52.0614973262032,116.48,109.467914438503,person
000089.jpg,5.632,29.4545454545455,81.152,90.4171122994653,chair
004470.jpg,1.792,32.64,118.784,89.472,aeroplane
004470.jpg,16.384,78.976,20.224,89.984,person
004470.jpg,55.04,82.56,59.904,94.848,person
001294.jpg,82.944,54.656,103.424,69.76,car
001294.jpg,23.808,57.216,31.488,61.824,car
001294.jpg,0.256,57.216,6.656,62.336,car
001294.jpg,60.672,57.728,64.512,60.032,car
003639.jpg,58.112,17.28,128,97.664,boat
004644.jpg,0.256,28.1366366366366,47.616,87.8663663663664,dog
002881.jpg,100.864,87.296,109.056,108.8,bottle
002881.jpg,21.76,11.008,82.688,120.32,person
002034.jpg,2.048,58.4236111111111,52.992,100.5,cat
002034.jpg,69.632,44.9895833333333,121.344,77.9409722222222,dog
003656.jpg,8.704,33.4568690095847,23.296,45.4696485623003,cat
006842.jpg,66.048,33.92,123.136,89.728,tvmonitor
006842.jpg,7.424,33.92,65.536,88.448,tvmonitor
000590.jpg,50.944,48.8160237388724,128,106.744807121662,car
001488.jpg,65.024,60.2987987987988,98.56,73.5720720720721,car
003694.jpg,78.848,69.9984984984985,98.816,89.1426426426427,tvmonitor
003694.jpg,1.28,73.0615615615616,37.376,104.968468468468,sofa
003694.jpg,13.824,36.3048048048048,38.656,88.6321321321321,pottedplant
003694.jpg,39.936,67.7012012012012,54.528,85.8243243243243,chair
003694.jpg,42.752,55.4489489489489,55.296,84.0375375375375,person
006570.jpg,0.256,29.824,79.616,76.672,dog
006570.jpg,27.392,49.024,85.504,99.968,dog
005273.jpg,27.648,30.08,72.96,55.936,car
005273.jpg,60.16,37.504,107.008,55.168,car
005273.jpg,86.016,19.072,106.24,56.96,person
005273.jpg,101.632,28.8,112.384,55.424,person
005273.jpg,0.256,44.672,78.08,107.392,bicycle
003648.jpg,13.312,39.296,128,111.488,sofa
003648.jpg,57.344,36.992,80.384,101.76,person
003648.jpg,40.96,30.08,85.504,91.264,person
008485.jpg,5.632,16.256,67.072,111.488,cat
008485.jpg,1.28,16.768,127.744,112,person
006012.jpg,73.472,63.616,81.152,69.76,bird
006012.jpg,79.872,59.264,86.272,67.968,bird
008282.jpg,51.968,55.936,62.208,64.64,tvmonitor
008282.jpg,2.048,60.544,48.896,88.704,sofa
008282.jpg,64.768,69.504,128,112,sofa
007655.jpg,1.024,23.0882352941176,128,108.735294117647,bicycle
000394.jpg,50.176,64.384,128,112,diningtable
000394.jpg,7.424,37.76,64.768,112,person
000394.jpg,0.256,21.888,88.064,94.592,person
000394.jpg,112.384,22.4,123.648,34.176,person
000394.jpg,111.104,24.192,116.224,33.92,person
002199.jpg,17.664,58.1263440860215,122.112,111.5,dog
003706.jpg,20.48,18.816,121.344,109.696,motorbike
003706.jpg,112.384,22.656,125.184,66.944,person
003706.jpg,99.84,20.096,109.056,46.976,person
000073.jpg,46.976,36.608,112,117.76,pottedplant
000073.jpg,16.512,39.424,32.384,117.504,pottedplant
000073.jpg,85.12,39.68,112,84.736,boat
000073.jpg,21.632,36.608,53.376,128,person
007559.jpg,30.592,19.968,65.92,118.016,person
007559.jpg,93.056,30.976,112,54.528,tvmonitor
003107.jpg,22.2530120481928,33.536,91.3253012048193,128,person
005901.jpg,46.336,32.384,96.256,96.896,cat
005901.jpg,26.624,55.168,103.424,112,cat
005576.jpg,4.864,68.5825688073394,123.904,76.0137614678899,train
000755.jpg,92.672,71.552,100.608,75.136,bicycle
000755.jpg,87.04,68.48,93.696,71.808,bicycle
000755.jpg,82.688,70.272,89.856,74.88,bicycle
000755.jpg,73.984,67.968,79.36,72.064,bicycle
000755.jpg,70.144,70.528,76.288,74.624,bicycle
000755.jpg,66.048,71.04,68.608,73.856,bicycle
000755.jpg,60.416,70.784,66.304,74.88,bicycle
000755.jpg,53.504,70.272,58.88,74.88,bicycle
000755.jpg,46.848,70.528,51.456,74.368,bicycle
000755.jpg,40.192,71.296,44.544,74.112,bicycle
000755.jpg,34.304,70.528,38.656,74.112,bicycle
000755.jpg,30.208,70.528,34.048,74.112,bicycle
000755.jpg,25.856,69.76,29.184,73.6,bicycle
000755.jpg,22.016,71.296,25.6,73.6,bicycle
000755.jpg,93.952,66.944,98.816,73.344,person
000755.jpg,87.04,64.64,91.648,70.528,person
000755.jpg,83.712,66.944,87.808,73.088,person
000755.jpg,74.496,64.64,78.08,70.272,person
000755.jpg,70.144,66.944,74.496,72.32,person
000755.jpg,64,66.944,66.816,70.528,person
000755.jpg,60.928,67.456,65.024,73.344,person
000755.jpg,53.76,67.2,57.6,72.576,person
000755.jpg,46.848,67.968,50.432,72.32,person
000755.jpg,40.704,68.736,43.52,72.32,person
000755.jpg,34.56,67.712,37.888,71.808,person
000755.jpg,30.464,68.736,33.024,72.064,person
000755.jpg,26.368,68.48,28.672,72.064,person
000755.jpg,22.272,67.712,24.832,71.296,person
007100.jpg,0.256,34.176,16.896,87.68,tvmonitor
007100.jpg,17.408,27.776,118.272,93.568,tvmonitor
000242.jpg,0.768,22.2657657657658,127.744,94.7582582582583,cat
009078.jpg,29.184,80.3478260869565,100.096,103.336956521739,car
009078.jpg,56.064,81.3695652173913,64.256,88.5217391304348,person
009078.jpg,51.456,74.4728260869565,65.024,80.0923913043478,car
009078.jpg,116.736,79.5815217391304,123.648,88.2663043478261,pottedplant
007132.jpg,27.904,65.1492307692308,42.496,81.2384615384615,train
007132.jpg,49.408,27.8630769230769,128,88.3892307692308,train
001945.jpg,65.8490566037736,28.5333333333333,75.3584905660378,42.4,person
001945.jpg,46.5660377358491,42.9333333333333,80.377358490566,127.2,horse
004604.jpg,0.512,29.312,44.032,64.128,car
004604.jpg,67.84,30.848,79.104,42.624,person
004604.jpg,37.12,28.288,43.776,37.76,person
004604.jpg,105.216,20.864,122.112,85.632,person
004604.jpg,80.128,16.256,110.08,96.64,person
004604.jpg,46.592,42.368,84.992,60.544,motorbike
004604.jpg,14.848,49.792,100.864,87.68,motorbike
001537.jpg,105.984,44.0120481927711,128,83.4819277108434,person
001537.jpg,92.928,82.9759036144578,128,101.192771084337,diningtable
001537.jpg,26.624,26.0481927710843,93.952,106,person
001537.jpg,98.56,75.6385542168675,104.448,92.3373493975904,bottle
007968.jpg,33.792,16.256,87.296,89.472,dog
001464.jpg,7.936,59.7790697674419,15.36,67.7093023255814,pottedplant
001464.jpg,15.616,60.0348837209302,22.272,67.9651162790698,pottedplant
001464.jpg,22.784,60.0348837209302,30.976,67.9651162790698,pottedplant
001464.jpg,19.2,43.6627906976744,29.44,60.2906976744186,pottedplant
001464.jpg,31.232,55.1744186046512,37.376,59.7790697674419,pottedplant
001464.jpg,30.72,59.7790697674419,38.4,67.7093023255814,pottedplant
001464.jpg,38.4,59.7790697674419,45.568,67.7093023255814,pottedplant
001464.jpg,45.568,58.7558139534884,53.248,63.8720930232558,pottedplant
001464.jpg,52.736,58.2441860465116,59.648,64.3837209302326,pottedplant
001464.jpg,59.392,57.7325581395349,66.816,64.1279069767442,pottedplant
001464.jpg,66.304,54.1511627906977,73.472,62.8488372093023,pottedplant
001464.jpg,73.728,51.3372093023256,81.92,63.1046511627907,pottedplant
001464.jpg,80.64,51.593023255814,88.832,60.8023255813954,pottedplant
001464.jpg,87.552,49.2906976744186,96.256,58.7558139534884,pottedplant
001464.jpg,94.208,47.5,100.864,57.2209302325581,pottedplant
001464.jpg,100.096,45.9651162790698,106.24,54.9186046511628,pottedplant
001464.jpg,105.472,41.3604651162791,111.104,53.1279069767442,pottedplant
001464.jpg,85.76,65.9186046511628,91.648,69.5,pottedplant
001464.jpg,89.856,68.7325581395349,96.256,76.1511627906977,pottedplant
001464.jpg,79.36,64.1279069767442,87.04,71.0348837209302,pottedplant
001464.jpg,73.472,66.1744186046512,80.896,73.0813953488372,pottedplant
001464.jpg,67.328,61.3139534883721,76.288,67.1976744186047,pottedplant
001464.jpg,57.344,62.8488372093023,66.048,72.3139534883721,pottedplant
001464.jpg,43.264,61.5697674418605,56.832,72.5697674418605,pottedplant
001464.jpg,32.512,67.1976744186047,43.776,74.3604651162791,pottedplant
001464.jpg,17.92,66.9418604651163,32,77.4302325581395,pottedplant
001464.jpg,83.712,69.5,90.88,76.406976744186,pottedplant
001464.jpg,82.688,74.8720930232558,90.624,84.0813953488372,pottedplant
001464.jpg,74.752,76.9186046511628,82.688,85.1046511627907,pottedplant
001464.jpg,68.864,72.3139534883721,75.52,82.0348837209302,pottedplant
001464.jpg,58.112,72.0581395348837,68.096,83.5697674418605,pottedplant
001464.jpg,50.176,72.3139534883721,55.808,75.6395348837209,pottedplant
001464.jpg,44.288,71.8023255813954,49.92,76.1511627906977,pottedplant
001464.jpg,54.016,75.1279069767442,58.624,81.5232558139535,pottedplant
001464.jpg,45.056,75.3837209302326,54.784,84.593023255814,pottedplant
001464.jpg,37.12,74.1046511627907,45.056,84.593023255814,pottedplant
001464.jpg,17.92,75.6395348837209,38.144,90.9883720930233,pottedplant
003410.jpg,16.896,54.144,61.44,76.672,cow
000026.jpg,23.04,53.4069069069069,86.272,75.6141141141141,car
003657.jpg,50.688,76.5348837209302,92.16,94.6976744186047,boat
004796.jpg,80.896,44.416,125.696,112,motorbike
004796.jpg,14.592,45.952,68.352,85.12,motorbike
004796.jpg,22.784,37.76,39.168,87.68,person
007586.jpg,0.256,53.12,61.696,79.488,train
007586.jpg,111.104,72.832,114.688,80.768,person
007586.jpg,81.92,69.504,84.224,78.72,person
007586.jpg,74.24,68.224,76.288,75.904,person
007586.jpg,71.68,67.968,73.216,75.136,person
007586.jpg,69.376,71.552,71.936,75.904,person
009778.jpg,4.608,45.184,41.728,80.256,train
003367.jpg,0.256,60.544,9.728,80.768,person
003367.jpg,0.768,67.2,5.632,96.896,person
003367.jpg,3.84,70.528,28.416,93.312,motorbike
003367.jpg,90.624,58.752,99.584,84.352,pottedplant
003367.jpg,99.072,49.28,107.008,59.52,pottedplant
003367.jpg,108.032,48.768,114.432,59.776,pottedplant
003367.jpg,114.432,52.352,121.088,60.544,pottedplant
003367.jpg,121.856,52.352,126.976,60.288,pottedplant
002810.jpg,21.504,37.5676923076923,92.16,87.8784615384615,dog
005983.jpg,60.16,39.808,73.216,56.96,bird
006918.jpg,38.144,44.672,107.008,92.8,car
006918.jpg,0.256,53.632,44.032,74.88,car
008943.jpg,88.832,97.664,104.192,111.232,bird
008943.jpg,109.056,99.968,116.736,108.928,bird
008943.jpg,124.416,102.528,128,111.488,bird
008943.jpg,60.928,102.272,68.864,111.232,bird
008943.jpg,70.912,103.552,86.784,111.232,bird
008943.jpg,35.328,46.72,68.096,99.456,person
008943.jpg,35.072,17.792,55.552,62.592,person
008943.jpg,10.24,18.304,19.2,44.928,person
008943.jpg,15.872,16.768,26.624,45.952,person
008943.jpg,0.512,17.024,12.544,41.856,person
008943.jpg,5.888,106.624,17.152,112,bird
008943.jpg,125.44,16.768,128,22.912,person
008943.jpg,122.624,16.256,124.672,22.656,person
008943.jpg,120.32,16.256,123.136,23.68,person
008943.jpg,116.48,16.256,121.088,23.936,person
002362.jpg,74.496,66.688,107.008,87.936,chair
002362.jpg,53.76,81.024,107.008,112,chair
002362.jpg,44.8,55.936,91.392,71.296,sofa
002362.jpg,82.688,16.256,108.288,72.832,pottedplant
002362.jpg,95.488,30.592,107.776,63.104,pottedplant
002362.jpg,28.928,26.24,45.312,68.736,pottedplant
002362.jpg,42.752,28.8,50.688,60.8,pottedplant
002362.jpg,69.12,28.8,76.8,46.208,person
002362.jpg,62.72,31.104,68.864,45.696,person
006146.jpg,27.648,66.432,70.4,91.264,bicycle
003017.jpg,35.584,54.2202572347267,115.968,100.959807073955,horse
003017.jpg,44.544,49.6479099678457,79.104,83.9405144694534,person
008979.jpg,9.216,25.4635416666667,113.408,104.578125,motorbike
008979.jpg,10.24,22.9114583333333,61.184,97.1770833333333,person
005825.jpg,0.256,21.7552552552553,102.656,106.5,boat
002677.jpg,22.2657657657658,0.768,102.926426426426,96,cat
009949.jpg,32.768,46.976,128,105.6,sofa
009949.jpg,49.92,77.696,128,112,chair
009949.jpg,6.4,39.04,109.312,95.872,person
009949.jpg,51.968,36.736,84.736,71.808,person
009949.jpg,60.16,45.696,71.424,56.704,person
002220.jpg,0.256,26.496,46.08,110.976,person
002220.jpg,30.976,25.984,93.44,112,person
002220.jpg,78.08,35.456,128,112,person
004869.jpg,35.0114285714286,17.664,108.5,110.848,bird
007551.jpg,28.544,16.64,80.512,124.16,bicycle
007709.jpg,60.16,30.336,67.84,46.208,person
007709.jpg,66.304,32.64,71.68,41.344,person
007709.jpg,62.72,36.736,74.24,43.392,bicycle
007709.jpg,14.336,45.696,120.32,86.656,car
007709.jpg,79.104,38.784,128,64.128,car
007709.jpg,100.864,31.616,128,43.904,car
007709.jpg,51.712,31.104,75.008,41.088,car
002715.jpg,28.672,88.448,81.92,112,bicycle
002715.jpg,42.24,69.76,59.136,111.488,person
002715.jpg,80.896,71.04,101.888,112,person
002715.jpg,108.8,72.32,121.6,110.208,person
009129.jpg,20.48,38.6021021021021,122.88,104.713213213213,sofa
000387.jpg,1.28,26.0945945945946,123.392,86.5900900900901,car
008653.jpg,56.46996996997,6.912,101.13963963964,116.224,horse
003007.jpg,7.424,22.5060240963855,128,96.8915662650602,car
006277.jpg,16.64,33.92,114.432,98.432,car
007924.jpg,42.4705882352941,3.55555555555556,98.2352941176471,68.6222222222222,bird
007924.jpg,28,84.9777777777778,84.8235294117647,116.266666666667,bird
006588.jpg,26.624,28.6471471471471,115.456,100.884384384384,train
006588.jpg,1.28,70.7642642642643,22.016,81.2297297297297,car
006588.jpg,22.016,72.551051051051,33.536,79.442942942943,car
006588.jpg,0.256,73.3168168168168,5.376,82.7612612612613,car
006588.jpg,27.136,71.2747747747748,36.864,76.1246246246246,car
006588.jpg,36.864,70.7642642642643,41.984,75.8693693693694,car
006588.jpg,121.088,69.2327327327327,124.928,75.3588588588589,person
000711.jpg,15.104,16.512,60.416,63.872,pottedplant
000711.jpg,78.08,86.656,98.816,110.72,pottedplant
001931.jpg,11.264,50.5990990990991,125.184,95.0135135135135,car
007902.jpg,81.92,28.544,124.416,55.424,motorbike
007902.jpg,0.256,30.592,59.392,96.896,motorbike
007902.jpg,93.952,16.256,117.248,44.16,person
007902.jpg,0.256,28.288,48.384,70.528,person
009932.jpg,33.408,82.944,88.704,127.488,car
008310.jpg,0.512,22.0074626865672,128,104.470149253731,aeroplane
008008.jpg,48.384,42.0483383685801,86.016,82.1450151057402,motorbike
008008.jpg,33.28,22.2537764350453,55.552,30.8821752265861,motorbike
008008.jpg,49.664,30.8821752265861,85.504,79.3534743202417,person
007295.jpg,30.464,52.096,101.632,89.472,cat
007622.jpg,0.512,21.7552552552553,127.232,105.734234234234,car
008917.jpg,54.016,3.584,128,128,cat
007810.jpg,16.768,33.792,111.488,127.488,diningtable
007810.jpg,36.48,0.256,102.272,32.512,person
003271.jpg,10.496,35.968,119.552,99.456,car
009693.jpg,25.344,19.84,79.104,107.392,person
009693.jpg,76.032,82.048,104.192,106.88,person
009693.jpg,7.424,36.48,128,112,sofa
000337.jpg,19.456,55.168,40.96,86.656,bicycle
000337.jpg,56.064,61.056,109.824,111.744,bicycle
000337.jpg,7.424,23.424,17.408,44.416,person
000337.jpg,30.464,17.024,41.472,29.568,person
000337.jpg,28.928,23.168,42.752,49.536,person
000337.jpg,61.952,20.352,73.728,42.368,person
000337.jpg,17.408,39.552,42.24,81.28,person
000337.jpg,60.16,23.68,103.168,108.672,person
000337.jpg,45.056,35.2,59.136,49.792,person
000337.jpg,59.648,38.528,66.304,56.192,person
009832.jpg,70.912,18.816,128,105.6,bus
002112.jpg,50.816,0.512,112,128,bottle
005786.jpg,91.648,27.8813813813814,114.432,101.13963963964,person
005786.jpg,81.92,34.518018018018,99.84,101.13963963964,person
005786.jpg,64,31.9654654654655,83.712,101.905405405405,person
005786.jpg,49.152,29.4129129129129,69.376,102.671171171171,person
005786.jpg,33.28,32.9864864864865,51.2,101.65015015015,person
005786.jpg,12.032,33.496996996997,37.376,105.223723723724,person
002090.jpg,35.2,30.08,99.84,112,person
002090.jpg,57.92,68.8,84.8,112,chair
009551.jpg,54.784,48.256,109.056,107.904,person
002244.jpg,81.152,76.3798798798799,119.04,96.0345345345345,car
002244.jpg,27.392,79.442942942943,37.12,87.6111111111111,car
002244.jpg,36.864,80.9744744744745,51.456,89.3978978978979,car
002244.jpg,18.432,80.463963963964,28.928,86.3348348348348,car
002244.jpg,51.2,79.442942942943,70.144,88.6321321321321,car
002244.jpg,54.784,77.6561561561562,60.416,90.1636636636637,person
002244.jpg,50.432,76.8903903903904,55.552,90.9294294294294,person
002244.jpg,122.624,76.1246246246246,128,102.926426426426,person
002244.jpg,119.808,78.6771771771772,123.904,90.1636636636637,person
002244.jpg,116.992,78.4219219219219,121.088,89.9084084084084,person
002244.jpg,0.512,76.6351351351351,6.4,90.4189189189189,car
003811.jpg,33.28,38.5989304812834,80.128,84.8288770053476,boat
003811.jpg,16.384,38.8529411764706,20.992,44.6951871657754,boat
003811.jpg,77.056,68.3181818181818,109.824,81.5267379679144,boat
003811.jpg,3.84,38.5989304812834,10.24,49.7754010695187,person
001325.jpg,20.224,54.146437994723,89.856,82.2994722955145,boat
001325.jpg,73.728,57.9854881266491,120.576,79.7401055408971,boat
001325.jpg,97.792,16.523746701847,126.464,45.9564643799472,boat
001325.jpg,1.28,90.4894459102902,66.304,106.101583113456,boat
001325.jpg,35.328,98.4234828496042,126.208,110.96437994723,boat
001325.jpg,93.44,90.4894459102902,125.952,105.845646437995,boat
001325.jpg,56.832,45.9564643799472,69.12,60.5448548812665,person
001325.jpg,65.536,88.697889182058,115.712,102.26253298153,boat
001325.jpg,6.144,62.5923482849604,31.744,74.6213720316623,boat
001862.jpg,62.72,24.448,74.496,32.64,car
001862.jpg,14.592,31.616,111.616,112,car
008768.jpg,40.0531335149864,28.416,59.3119891008174,93.696,person
008768.jpg,83.1321525885559,31.744,107.459128065395,91.904,person
008768.jpg,17.7534059945504,31.744,80.0912806539509,80.64,car
006046.jpg,48.384,48.3132530120482,62.208,74.1204819277108,boat
006046.jpg,66.816,53.8795180722892,78.336,73.6144578313253,boat
006046.jpg,123.136,68.3012048192771,128,75.3855421686747,boat
000613.jpg,43.776,53.4069069069069,128,106.5,diningtable
000613.jpg,100.352,78.4219219219219,128,106.5,chair
000613.jpg,4.352,77.1456456456456,36.864,106.5,chair
000613.jpg,7.936,49.5780780780781,47.104,106.5,person
000613.jpg,22.272,49.5780780780781,46.336,87.1006006006006,person
000613.jpg,35.072,47.7912912912913,49.664,78.6771771771772,person
000613.jpg,44.544,44.7282282282282,60.928,69.9984984984985,person
000613.jpg,52.736,47.536036036036,62.72,60.8093093093093,person
000613.jpg,33.536,31.454954954955,44.288,53.9174174174174,person
000613.jpg,65.536,42.9414414414414,79.616,54.4279279279279,person
000613.jpg,85.76,43.7072072072072,94.464,48.0465465465466,person
000613.jpg,96.512,43.1966966966967,104.448,49.0675675675676,person
000613.jpg,116.48,46.2597597597598,125.184,56.46996996997,person
000613.jpg,77.056,53.9174174174174,119.04,106.244744744745,person
000613.jpg,85.76,47.7912912912913,113.92,71.7852852852853,person
000613.jpg,83.968,45.7492492492492,97.792,67.1906906906907,person
000613.jpg,84.224,47.0255255255255,91.392,60.5540540540541,person
008835.jpg,10.752,17.28,43.008,45.952,pottedplant
008835.jpg,44.544,17.024,74.24,51.328,pottedplant
008835.jpg,77.312,20.608,97.536,45.952,pottedplant
008835.jpg,101.632,29.824,122.112,54.912,pottedplant
008835.jpg,84.736,49.024,108.8,72.576,pottedplant
008835.jpg,64.768,59.264,91.648,86.912,pottedplant
008835.jpg,39.424,45.952,62.464,70.272,pottedplant
000370.jpg,24.064,42.9171122994652,64.768,81.5267379679144,boat
000370.jpg,62.464,47.4893048128342,107.52,81.7807486631016,boat
000308.jpg,89.856,41.6,110.848,64.64,person
000308.jpg,57.344,47.744,78.848,84.864,person
000308.jpg,36.864,55.168,62.208,98.176,person
000308.jpg,41.728,45.184,57.6,58.752,person
000308.jpg,55.296,43.392,70.656,55.424,person
000308.jpg,8.448,50.816,101.376,97.152,diningtable
009440.jpg,66.304,36.992,128,112,person
009440.jpg,0.256,22.912,52.224,112,person
002518.jpg,65.024,54.3855421686747,92.672,103.722891566265,person
002518.jpg,21.504,60.2048192771084,30.976,77.6626506024096,person
002518.jpg,36.096,56.9156626506024,57.6,84.2409638554217,person
002518.jpg,37.632,72.0963855421687,46.336,97.3975903614458,bottle
002518.jpg,46.592,72.855421686747,55.296,95.8795180722892,bottle
001887.jpg,109.568,79.488,115.2,92.288,chair
001887.jpg,84.224,86.144,93.696,99.456,chair
001887.jpg,57.856,93.824,68.352,110.72,chair
001887.jpg,88.064,80.256,96.768,91.776,chair
001887.jpg,23.808,100.736,37.376,111.488,chair
001887.jpg,98.304,84.096,106.24,94.848,chair
001887.jpg,73.728,91.264,83.456,104.832,chair
001887.jpg,93.44,78.976,105.216,90.752,diningtable
001887.jpg,37.632,96.128,56.832,110.976,diningtable
001887.jpg,65.28,77.696,72.96,101.504,person
001887.jpg,24.32,93.312,42.752,112,person
001887.jpg,52.48,92.288,60.16,111.232,person
001887.jpg,47.36,85.888,55.552,97.664,person
001887.jpg,73.472,85.888,86.784,104.32,person
001887.jpg,98.304,77.952,106.24,91.776,person
001887.jpg,122.112,65.92,128,85.888,person
001887.jpg,102.4,74.112,111.616,92.032,person
001887.jpg,68.096,37.76,82.688,41.856,boat
007956.jpg,92.672,50.048,117.76,94.592,pottedplant
007956.jpg,27.392,48.768,41.728,74.112,pottedplant
007956.jpg,0.512,58.752,128,112,diningtable
009591.jpg,17.92,49.5916905444126,35.84,74.0730659025788,motorbike
009591.jpg,74.496,55.4570200573066,107.52,94.474212034384,motorbike
009591.jpg,18.176,39.1361031518625,35.584,65.147564469914,person
009591.jpg,78.08,45.0014326647564,98.816,81.9785100286533,person
000499.jpg,58.88,33.408,95.744,90.496,person
000499.jpg,35.84,51.328,109.824,98.432,motorbike
007713.jpg,31.488,33.9274924471299,95.488,103.716012084592,bird
005593.jpg,31.488,40.32,93.44,86.4,car
005593.jpg,64.512,44.672,77.824,55.168,person
005593.jpg,44.032,44.16,56.32,54.4,person
005593.jpg,76.288,23.936,89.856,50.816,person
008944.jpg,7.75450450450451,0.256,120.245495495495,128,person
003743.jpg,21.504,65.1370106761566,74.752,97.4786476868328,sofa
003743.jpg,0.256,69.6850533807829,16.128,99.2473309608541,sofa
005396.jpg,2.048,37.1252631578947,57.856,91.1294736842105,tvmonitor
005396.jpg,9.472,43.2389473684211,51.456,77.6284210526316,person
005396.jpg,68.864,34.5778947368421,124.416,124.5,person
002378.jpg,47.104,18.56,98.304,94.08,person
002378.jpg,0.256,16.512,50.176,91.776,pottedplant
002378.jpg,61.952,41.344,128,109.952,pottedplant
002378.jpg,78.08,19.072,128,111.232,pottedplant
002378.jpg,92.16,23.68,128,107.648,pottedplant
002378.jpg,29.952,25.472,43.52,57.984,pottedplant
006917.jpg,27.904,18.816,71.936,112,bottle
005952.jpg,24.064,18.048,119.04,47.232,aeroplane
005952.jpg,0.256,25.728,21.504,45.184,aeroplane
009598.jpg,40.96,56.192,62.976,107.648,bird
009598.jpg,50.944,50.56,105.728,93.312,bird
007022.jpg,37.376,47.5542168674699,68.096,67.289156626506,bird
001237.jpg,29.44,55.936,68.096,70.528,car
002321.jpg,51.1865671641791,50.432,82.9029850746269,78.336,train
009291.jpg,31.616,62.72,111.744,128,motorbike
009291.jpg,29.056,38.4,104.576,121.6,person
009291.jpg,38.528,23.808,65.408,109.824,person
009291.jpg,62.592,32.768,72.064,49.152,person
009291.jpg,67.456,41.984,77.184,51.968,person
005799.jpg,99.84,59.52,110.08,72.32,tvmonitor
005799.jpg,62.464,53.376,76.032,74.624,person
005799.jpg,48.384,57.728,63.488,74.368,person
005799.jpg,105.216,45.184,128,111.488,person
000931.jpg,26.624,93.312,57.344,102.528,boat
001686.jpg,50.56,43.264,61.568,57.344,person
002348.jpg,47.616,55.9594594594595,76.544,86.0795795795796,aeroplane
002348.jpg,15.616,50.5990990990991,45.824,80.2087087087087,aeroplane
005077.jpg,0.768,59.52,82.176,82.56,train
008953.jpg,22.2530120481928,12.032,70.3253012048193,80.896,person
008953.jpg,63.2409638554217,68.096,78.1686746987952,92.16,bottle
002599.jpg,17.92,27.008,108.8,109.184,motorbike
002599.jpg,0.256,41.6,41.216,96.896,motorbike
005843.jpg,31.744,66.944,75.264,95.872,cow
008218.jpg,49.664,39.04,126.72,112,person
008218.jpg,31.744,101.504,41.984,112,person
008218.jpg,25.6,85.888,35.584,108.416,person
006844.jpg,22.272,42.88,125.952,76.672,train
004540.jpg,23.542042042042,36.096,106.5,80.896,sofa
001234.jpg,48.7692307692308,3.584,77.2,113.408,person
001234.jpg,39.3769230769231,42.752,79.2307692307692,128,person
001234.jpg,31.2538461538462,108.8,46.7384615384615,121.6,dog
001234.jpg,31.7615384615385,71.68,49.0230769230769,98.304,tvmonitor
001024.jpg,30.976,16.256,109.824,39.04,tvmonitor
001024.jpg,0.256,23.68,98.816,112,person
005740.jpg,65.28,58.7672672672673,93.44,101.13963963964,bird
005740.jpg,0.256,28.1366366366366,70.144,106.5,person
002649.jpg,0.512,50.078125,48.896,104.5,person
002649.jpg,27.392,49.571875,75.264,104.5,person
002649.jpg,57.6,50.8375,89.344,103.99375,person
002649.jpg,80.128,34.384375,118.528,104.5,person
005138.jpg,5.888,29.338202247191,111.104,118.214606741573,bird
006797.jpg,46.336,32.64,98.304,111.744,person
006797.jpg,0.256,27.776,61.952,110.976,horse
007704.jpg,7.936,68.0898876404494,18.432,80.8707865168539,pottedplant
007704.jpg,19.968,61.9550561797753,78.08,106.688202247191,sofa
007704.jpg,81.408,62.2106741573034,128,91.8623595505618,sofa
007680.jpg,14.08,33.92,49.664,47.744,bird
007680.jpg,40.448,20.608,69.376,66.944,bird
007680.jpg,57.856,27.008,80.64,44.16,bird
007680.jpg,69.376,60.544,84.992,112,bird
007680.jpg,5.376,57.984,32.768,112,bird
006529.jpg,1.024,28.288,54.784,112,person
006529.jpg,43.776,35.712,100.864,81.536,aeroplane
000684.jpg,47.744,50.176,80.768,78.08,chair
000684.jpg,16.512,78.08,33.152,88.32,chair
000684.jpg,29.312,28.672,39.296,46.848,person
000684.jpg,16.256,50.176,46.208,82.432,person
000684.jpg,29.824,43.776,35.712,56.832,bottle
000684.jpg,35.712,25.856,77.696,80.384,person
000684.jpg,71.552,12.544,91.264,77.824,person
000684.jpg,88.96,5.632,108.416,93.696,person
000684.jpg,92.032,0.768,112,94.464,person
000091.jpg,32,77.696,49.92,88.704,car
000091.jpg,20.736,79.488,26.88,84.608,car
000091.jpg,23.296,80,32.256,86.144,car
004530.jpg,13.824,26.496,106.24,91.52,bus
004530.jpg,35.84,43.136,47.616,53.632,person
006429.jpg,22.2530120481928,0.512,104.987951807229,128,horse
002193.jpg,71.424,44.416,90.368,98.688,person
002193.jpg,62.72,41.344,72.704,94.848,person
002193.jpg,52.48,42.368,62.72,94.336,person
002193.jpg,40.704,41.344,54.528,93.568,person
002193.jpg,30.72,41.6,43.264,96.128,person
003496.jpg,98.304,72.2957957957958,106.24,90.1636636636637,bottle
003496.jpg,114.688,39.1126126126126,128,82.506006006006,person
003496.jpg,60.16,37.0705705705706,111.872,106.5,person
003496.jpg,0.256,22.7762762762763,119.296,106.5,person
003496.jpg,0.256,30.1786786786787,26.88,61.0645645645646,person
003496.jpg,110.848,44.7282282282282,117.248,58.7672672672673,person
003496.jpg,88.064,51.3648648648649,99.84,74.5930930930931,person
003496.jpg,93.696,47.0255255255255,103.168,55.9594594594595,person
003496.jpg,22.016,44.472972972973,29.952,54.9384384384384,person
003496.jpg,62.72,48.5570570570571,68.608,58.7672672672673,person
003496.jpg,67.84,56.7252252252252,73.472,61.5750750750751,person
003496.jpg,52.736,48.8123123123123,69.12,63.6171171171171,person
005885.jpg,27.904,30.592,104.96,111.488,person
001761.jpg,6.912,43.7072072072072,128,91.1846846846847,aeroplane
007974.jpg,0.256,16.512,80.128,112,cat
006391.jpg,50.56,34.56,107.904,99.328,chair
006391.jpg,17.536,29.184,95.36,116.224,person
005685.jpg,28.288,33.28,92.8,115.456,train
001027.jpg,51.968,60.544,65.024,85.888,chair
001027.jpg,84.224,60.544,89.088,73.088,chair
001027.jpg,65.536,64.384,78.336,90.752,chair
001027.jpg,67.328,71.808,89.856,100.224,chair
001027.jpg,102.656,85.12,128,112,sofa
001027.jpg,14.848,55.936,24.064,71.808,bicycle
001027.jpg,0.256,78.464,11.008,103.04,tvmonitor
001062.jpg,48.256,8.448,102.272,73.984,tvmonitor
007998.jpg,16.64,16.512,128,112,person
007998.jpg,0.256,16.256,30.464,79.232,person
008478.jpg,0.256,59.264,13.568,78.72,bicycle
008478.jpg,6.144,56.96,25.6,77.44,bicycle
008478.jpg,34.304,57.216,52.992,71.04,bicycle
008478.jpg,24.064,51.328,108.032,94.336,car
008478.jpg,95.488,49.536,128,74.112,car
001434.jpg,113.92,90.566265060241,119.296,104.734939759036,person
001434.jpg,109.312,89.8072289156626,114.944,103.975903614458,person
001434.jpg,62.208,81.710843373494,105.216,98.6626506024096,bus
001434.jpg,24.832,78.1686746987952,60.16,100.686746987952,bus
002615.jpg,45.312,48.8123123123123,51.2,55.1936936936937,sheep
002615.jpg,87.808,88.6321321321321,98.048,95.0135135135135,sheep
000024.jpg,50.176,63.365671641791,125.184,84.1716417910448,train
005121.jpg,7.68,44.7282282282282,52.48,106.5,dog
005121.jpg,88.064,38.3468468468468,128,106.5,dog
004110.jpg,51.968,44.928,76.288,112,person
004110.jpg,51.968,82.048,58.112,97.408,bottle
000525.jpg,112.64,62.8580060422961,128,83.4138972809668,motorbike
000525.jpg,24.832,62.3504531722054,55.808,79.3534743202417,motorbike
000525.jpg,113.408,51.4380664652568,128,77.0694864048338,person
000525.jpg,26.624,50.6767371601209,43.264,77.5770392749245,person
005101.jpg,16.256,0.512,111.744,128,chair
005101.jpg,57.472,57.344,105.344,94.208,cat
003970.jpg,47.3584905660377,30.6666666666667,82.7547169811321,116.533333333333,horse
003970.jpg,46.5660377358491,23.4666666666667,89.0943396226415,78.1333333333333,person
008086.jpg,29.184,22.521021021021,128,102.415915915916,train
008086.jpg,106.752,41.9204204204204,111.616,48.8123123123123,person
002937.jpg,18.432,36.0495495495496,94.464,97.5660660660661,car
002937.jpg,72.448,32.475975975976,128,67.1906906906907,car
000828.jpg,16.512,45.568,24.192,73.728,person
000828.jpg,22.656,44.544,32.64,74.496,person
000828.jpg,32.896,47.36,40.576,69.632,person
000828.jpg,84.352,23.808,108.416,73.984,person
000828.jpg,20.864,37.376,64.896,128,person
000828.jpg,56.192,22.784,112,128,person
007926.jpg,0.256,91.0176991150443,88.576,106.492625368732,train
007606.jpg,30.464,26.496,106.24,112,person
006344.jpg,0.256,31.3955223880597,102.656,100.917910447761,train
006344.jpg,100.864,54.2313432835821,112.384,82.1417910447761,person
006344.jpg,117.76,60.0671641791045,127.232,84.679104477612,person
006344.jpg,114.944,54.9925373134328,125.44,66.410447761194,person
009126.jpg,4.864,26.24,125.44,84.608,bus
006908.jpg,0.512,38.784,101.888,112,person
006908.jpg,35.584,39.808,67.584,112,person
006908.jpg,33.28,29.824,75.52,89.472,person
006908.jpg,67.584,32.896,111.616,73.6,person
006908.jpg,66.304,32.64,115.456,112,person
006908.jpg,116.48,59.52,128,112,person
006908.jpg,16.128,65.408,23.296,92.288,bottle
006908.jpg,55.808,91.008,61.952,108.928,bottle
006908.jpg,101.376,37.76,107.264,53.12,bottle
006908.jpg,37.376,25.216,45.568,38.784,bottle
006908.jpg,59.648,50.56,64.512,62.592,bottle
006908.jpg,67.328,72.32,76.8,89.472,bottle
006908.jpg,4.608,93.568,14.592,104.576,bottle
002643.jpg,0.256,29.056,22.784,54.912,car
002643.jpg,104.192,30.592,115.968,60.544,person
002643.jpg,46.08,42.112,71.936,68.992,person
002643.jpg,46.336,50.048,77.312,88.192,motorbike
004069.jpg,39.168,43.136,76.288,112,bird
004069.jpg,61.696,31.616,99.072,95.104,bird
008985.jpg,16.768,2.304,96.384,126.976,bird
004247.jpg,28.416,63.745,56.064,79.045,bird
004247.jpg,47.616,57.37,58.368,76.24,bird
001608.jpg,0.768,16.256,128,112,person
000050.jpg,103.68,55.168,126.208,81.28,chair
000050.jpg,70.4,49.024,79.872,59.52,chair
000050.jpg,92.16,65.152,97.536,83.84,bottle
000050.jpg,102.144,62.336,108.032,76.16,bottle
000050.jpg,69.12,62.08,74.496,79.232,bottle
000050.jpg,75.264,61.056,79.872,77.696,bottle
000050.jpg,17.408,40.576,75.008,112,person
000050.jpg,0.256,34.176,22.272,100.992,person
000050.jpg,47.36,33.408,66.304,66.432,person
000050.jpg,73.216,32.384,103.936,76.928,person
003159.jpg,88,38.4,119.466666666667,100.266666666667,person
003159.jpg,13.8666666666667,41.8666666666667,50.9333333333333,94.4,person
003159.jpg,0.266666666666667,32.8,10.9333333333333,95.4666666666667,person
003159.jpg,70.9333333333333,74.1333333333333,76.5333333333333,92.2666666666667,bottle
003159.jpg,66.1333333333333,69.3333333333333,71.7333333333333,87.4666666666667,bottle
003159.jpg,50.1333333333333,94.4,58.4,112,bottle
005716.jpg,0.256,27.7912457912458,75.52,102,person
005716.jpg,94.208,26.2558922558923,128,78.7138047138047,person
004321.jpg,15.616,44.9834834834835,120.064,105.734234234234,motorbike
004321.jpg,44.8,23.2867867867868,93.696,83.527027027027,person
009457.jpg,15.36,27.776,105.216,108.672,motorbike
006916.jpg,76.544,40.4698795180723,128,104.987951807229,dog
006916.jpg,1.28,44.0120481927711,89.856,105.746987951807,dog
001972.jpg,26.0945945945946,19.456,95.7792792792793,106.24,dog
001531.jpg,12.288,49.536,57.856,112,chair
001531.jpg,69.888,51.584,120.064,112,chair
001531.jpg,71.424,32.128,118.528,112,person
001531.jpg,26.368,31.36,57.6,112,person
009213.jpg,78.848,68.224,109.056,89.472,car
006250.jpg,15.104,47.744,71.424,85.12,car
009709.jpg,81.792,0.256,112,127.488,bottle
009709.jpg,49.792,0.512,85.376,126.72,bottle
009709.jpg,16.256,0.256,52.096,125.184,bottle
000406.jpg,13.824,88.96,29.184,96.128,car
000406.jpg,27.904,87.424,32,97.664,person
000406.jpg,23.552,90.496,28.16,98.688,person
000406.jpg,60.672,87.936,63.744,95.104,person
000406.jpg,71.68,90.24,74.496,94.848,person
000406.jpg,109.056,90.752,117.248,96.64,car
000823.jpg,12.544,62.2185628742515,87.808,88.940119760479,car
009737.jpg,4.096,48.566265060241,127.488,105.493975903614,sofa
009737.jpg,101.632,22.2530120481928,128,43.2530120481928,car
007971.jpg,0.256,21.7552552552553,128,106.5,car
007971.jpg,45.824,42.6861861861862,82.688,88.1216216216216,person
009196.jpg,0.256,16.512,128,89.472,tvmonitor
009309.jpg,5.376,34.944,128,112,bird
005854.jpg,38.4,58.752,54.016,71.296,bird
005854.jpg,61.952,34.176,86.272,81.792,bird
005854.jpg,65.28,63.104,92.416,83.84,bird
004830.jpg,26.624,49.5780780780781,107.008,75.6141141141141,car
004830.jpg,59.136,52.8963963963964,70.144,59.2777777777778,person
006706.jpg,27.264,32.512,103.296,126.976,bird
006706.jpg,92.8,4.352,112,34.304,car
006706.jpg,16.512,10.496,66.688,55.552,car
006829.jpg,0.256,32.64,108.544,112,dog
002156.jpg,29.184,70.528,57.088,110.72,chair
002156.jpg,57.856,68.736,82.688,105.344,chair
002156.jpg,100.864,65.408,119.04,87.168,chair
002156.jpg,3.84,67.2,30.208,106.88,chair
002156.jpg,119.808,64.896,128,76.928,chair
002156.jpg,8.448,58.752,76.8,94.08,diningtable
002156.jpg,85.504,41.6,102.144,88.96,person
004842.jpg,82.688,44.9834834834835,128,105.734234234234,sheep
004842.jpg,20.224,48.8123123123123,82.176,106.5,sheep
004842.jpg,32.768,29.9234234234234,69.376,61.3198198198198,sheep
004842.jpg,70.144,21.7552552552553,108.032,56.9804804804805,sheep
004842.jpg,0.256,21.7552552552553,27.648,74.5930930930931,sheep
001269.jpg,27.648,44.9834834834835,99.584,106.5,person
007914.jpg,31.872,29.184,106.112,105.984,bird
006438.jpg,49.152,46.5421686746988,91.904,78.9277108433735,car
006438.jpg,0.256,44.0120481927711,10.24,57.421686746988,car
007639.jpg,16.768,52.224,111.232,128,sofa
007639.jpg,45.952,74.24,78.976,108.032,person
004649.jpg,9.216,53.4701492537313,100.608,81.634328358209,train
004649.jpg,97.536,55.5,110.336,78.589552238806,train
004649.jpg,108.8,54.7388059701493,124.416,71.9925373134328,train
006223.jpg,32.768,44.472972972973,109.056,89.3978978978979,car
007578.jpg,47.872,44.5861027190332,85.248,99.6555891238671,dog
007578.jpg,89.6,30.6283987915408,109.056,50.6767371601209,dog
007578.jpg,111.616,37.7341389728097,128,59.0513595166163,dog
007578.jpg,105.216,25.8066465256798,119.808,41.7945619335347,dog
007578.jpg,74.752,22.2537764350453,91.648,56.5135951661631,person
007578.jpg,68.864,22.2537764350453,75.52,48.392749244713,person
007578.jpg,47.36,22.2537764350453,72.448,57.0211480362538,person
007578.jpg,0.256,22.2537764350453,29.696,105.492447129909,person
007578.jpg,17.92,22.2537764350453,28.672,47.631419939577,person
007578.jpg,28.928,22.2537764350453,41.984,38.7492447129909,person
007578.jpg,9.728,29.8670694864048,18.688,45.8549848942598,dog
003918.jpg,20.1313131313131,19.968,86.1893939393939,128,bird
001107.jpg,3.072,46.289156626506,126.208,78.9277108433735,aeroplane
007385.jpg,0.256,28.1366366366366,109.824,106.5,sofa
009920.jpg,23.7904191616766,54.528,103.191616766467,107.264,car
009920.jpg,31.4251497005988,50.688,58.1467065868264,58.368,car
008042.jpg,19.2,51.328,128,109.184,sofa
008042.jpg,17.152,31.616,54.528,82.816,person
008042.jpg,24.576,84.864,30.976,104.064,bottle
008042.jpg,29.696,84.608,34.56,101.504,bottle
008042.jpg,31.488,81.28,36.352,97.664,bottle
008042.jpg,37.12,82.304,43.776,99.456,bottle
008042.jpg,39.424,77.44,44.288,94.592,bottle
008042.jpg,26.624,79.232,30.464,85.632,bottle
008042.jpg,21.504,76.928,25.6,83.84,bottle
008042.jpg,16.384,75.648,20.736,83.328,bottle
008042.jpg,9.728,65.408,14.592,82.816,bottle
008042.jpg,8.448,75.392,13.568,83.584,bottle
008042.jpg,2.56,73.856,6.656,91.264,bottle
000746.jpg,24.32,36.0495495495496,110.848,106.5,dog
000156.jpg,10.496,34.688,97.536,106.112,sofa
000156.jpg,110.592,42.368,126.976,52.864,car
000156.jpg,103.424,45.184,111.36,52.608,car
000810.jpg,38.656,19.328,127.488,112,person
009091.jpg,54.528,43.648,100.864,112,person
009091.jpg,68.096,21.632,109.312,112,person
009091.jpg,39.168,21.632,70.912,112,person
009091.jpg,0.256,19.328,15.104,112,person
009091.jpg,4.864,16.256,22.784,74.88,person
009091.jpg,24.576,16.256,45.056,66.176,person
009091.jpg,60.928,16.256,77.056,47.744,person
009091.jpg,50.944,16.256,61.696,24.448,person
009091.jpg,82.176,16.256,92.928,41.088,person
009091.jpg,91.136,16.256,106.24,39.808,person
009091.jpg,101.888,16.256,119.552,32.64,person
007052.jpg,15.36,17.792,117.76,82.304,boat
007052.jpg,27.136,53.376,32.768,70.272,person
007052.jpg,33.536,58.496,38.4,70.272,person
000095.jpg,5.12,36.2012383900929,112.384,95.3529411764706,train
000095.jpg,0.256,54.733746130031,29.184,82.4055727554179,train
001970.jpg,35.584,16.512,91.648,106.88,bottle
000742.jpg,100.096,53.8224852071006,105.472,63.7455621301775,boat
000742.jpg,87.296,55.3491124260355,90.112,63.7455621301775,boat
000742.jpg,0.256,57.8934911242604,79.616,106.236686390533,boat
000742.jpg,54.272,46.189349112426,75.776,85.3727810650888,person
005676.jpg,34.304,24.192,99.328,88.96,pottedplant
008988.jpg,0.512,40.32,96,100.224,train
007538.jpg,34.304,49.792,70.144,102.272,chair
008462.jpg,85.248,79.488,117.248,112,chair
008462.jpg,40.192,68.224,61.44,96.64,chair
008462.jpg,30.208,65.92,48.384,90.24,chair
008462.jpg,20.224,62.336,35.328,84.608,chair
008462.jpg,14.592,60.8,27.648,78.72,chair
008462.jpg,3.072,58.752,17.664,75.648,chair
008462.jpg,0.256,57.728,9.728,72.576,chair
008462.jpg,9.472,49.536,12.8,56.192,tvmonitor
008462.jpg,12.288,49.792,15.616,57.216,tvmonitor
008462.jpg,15.616,50.048,22.272,57.472,tvmonitor
008462.jpg,22.016,50.304,27.392,58.752,tvmonitor
008462.jpg,25.6,50.56,33.024,60.032,tvmonitor
008462.jpg,32,51.328,43.008,61.824,tvmonitor
008462.jpg,44.544,51.84,55.808,63.872,tvmonitor
008462.jpg,55.04,53.632,69.888,66.944,tvmonitor
008462.jpg,76.032,55.424,94.464,73.088,tvmonitor
008462.jpg,100.352,57.728,126.208,78.72,tvmonitor
005963.jpg,64.512,55.68,98.56,98.432,chair
005963.jpg,83.712,61.568,128,112,chair
005963.jpg,33.536,86.4,99.072,112,chair
005963.jpg,0.256,88.704,35.328,112,chair
000459.jpg,29.952,27.8622754491018,74.24,50.5119760479042,chair
000459.jpg,6.656,43.3862275449102,128,105.991017964072,diningtable
001152.jpg,14.8571428571429,16.5714285714286,128,112,bus
001152.jpg,57.1428571428571,48.2857142857143,77.7142857142857,112,person
001152.jpg,21.4285714285714,57.7142857142857,41.7142857142857,112,person
001152.jpg,88,63.1428571428572,102.571428571429,78.8571428571429,person
002015.jpg,2.048,38.784,31.744,95.36,pottedplant
002015.jpg,15.36,22.4,64.512,90.752,pottedplant
002015.jpg,35.072,39.552,71.936,106.112,pottedplant
002015.jpg,79.616,16.768,128,100.736,pottedplant
002015.jpg,63.232,16.768,101.12,91.264,pottedplant
009155.jpg,36.608,25.8983957219251,86.272,63.4919786096257,tvmonitor
008771.jpg,15.872,47.8880597014925,110.848,73.0074626865672,bus
008771.jpg,116.224,61.3358208955224,119.04,71.2313432835821,person
008771.jpg,9.216,61.3358208955224,11.776,74.0223880597015,person
008771.jpg,5.632,59.5597014925373,8.192,70.4701492537313,person
001175.jpg,30.464,55.168,93.952,100.224,person
001175.jpg,40.192,59.264,65.536,74.88,person
001175.jpg,92.16,45.184,114.944,63.872,tvmonitor
004863.jpg,15.616,31.616,107.776,88.192,car
006181.jpg,6.656,32.896,124.416,97.664,bird
000190.jpg,109.056,66.432,128,85.888,bus
000190.jpg,60.16,71.296,82.688,82.048,bus
000190.jpg,36.096,70.272,43.264,86.656,bus
000190.jpg,13.056,69.76,38.912,94.848,bus
000190.jpg,0.256,69.504,14.08,96.128,bus
000190.jpg,80.384,77.696,83.2,84.864,person
000190.jpg,71.168,77.952,72.704,84.608,person
000190.jpg,69.888,78.72,71.168,81.792,person
000190.jpg,65.536,77.952,67.84,85.12,person
000190.jpg,63.232,78.464,65.536,84.608,person
000190.jpg,52.736,78.72,54.784,85.12,person
000190.jpg,47.872,78.208,50.176,86.912,person
000190.jpg,45.568,78.72,47.36,85.888,person
009245.jpg,4.352,40.576,73.728,100.48,cow
009245.jpg,67.84,54.4,119.552,79.488,cow
009678.jpg,12.544,48.4177897574124,120.832,105.172506738544,bus
003939.jpg,28.416,60.969696969697,88.832,89,horse
003939.jpg,70.656,58.949494949495,117.504,88.7474747474747,horse
003939.jpg,3.072,70.0606060606061,36.608,89,horse
003939.jpg,70.4,50.3636363636364,93.952,68.5454545454545,person
003939.jpg,42.752,52.1313131313131,66.816,83.4444444444445,person
003939.jpg,33.28,53.3939393939394,53.248,71.5757575757576,person
007526.jpg,66.5301204819277,31.488,73.8674698795181,39.936,person
007526.jpg,43.7590361445783,40.96,97.9036144578313,105.472,horse
000729.jpg,18.56,1.536,111.232,127.488,pottedplant
003758.jpg,8.448,30.1786786786787,64.768,105.734234234234,pottedplant
003758.jpg,21.248,22.0105105105105,125.184,106.5,pottedplant
005006.jpg,68.992,100.352,90.496,115.968,bird
001837.jpg,24.192,47.872,29.824,58.624,person
001837.jpg,100.992,50.944,112,84.48,person
001837.jpg,32.384,49.408,79.488,124.672,person
001837.jpg,88.704,92.16,111.744,128,chair
001837.jpg,28.544,77.056,82.816,128,chair
008691.jpg,0.256,57.1287425149701,116.224,75.7065868263473,train
007193.jpg,33.664,31.232,112,128,sofa
007219.jpg,50.048,47.36,75.136,69.888,tvmonitor
007219.jpg,16.256,86.784,73.344,128,chair
005819.jpg,89.088,58.752,122.624,82.56,cat
005819.jpg,13.312,45.184,61.952,86.912,cat
009460.jpg,0.768,28.544,96.512,111.488,person
009460.jpg,90.112,85.888,128,112,person
004715.jpg,51.712,48.512,84.736,111.744,person
004715.jpg,40.704,42.368,78.08,112,person
009618.jpg,46.848,74.88,78.08,95.616,bicycle
009618.jpg,100.096,85.888,128,98.176,bicycle
009618.jpg,48.896,59.52,64.256,95.104,person
000381.jpg,17.536,47.104,112,128,diningtable
000381.jpg,36.224,40.192,52.864,68.096,chair
000381.jpg,16.256,50.944,36.48,90.368,chair
000381.jpg,16.256,97.792,44.416,127.744,chair
000381.jpg,55.68,2.048,60.544,9.472,bottle
005097.jpg,29.184,25.216,117.504,106.368,dog
005097.jpg,0.256,16.256,96,71.296,sofa
005097.jpg,49.664,16.256,117.76,78.72,person
005097.jpg,2.048,16.256,57.088,82.816,person
001409.jpg,57.856,40.3888888888889,118.784,82.7612612612613,car
001409.jpg,76.288,45.2387387387387,83.2,52.6411411411411,person
001409.jpg,89.088,44.9834834834835,101.12,52.8963963963964,person
002368.jpg,31.9654654654655,57.344,40.6441441441441,70.912,sofa
002368.jpg,93.9924924924925,80.896,106.5,128,sofa
002368.jpg,30.1786786786787,68.864,50.0885885885886,99.072,chair
002368.jpg,68.2117117117117,70.144,90.9294294294294,100.096,chair
002368.jpg,55.9594594594595,67.328,86.8453453453454,103.168,diningtable
008443.jpg,52.736,40.3848167539267,100.608,94.217277486911,bird
000184.jpg,73.984,43.136,86.528,65.152,boat
000184.jpg,96,52.864,103.168,64.128,boat
000184.jpg,117.248,55.424,122.88,64.64,boat
000184.jpg,0.512,16.256,79.872,112,boat
003090.jpg,20.224,49.5884057971014,77.056,72.5449275362319,train
009794.jpg,16.755376344086,3.584,99.241935483871,128,cat
009842.jpg,99.072,16.256,128,63.872,sheep
009842.jpg,46.08,16.256,102.656,100.992,sheep
005094.jpg,0.256,50.56,71.936,73.856,train
005094.jpg,76.288,58.752,114.688,84.608,horse
005094.jpg,75.008,64.128,94.72,85.12,horse
003806.jpg,109.056,49.7021276595745,128,70.1276595744681,car
003806.jpg,21.76,34.8936170212766,110.848,94.6382978723404,car
001284.jpg,34.56,47.488,60.16,112,person
001284.jpg,60.928,45.44,96.256,93.824,person
001284.jpg,70.656,45.952,109.056,108.16,person
001284.jpg,77.056,45.184,128,112,person
001284.jpg,0.256,45.184,32.256,112,person
001284.jpg,107.264,39.04,114.688,51.584,person
002347.jpg,73.472,80.256,88.064,101.504,pottedplant
002347.jpg,42.24,80.768,61.696,99.968,pottedplant
002347.jpg,18.432,80.768,33.536,95.872,pottedplant
003786.jpg,43.776,70.1903914590747,73.472,97.4786476868328,bus
005510.jpg,0.768,28.8262195121951,127.488,105.5,sofa
008387.jpg,58.624,33.664,68.096,45.952,bus
008387.jpg,65.536,16.512,128,111.232,bus
008387.jpg,101.12,54.4,119.04,112,person
008387.jpg,78.08,59.264,110.336,112,person
008387.jpg,59.392,54.144,82.432,108.416,person
008387.jpg,38.912,76.928,84.48,112,person
008387.jpg,7.424,71.04,41.984,112,person
008387.jpg,71.424,50.304,78.08,58.752,person
008387.jpg,69.888,55.168,79.616,67.968,person
008387.jpg,28.16,45.44,34.56,55.68,person
001293.jpg,0.768,5.05691056910569,115.456,126.24593495935,dog
007869.jpg,9.728,41.2289156626506,94.464,106,bird
004015.jpg,18.688,21.888,77.312,112,dog
001638.jpg,47.872,42.6861861861862,86.272,81.7402402402403,aeroplane
002833.jpg,16.128,31.9654654654655,127.488,105.734234234234,car
008756.jpg,53.76,46.976,73.984,60.544,cat
009295.jpg,75.776,25.984,112.64,102.272,person
009295.jpg,11.008,42.624,78.592,112,bicycle
009295.jpg,67.328,16.256,128,68.736,tvmonitor
002533.jpg,9.472,26.496,110.336,107.136,car
002533.jpg,77.056,46.976,128,85.376,car
002533.jpg,106.496,32.384,128,91.008,person
002117.jpg,49.024,0.768,84.864,24.32,tvmonitor
002117.jpg,36.224,71.936,67.712,115.456,dog
002117.jpg,33.664,21.248,73.344,82.176,person
002117.jpg,43.136,32.768,80,76.032,dog
002117.jpg,87.68,19.2,112,104.448,person
002117.jpg,16.256,58.368,45.184,112.384,person
005713.jpg,35.072,91.9940119760479,49.664,101.155688622755,boat
005713.jpg,62.72,90.9760479041916,71.936,102.428143712575,boat
005713.jpg,71.68,90.9760479041916,85.504,102.428143712575,boat
005713.jpg,94.976,95.811377245509,109.056,101.410179640719,boat
005713.jpg,110.848,92.248502994012,128,102.428143712575,boat
006088.jpg,0.256,74.88,44.544,112,chair
006088.jpg,103.936,62.848,128,102.272,chair
006088.jpg,23.296,66.944,87.552,100.992,sofa
006088.jpg,62.976,57.472,79.36,68.736,sofa
006088.jpg,87.296,57.472,105.984,70.272,sofa
006088.jpg,104.448,54.144,118.272,74.368,pottedplant
003960.jpg,9.728,66.176,68.096,110.464,horse
003960.jpg,49.92,72.832,90.368,111.232,horse
003960.jpg,36.608,56.192,52.224,79.488,person
003960.jpg,54.528,58.496,71.68,92.8,person
003960.jpg,29.952,80,52.48,112,person
003960.jpg,110.592,82.304,128,112,person
005584.jpg,85.504,65.152,124.928,97.664,car
002744.jpg,57.088,52.5714285714286,124.928,112,person
002744.jpg,0.256,20.5714285714286,48.128,112,person
008775.jpg,45.568,60.5540540540541,76.8,90.4189189189189,person
008775.jpg,64.512,37.0705705705706,109.056,87.8663663663664,person
008775.jpg,2.048,21.7552552552553,16.384,47.536036036036,person
008775.jpg,14.848,21.7552552552553,24.832,45.7492492492492,person
008775.jpg,23.296,21.7552552552553,38.912,46.0045045045045,person
008775.jpg,41.216,21.7552552552553,52.48,47.7912912912913,person
008775.jpg,50.944,21.7552552552553,62.72,46.2597597597598,person
008775.jpg,56.32,21.7552552552553,71.168,48.8123123123123,person
008775.jpg,91.648,21.7552552552553,102.912,48.8123123123123,person
008775.jpg,102.144,21.7552552552553,115.2,49.3228228228228,person
008775.jpg,113.92,21.7552552552553,126.208,48.8123123123123,person
008775.jpg,70.656,21.7552552552553,84.992,39.6231231231231,person
005951.jpg,47.36,31.872,127.488,93.056,motorbike
005951.jpg,84.224,25.216,119.808,85.632,person
003047.jpg,98.048,36.3713527851459,111.104,64.1273209549072,bicycle
003047.jpg,70.912,38.1538461538461,93.696,60.053050397878,bicycle
003047.jpg,48.64,36.3713527851459,67.072,56.9973474801061,bicycle
000492.jpg,84.224,80.768,115.2,112,chair
000492.jpg,86.528,74.112,106.496,102.528,chair
000492.jpg,3.072,89.472,58.368,112,chair
000492.jpg,6.656,74.624,89.088,112,diningtable
005625.jpg,16.64,28.8,128,112,bird
006381.jpg,62.976,80.256,67.84,91.52,bottle
006381.jpg,1.28,69.504,32,112,person
006381.jpg,82.688,66.688,111.36,109.44,person
006381.jpg,68.352,63.36,90.368,90.24,person
006381.jpg,64,48.256,73.984,58.752,person
006381.jpg,0.768,57.728,14.336,94.08,person
006381.jpg,20.992,55.68,40.192,91.52,person
006381.jpg,32.512,50.56,52.992,86.656,person
006381.jpg,52.224,49.28,58.112,59.776,person
006381.jpg,55.552,49.792,66.56,75.904,person
006381.jpg,78.336,48.256,86.272,60.032,person
006381.jpg,88.832,51.584,92.928,61.056,person
006381.jpg,19.712,84.096,107.52,112,diningtable
006381.jpg,62.464,58.752,92.672,72.064,diningtable
006381.jpg,100.864,80.768,125.184,107.648,chair
006381.jpg,53.76,59.52,68.096,76.928,chair
006381.jpg,82.432,60.8,92.416,73.344,chair
004574.jpg,35.751497005988,64,73.1616766467066,115.2,chair
004574.jpg,35.751497005988,32,73.9251497005988,84.48,person
002689.jpg,50.944,21.376,86.016,104.064,person
002763.jpg,16.64,45.952,105.216,104.832,cow
005045.jpg,1.28,36.992,71.936,111.488,person
005045.jpg,70.912,36.992,128,111.488,person
002329.jpg,20.48,59.52,87.04,111.744,horse
002329.jpg,74.496,55.424,121.6,112,horse
002329.jpg,22.272,34.688,57.088,105.856,person
002329.jpg,63.232,32.896,88.576,69.248,person
006878.jpg,67.072,70.016,128,98.432,sofa
006878.jpg,0.256,68.224,75.776,112,sofa
005111.jpg,18.2602179836512,0.256,109.993188010899,128,person
008475.jpg,108.544,39.552,123.392,68.48,person
008475.jpg,62.976,48,78.08,57.472,cow
008475.jpg,39.936,46.72,59.136,57.216,cow
008475.jpg,33.28,53.888,55.552,61.312,cow
008475.jpg,3.84,58.24,16.64,65.664,cow
008475.jpg,35.584,65.92,98.048,105.856,cow
008475.jpg,4.864,84.096,62.976,112,cow
008475.jpg,99.328,67.968,128,112,cow
008475.jpg,0.768,61.824,36.352,95.872,cow
008475.jpg,37.12,95.872,97.28,112,cow
008475.jpg,75.776,55.68,115.712,75.904,cow
008475.jpg,67.584,60.544,84.224,69.504,cow
001206.jpg,70.144,16.256,109.824,89.728,person
001206.jpg,44.032,52.096,60.416,99.456,dog
001810.jpg,66.816,59.52,93.184,84.608,tvmonitor
001810.jpg,0.256,29.056,60.416,112,person
003575.jpg,86.016,52.864,128,96.128,sofa
003575.jpg,5.12,54.656,68.096,112,person
003575.jpg,49.92,51.84,81.92,83.584,person
003575.jpg,90.88,45.952,124.672,88.192,person
003575.jpg,5.632,53.376,88.064,109.184,sofa
000250.jpg,0.256,59.52,121.344,112,diningtable
000250.jpg,24.832,47.744,38.4,92.032,bottle
008150.jpg,84.736,66.9354354354354,91.648,71.7852852852853,sheep
008150.jpg,76.032,67.4459459459459,80.896,71.2747747747748,sheep
008150.jpg,68.096,68.2117117117117,72.704,72.551051051051,sheep
008150.jpg,46.848,68.466966966967,51.968,72.8063063063063,sheep
008150.jpg,57.856,68.7222222222222,64,72.8063063063063,sheep
008150.jpg,35.072,68.2117117117117,40.192,71.53003003003,sheep
008057.jpg,15.616,51.8753753753754,96.768,78.6771771771772,car
009540.jpg,8.192,48.8123123123123,61.696,99.6081081081081,motorbike
009540.jpg,60.928,55.7042042042042,93.44,96.8003003003003,motorbike
000046.jpg,75.3855421686747,59.904,102.204819277108,93.696,bird
006124.jpg,7.936,42.368,115.712,93.568,car
007795.jpg,1.792,43.648,39.168,111.744,person
007795.jpg,27.392,46.208,52.992,94.08,person
007795.jpg,41.728,47.232,57.344,94.592,person
007795.jpg,75.52,54.656,91.904,84.864,person
007795.jpg,85.504,54.912,104.448,87.424,person
007795.jpg,103.424,55.424,124.16,98.432,person
007795.jpg,66.048,77.952,77.824,95.36,pottedplant
007795.jpg,58.624,58.752,72.704,75.904,chair
007795.jpg,67.584,53.376,72.96,61.312,pottedplant
007795.jpg,60.672,41.088,70.4,60.544,pottedplant
006679.jpg,83.712,45.952,124.928,100.736,sheep
006679.jpg,7.936,38.528,48.384,97.152,sheep
006679.jpg,41.984,23.424,85.504,95.104,sheep
002938.jpg,11.776,58.5077881619938,66.304,89.417445482866,bird
008879.jpg,32.512,33.152,96,112,person
008879.jpg,38.656,57.216,79.36,111.744,person
008879.jpg,0.768,48,100.096,111.488,sofa
002571.jpg,0.256,22.7762762762763,80.896,106.5,bird
008718.jpg,95.488,49.28,114.944,107.904,person
008718.jpg,90.88,56.704,95.744,66.944,person
008718.jpg,83.968,57.728,89.344,69.504,person
008718.jpg,0.256,17.024,89.088,112,train
003285.jpg,6.912,58.3149466192171,49.408,93.94128113879,car
003285.jpg,59.136,61.5996441281139,84.48,69.432384341637,car
003285.jpg,63.744,63.3683274021352,109.056,76.2544483985765,car
005318.jpg,27.904,25.472,107.776,90.496,car
001311.jpg,119.04,49.9075235109718,125.44,65.6504702194357,bicycle
001311.jpg,110.592,53.4623824451411,119.04,70.7288401253919,bicycle
001311.jpg,85.504,56.0015673981191,97.28,79.3620689655172,bicycle
001311.jpg,45.312,71.2366771159875,77.824,104.5,bicycle
001311.jpg,3.072,64.3808777429467,46.336,104.5,bicycle
001311.jpg,118.528,40.512539184953,126.72,62.6034482758621,person
001311.jpg,110.336,42.5438871473354,119.808,66.9200626959248,person
001311.jpg,85.248,43.5595611285267,99.072,74.5376175548589,person
001311.jpg,47.872,50.4153605015674,74.496,97.8981191222571,person
001311.jpg,6.912,38.9890282131661,41.728,94.5971786833856,person
002461.jpg,41.984,28.544,81.92,85.12,cat
002461.jpg,0.256,16.512,61.696,84.096,sofa
009749.jpg,70.2411924119241,73.984,92.1490514905149,114.176,bird
009749.jpg,21.3306233062331,12.8,52.6639566395664,54.016,bird
001281.jpg,43.264,52.3858858858859,100.864,81.2297297297297,car
001281.jpg,63.232,58.2567567567568,69.376,64.1276276276276,person
008189.jpg,80.64,55.68,120.832,85.12,cow
008189.jpg,0.256,53.632,34.56,88.704,cow
000007.jpg,36.096,34.2627627627628,128,105.734234234234,car
008403.jpg,58.7825651302605,4.352,127.5,98.56,cat
003027.jpg,34.9333333333333,46.5660377358491,92,76.4150943396226,car
003027.jpg,36.8,46.5660377358491,105.866666666667,98.3396226415094,horse
003027.jpg,48.5333333333333,37.0566037735849,66.9333333333333,73.7735849056604,person
007258.jpg,1.95419847328244,42.0243902439024,126.371501272265,89.2073170731707,sofa
004113.jpg,43.776,16.512,124.672,111.232,dog
009852.jpg,39.168,46.976,123.392,112,cat
007292.jpg,0.256,34.944,128,100.48,aeroplane
007292.jpg,122.624,95.36,127.744,103.296,person
002827.jpg,70.144,38.2416918429003,128,103.716012084592,person
002827.jpg,10.496,38.2416918429003,72.448,100.924471299094,person
002827.jpg,0.256,46.1087613293051,8.704,73.0090634441088,person
002827.jpg,15.616,50.6767371601209,24.832,58.797583081571,person
008033.jpg,0.256,19.2556818181818,109.824,91.6136363636364,train
008033.jpg,57.088,35.1079545454545,76.288,75.5056818181818,person
002525.jpg,0.256,75.904,118.016,111.232,train
005669.jpg,65.024,60.0435435435435,87.296,73.0615615615616,car
005669.jpg,104.704,55.9594594594595,128,72.2957957957958,bus
005669.jpg,40.96,43.7072072072072,49.664,77.6561561561562,person
005669.jpg,0.256,21.7552552552553,39.424,106.244744744745,person
004264.jpg,36.608,31.616,83.2,94.848,dog
006430.jpg,70.144,57.728,75.008,73.344,bird
002196.jpg,17.024,0.512,112,128,cat
007256.jpg,83.2,64.64,107.008,89.984,bicycle
007256.jpg,92.16,49.536,113.408,92.8,person
007256.jpg,25.6,36.224,43.52,88.704,person
000550.jpg,26.112,70.528,121.088,112,diningtable
000550.jpg,97.28,46.208,113.408,60.544,chair
000550.jpg,82.944,56.96,105.728,72.576,chair
000550.jpg,38.4,48.768,59.648,74.624,chair
000550.jpg,23.808,60.032,43.776,89.728,chair
000550.jpg,4.608,92.288,64.512,112,chair
000550.jpg,119.808,84.608,128,112,chair
001717.jpg,0.256,40.7995049504951,14.848,55.5866336633663,tvmonitor
001717.jpg,94.976,53.2920792079208,121.856,115.5,person
001717.jpg,58.112,37.740099009901,93.44,115.5,person
001717.jpg,37.376,65.2747524752475,67.328,105.811881188119,chair
003430.jpg,38.4,48.768,90.88,98.944,dog
008226.jpg,20.992,16.256,54.784,58.24,bird
000592.jpg,87.296,86.656,110.848,112,chair
000592.jpg,112.896,84.096,128,98.432,chair
000592.jpg,112.384,92.288,128,112,chair
000592.jpg,50.176,60.288,98.304,90.24,sofa
000592.jpg,71.168,74.368,121.6,108.672,sofa
000592.jpg,33.024,54.656,51.968,71.808,pottedplant
000592.jpg,70.656,54.144,81.92,61.312,tvmonitor
000592.jpg,1.28,80.512,39.68,112,sofa
000592.jpg,23.04,85.888,28.416,112,chair
000592.jpg,13.312,92.8,27.136,112,chair
000222.jpg,45.568,71.296,77.568,99.456,diningtable
000222.jpg,64,76.672,92.672,112,person
000222.jpg,29.184,76.416,58.112,112,person
000222.jpg,56.576,73.088,60.16,84.096,bottle
000222.jpg,59.904,70.528,62.72,81.536,bottle
000222.jpg,87.296,54.144,96.256,71.296,person
000222.jpg,40.448,64.896,47.36,72.576,person
000222.jpg,40.704,61.312,52.736,74.88,person
000222.jpg,64.512,61.568,79.616,74.368,person
000222.jpg,74.496,65.408,84.992,77.696,person
000222.jpg,81.408,69.504,95.488,100.48,person
000222.jpg,25.6,68.736,43.52,103.552,person
000222.jpg,113.664,88.448,128,112,person
000222.jpg,93.696,78.208,100.864,112,chair
000222.jpg,93.952,71.552,99.84,84.864,chair
004742.jpg,0.512,70.528,128,112,diningtable
004742.jpg,107.52,68.992,120.576,106.624,bottle
004742.jpg,62.72,71.296,70.144,94.848,bottle
004742.jpg,61.184,64.128,70.912,91.008,bottle
004742.jpg,76.032,62.336,85.504,86.656,bottle
004742.jpg,34.816,61.056,49.152,68.992,bottle
004742.jpg,70.656,27.008,88.064,43.392,pottedplant
004742.jpg,113.664,56.192,128,72.32,chair
004742.jpg,86.784,44.672,128,80,person
004742.jpg,68.096,42.112,96.256,76.928,person
004742.jpg,29.184,37.76,66.816,73.344,person
004742.jpg,1.536,42.624,28.16,74.88,person
004966.jpg,34.56,55.5981595092025,82.432,92.7699386503067,bird
003293.jpg,22.0105105105105,22.016,106.5,128,dog
001604.jpg,0.256,45.44,11.52,63.616,car
001604.jpg,2.048,43.392,59.904,74.88,car
001604.jpg,28.16,48.256,74.496,83.584,car
001604.jpg,62.72,38.528,128,103.04,car
009896.jpg,35.584,50.304,95.232,98.688,cat
003566.jpg,73.088,74.496,78.208,86.528,bottle
003566.jpg,44.928,34.048,74.112,87.04,person
001834.jpg,11.776,31.4251497005988,116.736,98.8652694610778,diningtable
003704.jpg,56.32,31.872,117.248,104.832,bird
008976.jpg,66.048,46.208,87.296,80,cat
008976.jpg,0.512,44.416,128,112,sofa
006840.jpg,14.848,26.3498498498498,94.208,106.5,person
006840.jpg,4.864,61.8303303303303,41.728,106.5,person
006840.jpg,0.256,53.6621621621622,20.992,89.6531531531532,person
000391.jpg,14.592,17.5065502183406,119.04,122.5,pottedplant
003247.jpg,66.816,19.584,97.28,100.992,person
003247.jpg,40.448,23.424,67.84,101.76,person
003247.jpg,89.088,52.352,93.44,61.568,bottle
003247.jpg,87.04,53.376,89.6,62.336,bottle
003247.jpg,95.744,53.632,98.816,61.312,bottle
003247.jpg,21.76,57.728,24.832,64.384,bottle
003247.jpg,39.68,56.704,42.496,63.616,bottle
004651.jpg,39.168,55.424,55.296,83.072,boat
009746.jpg,17.664,57.472,75.008,112,chair
009746.jpg,47.616,40.832,70.912,65.664,tvmonitor
009746.jpg,83.2,54.144,91.904,61.312,tvmonitor
005852.jpg,80.463963963964,52.736,102.415915915916,70.912,tvmonitor
005852.jpg,97.5660660660661,46.592,106.5,66.816,tvmonitor
005852.jpg,54.4279279279279,56.32,103.181681681682,121.6,person
008101.jpg,57.344,49.4269972451791,84.992,60.5785123966942,aeroplane
008101.jpg,54.784,41.5702479338843,85.504,51.961432506887,aeroplane
002083.jpg,41.984,48.512,80.896,72.576,train
002508.jpg,17.152,34.7732732732733,113.664,96.2897897897898,bicycle
001101.jpg,36.608,37.0705705705706,57.6,75.3588588588589,person
001101.jpg,0.512,28.6471471471471,55.552,106.244744744745,person
001101.jpg,78.336,41.6651651651652,102.656,100.884384384384,person
001101.jpg,94.72,42.4309309309309,126.976,105.734234234234,person
001101.jpg,84.224,67.7012012012012,128,106.5,motorbike
003330.jpg,68.608,46.0045045045045,96,84.5480480480481,bird
003330.jpg,42.496,39.3678678678679,60.928,58.7672672672673,bird
002595.jpg,17.408,45.44,113.152,75.904,car
002595.jpg,76.032,49.536,84.48,56.704,person
002595.jpg,117.76,28.8,123.392,53.376,person
002595.jpg,115.456,29.056,119.04,36.992,person
002595.jpg,107.264,31.104,112.384,53.12,person
002595.jpg,101.888,30.848,107.776,52.864,person
002595.jpg,108.544,31.36,120.32,66.688,person
002595.jpg,86.272,28.288,99.072,50.56,person
002595.jpg,72.192,32.384,87.552,46.976,person
002595.jpg,68.352,33.92,75.52,45.44,person
002595.jpg,59.136,31.616,68.864,46.976,person
002595.jpg,50.688,32.384,57.344,51.84,person
002595.jpg,36.608,31.104,46.592,54.144,person
002595.jpg,31.232,33.152,39.168,54.656,person
002595.jpg,12.032,31.36,22.016,60.544,person
002595.jpg,4.864,33.664,14.848,62.848,person
002595.jpg,0.512,32.64,4.096,62.336,person
004532.jpg,0.256,34.7887700534759,127.232,95.2433155080214,boat
005418.jpg,55.296,40.832,110.592,95.872,cow
006862.jpg,29.44,19.84,83.968,112,horse
006862.jpg,65.024,61.312,74.496,72.576,horse
006862.jpg,93.184,59.776,99.072,80.512,person
006862.jpg,88.064,59.264,94.976,74.112,person
006862.jpg,76.288,60.8,85.504,105.344,person
006862.jpg,56.832,68.48,64.512,88.704,person
006862.jpg,2.048,53.376,17.408,101.248,person
001199.jpg,78.08,81.024,128,112,motorbike
001199.jpg,22.016,61.312,101.12,112,motorbike
001082.jpg,54.272,55.168,88.832,94.336,cat
001082.jpg,34.56,16.256,78.336,40.832,pottedplant
009734.jpg,30.72,40.832,90.368,83.328,bus
009734.jpg,119.296,54.144,128,73.088,bus
009734.jpg,96.256,58.496,101.888,64.896,bus
009734.jpg,101.12,62.336,117.248,99.456,person
009019.jpg,10.24,55.4489489489489,115.2,83.7822822822823,dog
009019.jpg,0.768,36.0495495495496,128,106.5,sofa
003129.jpg,80.128,89.728,128,112,chair
003129.jpg,71.936,74.368,95.488,84.608,chair
003129.jpg,67.328,70.272,82.176,80.768,chair
003129.jpg,0.256,32.128,83.968,111.744,person
003129.jpg,92.672,61.312,128,90.496,person
003129.jpg,112.896,47.232,128,79.232,person
003129.jpg,90.624,57.728,105.216,81.536,person
003129.jpg,81.408,59.264,92.928,72.32,person
003129.jpg,64.768,57.728,82.944,75.904,person
003129.jpg,0.256,52.864,4.864,78.72,person
003129.jpg,24.32,59.264,29.184,70.784,person
003129.jpg,18.432,59.008,22.528,72.064,person
003129.jpg,13.568,59.52,18.176,72.064,person
002667.jpg,1.28,40.8993993993994,128,106.5,car
007008.jpg,2.23906705539359,15.9586206896552,120.536443148688,113.531034482759,cow
007008.jpg,74.6355685131195,50.9655172413793,122.775510204082,114.648275862069,cow
007682.jpg,39.552,8.96,111.232,99.072,cat
002835.jpg,8.96,66.0294117647059,93.696,81.25,train
003754.jpg,63.744,98.2843137254902,77.056,107.970588235294,horse
003024.jpg,1.28,55.8461538461538,38.4,79.0336538461538,sofa
003024.jpg,32.768,37.7548076923077,51.456,67.3125,pottedplant
003024.jpg,54.272,45.6538461538462,65.536,63.4903846153846,pottedplant
003024.jpg,68.352,56.8653846153846,74.496,66.5480769230769,tvmonitor
003024.jpg,68.608,53.5528846153846,71.424,58.1394230769231,tvmonitor
003024.jpg,81.664,58.6490384615385,89.856,70.8798076923077,chair
003024.jpg,57.088,45.3990384615385,65.536,53.8076923076923,pottedplant
003024.jpg,115.968,61.9615384615385,128,82.6009615384615,bicycle
003024.jpg,74.496,56.3557692307692,83.456,67.8221153846154,person
002364.jpg,43.264,49.5744680851064,101.632,92.468085106383,dog
005078.jpg,19.2,19.328,128,112,cat
002260.jpg,27.392,37.5272727272727,114.432,95.0545454545454,motorbike
007543.jpg,54.528,60.032,73.728,97.92,bicycle
007543.jpg,83.968,60.032,106.752,94.848,bicycle
007543.jpg,15.616,53.12,51.712,95.36,bicycle
007543.jpg,55.296,42.368,75.52,90.24,person
007543.jpg,80.64,43.392,104.96,88.96,person
001361.jpg,11.264,30.4339339339339,108.032,106.5,bird
009463.jpg,0.256,65.9144144144144,35.584,105.734234234234,cow
009463.jpg,72.704,88.3768768768769,78.592,93.9924924924925,cow
009463.jpg,41.984,84.0375375375375,43.776,86.0795795795796,cow
005609.jpg,3.84,22.420365535248,123.392,95.6005221932115,car
005609.jpg,80.128,15.7676240208877,128,52.6135770234987,car
005609.jpg,40.96,16.2793733681462,82.688,40.5874673629243,car
005609.jpg,76.544,15.5117493472585,116.224,29.3289817232376,car
005609.jpg,15.616,15.7676240208877,34.816,27.0261096605744,car
005609.jpg,0.256,22.420365535248,17.92,51.5900783289817,car
002444.jpg,78.08,41.088,95.232,60.544,person
002444.jpg,63.744,47.488,73.216,59.264,person
002444.jpg,31.488,85.632,41.984,112,bottle
002444.jpg,0.512,86.144,7.936,111.232,bottle
008568.jpg,58.368,38.784,128,88.704,boat
008568.jpg,4.352,46.976,75.776,88.448,boat
004035.jpg,18.944,54.144,52.736,83.072,cat
004035.jpg,59.136,19.84,100.864,92.032,dog
001509.jpg,59.3015873015873,71.424,69.4603174603175,93.696,person
001532.jpg,31.3764705882353,64,53.7882352941177,74.5,car
001532.jpg,55.88,68.8,69.3270588235294,75.1,car
001532.jpg,49.6047058823529,62.5,69.9247058823529,74.2,bus
001532.jpg,79.1882352941177,58.6,97.7152941176471,77.8,bus
001532.jpg,67.2352941176471,63.4,78.2917647058824,77.8,motorbike
001532.jpg,88.1529411764706,68.2,93.5317647058823,77.5,motorbike
001532.jpg,105.783529411765,70.9,109.967058823529,78.7,motorbike
001532.jpg,67.5341176470588,52,78.2917647058824,71.8,person
001532.jpg,88.4517647058824,60.7,94.7270588235294,74.5,person
001532.jpg,104.887058823529,63.7,110.863529411765,76.6,person
006956.jpg,35.072,49.792,75.776,79.488,pottedplant
006956.jpg,84.736,26.24,128,100.48,person
006956.jpg,4.864,77.696,54.272,112,person
006956.jpg,31.744,62.848,55.04,109.44,person
001137.jpg,44.544,51.3648648648649,69.632,106.5,person
001137.jpg,61.952,40.3888888888889,88.832,106.5,person
007122.jpg,57.6,36.224,128,112,person
007122.jpg,0.768,32.384,64.512,112,person
009546.jpg,16.256,55.04,110.72,125.952,sofa
009546.jpg,56.448,50.176,108.928,115.2,person
009546.jpg,24.192,44.288,37.76,55.808,person
005419.jpg,49.4516129032258,29.6,85.6903225806452,111.733333333333,horse
005419.jpg,45.4838709677419,19.7333333333333,86.4838709677419,69.8666666666667,person
005637.jpg,15.872,45.0240963855422,33.792,82.7228915662651,bird
005637.jpg,58.112,52.8674698795181,80.384,91.3253012048193,bird
005637.jpg,90.112,46.5421686746988,114.432,79.6867469879518,bird
005260.jpg,57.088,48.5531914893617,84.736,82.2553191489362,person
005260.jpg,8.96,48.0425531914894,43.776,82.7659574468085,person
005260.jpg,43.776,57.2340425531915,83.2,83.531914893617,motorbike
005260.jpg,4.096,56.468085106383,42.752,86.8510638297872,motorbike
006666.jpg,18.048,24.832,112,128,person
006666.jpg,18.048,39.424,101.504,111.104,person
009886.jpg,22.272,33.152,101.12,94.08,cat
002559.jpg,26.368,32.384,115.968,91.008,car
002559.jpg,0.256,45.44,12.288,62.848,chair
002559.jpg,39.936,16.256,72.704,43.392,pottedplant
001934.jpg,14.1987577639752,28.2353951890034,94.2639751552795,110.039518900344,cat
008281.jpg,16.256,14.08,79.232,128,person
008281.jpg,55.424,9.472,112,127.488,person
006512.jpg,22.016,32.896,106.24,112,cat
005782.jpg,13.824,45.2387387387387,105.216,79.1876876876877,car
009239.jpg,90.112,40.1336336336336,128,106.5,person
009239.jpg,32.768,49.3228228228228,54.528,80.463963963964,person
009239.jpg,0.256,26.0945945945946,30.72,106.244744744745,person
009422.jpg,0.512,22.0089820359281,123.136,104.209580838323,bird
009870.jpg,69.632,38.4117647058823,119.296,94.7058823529412,dog
009870.jpg,6.656,31.5029411764706,80.64,91.1235294117647,dog
008060.jpg,1.28,48.256,128,106.112,car
009123.jpg,5.888,60.032,90.112,112,diningtable
009123.jpg,69.12,76.416,113.408,112,chair
009123.jpg,104.448,71.04,125.44,111.488,chair
009123.jpg,12.032,94.592,44.8,107.904,chair
009123.jpg,55.296,40.576,76.544,65.152,pottedplant
009123.jpg,77.824,42.624,126.208,94.592,person
009123.jpg,83.456,42.112,109.056,77.696,person
009123.jpg,68.096,41.6,85.248,61.312,person
009123.jpg,32,41.6,51.968,66.432,person
009123.jpg,13.824,34.688,28.16,66.688,person
009123.jpg,0.256,38.784,23.552,93.056,person
001187.jpg,21.376,104.96,74.88,128,chair
001187.jpg,63.36,92.928,109.696,128,chair
001187.jpg,43.392,69.12,108.16,101.376,sofa
008687.jpg,0.512,16.512,106.24,83.072,dog
002776.jpg,109.824,66.2771084337349,128,73.6144578313253,bus
002776.jpg,81.92,87.2771084337349,86.272,93.0963855421687,person
002776.jpg,75.52,88.0361445783133,82.688,101.44578313253,person
002776.jpg,100.864,71.8433734939759,109.312,79.6867469879518,car
002776.jpg,108.032,70.8313253012048,113.664,77.9156626506024,car
002776.jpg,61.184,77.1566265060241,77.312,85.2530120481928,car
002563.jpg,106.752,83.8502994011976,110.848,93.7754491017964,person
002563.jpg,95.232,84.3592814371258,107.776,93.0119760479042,car
002563.jpg,30.72,86.1407185628743,34.56,96.3203592814371,person
002563.jpg,25.344,85.6317365269461,29.952,97.8473053892216,person
005779.jpg,34.304,28.8313253012048,128,105.746987951807,dog
005779.jpg,3.584,33.1325301204819,51.2,89.8072289156626,sofa
003956.jpg,16.512,19.456,112,128,pottedplant
003956.jpg,100.48,55.552,112,121.344,pottedplant
007540.jpg,60.672,67.456,128,106.112,sofa
007540.jpg,11.008,38.784,96.512,111.232,person
007540.jpg,72.704,42.368,128,112,person
006000.jpg,47.7678936605317,66.304,89.4345603271984,128,chair
006000.jpg,51.6022494887526,45.824,91.9907975460123,72.192,tvmonitor
000304.jpg,36.992,24.576,77.952,60.928,tvmonitor
004411.jpg,0.256,26.496,109.824,112,train
007363.jpg,8.192,48.5410094637224,107.264,90.9574132492114,car
002747.jpg,53.76,19.84,94.976,89.472,chair
002747.jpg,0.512,36.992,60.16,112,chair
007113.jpg,74.236220472441,52.16,84,76.16,tvmonitor
009664.jpg,44.416,0.256,97.92,128,bottle
003703.jpg,32,55.168,91.392,80.768,car
003703.jpg,114.944,53.376,120.32,63.616,person
003703.jpg,16.896,57.216,20.48,65.408,person
003703.jpg,9.472,55.936,13.312,65.152,person
003703.jpg,5.888,57.472,8.448,63.872,person
003703.jpg,4.096,57.984,6.656,64.64,person
001385.jpg,45.824,51.855421686747,93.44,71.0843373493976,bus
001385.jpg,26.624,61.4698795180723,45.824,69.8192771084337,car
001385.jpg,11.776,61.7228915662651,22.784,69.566265060241,car
009060.jpg,13.056,38.6021021021021,128,106.5,car
009060.jpg,0.512,48.3018018018018,32,78.6771771771772,car
004719.jpg,0.512,53.4069069069069,28.672,74.8483483483483,bus
004719.jpg,90.368,59.7882882882883,128,88.3768768768769,car
005895.jpg,70.144,68.224,80.896,76.16,aeroplane
003376.jpg,29.184,83.584,55.296,112,chair
003376.jpg,94.464,69.76,124.16,112,chair
003376.jpg,117.248,94.08,122.624,112,bottle
003376.jpg,49.152,46.208,77.312,112,person
003376.jpg,106.24,65.152,128,98.944,person
007062.jpg,0.256,25.216,111.616,112,bicycle
001066.jpg,99.84,43.1914893617021,117.76,61.063829787234,person
001066.jpg,25.856,27.1063829787234,42.24,60.2978723404255,person
005790.jpg,23.296,84.5480480480481,128,106.5,diningtable
005790.jpg,68.352,30.1786786786787,128,93.2267267267267,person
004852.jpg,49.152,28.032,120.576,112,person
004852.jpg,32.768,51.328,49.92,85.632,person
003455.jpg,0.256,31.7102102102102,115.712,106.5,aeroplane
003455.jpg,53.76,48.3018018018018,60.928,55.9594594594595,person
004047.jpg,0.512,30.2420382165605,31.232,93.6815286624204,chair
004047.jpg,9.472,25.1464968152866,48.384,99.031847133758,chair
004047.jpg,0.256,41.7070063694268,43.264,49.3503184713376,diningtable
004047.jpg,74.752,80.687898089172,128,119.414012738854,cat
004047.jpg,38.656,27.1847133757962,101.888,124,person
005718.jpg,8.448,74.1554404145078,40.96,112.746113989637,chair
004359.jpg,41.728,49.28,57.344,92.288,person
004359.jpg,59.904,54.4,68.608,74.112,person
004359.jpg,66.304,53.888,77.312,81.28,person
004359.jpg,65.792,66.432,76.288,86.656,bicycle
004359.jpg,38.4,69.76,56.32,100.224,bicycle
004359.jpg,60.16,63.36,67.328,78.72,bicycle
002369.jpg,35.328,50.56,55.04,75.392,cow
001042.jpg,56.832,79.488,76.288,97.664,dog
001042.jpg,83.2,82.304,93.184,98.688,dog
001042.jpg,52.736,78.464,64.768,97.664,dog
001042.jpg,38.144,60.544,56.32,98.432,person
001042.jpg,70.912,57.728,85.504,104.832,person
001042.jpg,92.672,57.728,104.704,102.016,person
002738.jpg,8.96,51.2402135231317,25.344,70.1903914590747,boat
002738.jpg,9.216,51.2402135231317,30.72,73.9804270462633,boat
002738.jpg,8.704,69.432384341637,22.784,80.297153024911,boat
002738.jpg,72.448,60.0836298932384,79.104,69.432384341637,boat
002738.jpg,78.848,63.1156583629893,83.2,68.9270462633452,boat
002738.jpg,82.688,57.8096085409253,90.624,70.1903914590747,boat
002738.jpg,91.904,60.3362989323843,95.488,69.6850533807829,boat
002738.jpg,110.08,66.653024911032,115.2,70.4430604982206,boat
002738.jpg,121.6,66.4003558718861,128,72.4644128113879,boat
008706.jpg,57.344,62.8513513513514,72.704,87.3558558558559,cow
008706.jpg,69.12,65.1486486486486,79.104,83.527027027027,cow
008706.jpg,74.24,63.3618618618619,85.248,81.9954954954955,cow
008706.jpg,80.896,63.1066066066066,89.088,81.9954954954955,cow
008706.jpg,45.824,63.3618618618619,57.344,84.5480480480481,cow
008706.jpg,26.368,61.8303303303303,33.024,70.2537537537538,cow
008706.jpg,33.28,63.1066066066066,43.008,69.7432432432432,cow
008706.jpg,17.408,62.8513513513514,26.368,80.7192192192192,cow
008706.jpg,28.672,66.1696696696697,39.424,85.8243243243243,cow
008706.jpg,36.352,69.487987987988,48.128,91.1846846846847,cow
008706.jpg,7.936,56.9804804804805,18.688,67.7012012012012,car
008706.jpg,0.256,56.2147147147147,8.704,65.4039039039039,car
008706.jpg,27.648,58.7672672672673,31.744,61.3198198198198,person
009823.jpg,0.768,17.024,127.488,111.744,dog
000153.jpg,60.672,53.632,91.648,64.896,car
000153.jpg,35.328,30.336,42.496,33.92,car
000153.jpg,12.032,45.184,30.208,48,car
000153.jpg,0.768,43.904,16.384,47.232,car
009045.jpg,52.224,43.136,66.304,62.336,person
009045.jpg,64.512,42.624,79.616,55.936,person
009045.jpg,75.52,42.368,86.016,52.352,person
009045.jpg,85.76,43.648,93.696,53.12,person
009045.jpg,97.28,42.624,109.824,57.216,person
009045.jpg,109.824,43.392,126.464,73.344,person
009045.jpg,50.176,58.752,72.96,86.656,person
009045.jpg,0.256,36.992,128,112,car
003023.jpg,87.8044619422572,96.768,100.788713910761,128,chair
003023.jpg,22.8832020997375,19.456,80.1666666666667,128,person
003023.jpg,16.009186351706,62.72,45.2874015748032,115.968,person
000966.jpg,10.752,31.2379603399433,126.208,98.5467422096317,train
000966.jpg,78.848,56.9886685552408,86.272,67.1869688385269,person
005311.jpg,55.808,38.6987951807229,64,49.8313253012048,person
005311.jpg,61.184,34.9036144578313,78.08,50.3373493975904,person
005311.jpg,0.256,22.2530120481928,49.664,73.8674698795181,person
005311.jpg,66.816,23.7710843373494,109.824,75.6385542168675,person
005311.jpg,0.256,68.8072289156627,128,106,diningtable
009272.jpg,3.584,39.1126126126126,124.672,77.4009009009009,aeroplane
003135.jpg,0.512,45.184,127.232,86.656,train
007411.jpg,15.104,20.9675925925926,119.296,114.162037037037,dog
005248.jpg,112.64,62.336,117.504,75.904,person
005248.jpg,0.256,57.728,33.024,111.744,horse
004463.jpg,29.3333333333333,52.7407407407407,117.037037037037,107.259259259259,motorbike
004463.jpg,29.6296296296296,41.7777777777778,51.8518518518519,112,person
001341.jpg,29.184,32.551724137931,115.2,94.4297082228117,bird
002237.jpg,14.848,16.256,122.624,112,cow
004826.jpg,15.616,73.344,66.816,108.416,cow
004826.jpg,101.12,54.912,113.408,81.792,person
004826.jpg,113.664,53.376,121.856,62.848,person
002114.jpg,82.944,56.704,101.632,112,person
002114.jpg,79.616,41.6,91.648,59.264,person
002114.jpg,8.704,16.256,128,112,train
000980.jpg,29.44,33.2417417417417,128,103.436936936937,bird
000159.jpg,59.904,33.7522522522522,73.216,53.1516516516516,person
000159.jpg,0.256,25.5840840840841,127.488,106.5,car
003133.jpg,8.192,35.539039039039,111.36,75.8693693693694,aeroplane
009073.jpg,32.512,50.816,59.392,83.328,bus
009073.jpg,3.84,51.84,32,68.224,bus
009073.jpg,22.784,67.712,38.4,86.656,car
009073.jpg,0.256,67.712,24.832,102.272,car
009073.jpg,96.768,32.128,128,112,person
009073.jpg,90.368,67.2,100.864,98.688,person
009073.jpg,76.288,60.544,91.648,98.432,person
009073.jpg,60.928,68.736,67.584,87.168,person
009073.jpg,54.528,65.92,61.696,87.424,person
009073.jpg,69.632,65.152,77.824,84.864,person
009073.jpg,87.552,62.336,93.952,73.088,person
004495.jpg,2.304,35.712,77.056,112,person
004495.jpg,56.32,36.736,106.496,112,person
004495.jpg,101.632,38.784,128,111.488,person
004495.jpg,97.536,53.888,101.376,64.64,bottle
007490.jpg,58.88,70.784,98.304,88.96,car
007490.jpg,26.624,70.016,67.584,87.168,car
007626.jpg,8.704,49.5780780780781,121.088,89.3978978978979,aeroplane
007300.jpg,58.88,47.232,99.328,94.592,bird
007300.jpg,6.656,55.424,24.832,68.736,bird
007300.jpg,47.872,58.752,56.32,70.016,bird
007300.jpg,114.432,22.144,124.16,31.616,bird
007300.jpg,115.2,27.52,128,38.272,bird
000354.jpg,39.168,45.696,91.136,112,cat
003817.jpg,1.28,22.2657657657658,110.336,106.5,person
000767.jpg,8.192,16.256,120.32,97.408,cow
003042.jpg,7.424,45.44,25.6,62.08,chair
003042.jpg,45.568,49.792,63.488,65.408,chair
003042.jpg,0.512,40.064,30.976,53.632,diningtable
003042.jpg,43.264,41.856,82.176,60.544,diningtable
003042.jpg,25.6,63.872,104.192,109.696,diningtable
003042.jpg,82.688,46.72,128,65.92,diningtable
003042.jpg,22.784,37.76,56.32,91.264,person
003042.jpg,82.176,35.2,126.976,111.232,person
003042.jpg,9.216,62.592,33.024,103.808,chair
003042.jpg,33.792,19.072,42.752,37.504,person
002023.jpg,6.912,29.9447513812155,123.648,94.2430939226519,car
007011.jpg,0.256,27.776,60.16,111.232,dog
003993.jpg,11.52,43.7072072072072,107.008,84.0375375375375,aeroplane
009848.jpg,37.0666666666667,36.8,74.1333333333333,104,person
009848.jpg,14.6666666666667,69.6,81.6,112,bicycle
009848.jpg,99.7333333333333,16.2666666666667,127.2,23.7333333333333,car
002043.jpg,15.7092511013216,3.072,99.0044052863436,127.232,horse
005438.jpg,8.96,65.0175438596491,40.192,100.631578947368,chair
005438.jpg,104.704,75.4473684210526,125.184,104.956140350877,sofa
009700.jpg,35.84,38.528,99.072,77.952,sheep
009299.jpg,22.528,78.6771771771772,128,106.5,diningtable
009299.jpg,102.656,37.3258258258258,128,101.394894894895,person
009299.jpg,68.096,38.0915915915916,103.168,92.9714714714715,person
009299.jpg,0.256,33.496996996997,29.44,100.118618618619,person
009299.jpg,49.664,21.7552552552553,57.6,35.539039039039,bottle
009299.jpg,71.424,21.7552552552553,77.056,35.7942942942943,bottle
009299.jpg,3.584,25.3288288288288,7.168,35.2837837837838,bottle
005542.jpg,39.168,47.232,70.912,112,person
005542.jpg,72.704,52.096,82.176,75.904,person
005542.jpg,110.592,65.152,122.88,93.312,person
005542.jpg,120.832,52.864,128,95.104,person
005542.jpg,65.536,51.84,73.472,74.368,person
005542.jpg,95.744,55.68,99.328,63.872,person
005542.jpg,90.624,54.144,93.952,63.872,person
005542.jpg,87.808,54.656,91.136,62.336,person
005542.jpg,85.76,55.168,88.064,61.312,person
005542.jpg,83.456,54.4,85.76,61.312,person
005542.jpg,80.64,53.888,83.712,61.312,person
005624.jpg,52.736,34.518018018018,86.528,95.7792792792793,bird
008769.jpg,56.576,22.612600536193,128,111.5,person
008769.jpg,2.304,29.9986595174263,73.216,111.5,person
003106.jpg,53.248,76.928,103.424,98.944,cat
003106.jpg,47.36,19.84,102.656,111.744,person
006950.jpg,47.7912912912913,40.704,78.9324324324324,95.232,person
006950.jpg,37.0705705705706,53.504,71.0195195195195,99.072,bicycle
007200.jpg,11.776,37.0705705705706,114.176,97.3108108108108,motorbike
007200.jpg,100.864,21.7552552552553,128,80.9744744744745,person
003403.jpg,18.176,32.4431137724551,126.976,95.3023952095808,horse
003403.jpg,43.52,26.0808383233533,84.48,74.434131736527,person
002145.jpg,52.4852941176471,50.944,90.1,99.584,cat
002145.jpg,35.3411764705882,15.36,93.4264705882353,128,person
006398.jpg,60.928,51.328,66.304,71.552,bottle
006398.jpg,66.56,55.68,72.96,77.184,bottle
006398.jpg,74.496,50.048,80.384,69.504,bottle
006398.jpg,72.704,41.856,77.824,55.68,bottle
006398.jpg,56.576,93.824,66.304,112,bottle
006398.jpg,62.976,87.68,71.168,112,bottle
006398.jpg,0.256,41.6,46.08,112,person
006398.jpg,11.008,28.8,52.736,81.024,person
006398.jpg,40.704,30.592,60.416,66.688,person
006398.jpg,100.096,40.32,128,112,person
006398.jpg,92.672,34.432,128,84.864,person
006398.jpg,84.992,34.176,102.144,70.272,person
006398.jpg,79.872,26.24,90.88,51.584,person
006398.jpg,66.816,25.216,81.152,42.88,person
006398.jpg,0.256,30.336,13.312,65.92,person
006398.jpg,37.12,40.576,111.616,112,diningtable
004424.jpg,58.496,24.832,92.288,128,person
004424.jpg,84.864,27.648,112,128,person
004424.jpg,37.76,23.04,81.28,128,person
004424.jpg,21.888,25.6,30.592,37.12,person
004424.jpg,41.6,18.688,48.256,31.232,person
000396.jpg,22.016,59.52,90.368,82.304,car
000526.jpg,42.752,52.6411411411411,56.832,91.6951951951952,person
000526.jpg,48.384,43.9624624624625,70.656,102.160660660661,person
000526.jpg,66.304,40.1336336336336,112.64,103.181681681682,person
000526.jpg,96.256,43.1966966966967,113.408,99.0975975975976,person
000526.jpg,107.776,68.7222222222222,124.928,99.6081081081081,chair
007663.jpg,12.544,40.064,118.016,91.776,car
002439.jpg,10.496,42.112,106.24,74.368,aeroplane
002439.jpg,100.864,42.368,128,62.592,aeroplane
002439.jpg,22.528,56.96,28.416,61.312,car
002439.jpg,16.384,56.96,21.504,61.312,car
002439.jpg,10.24,57.728,15.36,61.312,car
008213.jpg,74.752,67.5625,84.736,77.9955357142857,chair
008213.jpg,110.08,52.2946428571429,113.152,61.9642857142857,bottle
008213.jpg,72.704,65.0178571428571,77.312,69.34375,tvmonitor
008213.jpg,77.312,65.2723214285714,81.408,68.0714285714286,tvmonitor
009947.jpg,51.0963855421687,23.552,85.2530120481928,82.176,boat
009947.jpg,63.7469879518072,73.728,69.0602409638554,79.872,person
001593.jpg,41.9148936170213,32.768,80.468085106383,110.848,person
001593.jpg,59.7872340425532,86.016,107.531914893617,128,person
001593.jpg,77.4042553191489,66.304,96.5531914893617,90.88,person
001593.jpg,90.4255319148936,61.952,115.191489361702,108.544,person
001593.jpg,14.3404255319149,60.928,42.6808510638298,104.96,person
001593.jpg,14.3404255319149,108.8,118,128,diningtable
001593.jpg,95.2765957446809,19.712,118,92.928,pottedplant
007547.jpg,13.312,45.696,128,112,horse
007547.jpg,82.688,16.256,128,111.488,person
001457.jpg,34.816,46.976,89.6,83.584,sofa
001457.jpg,110.592,70.272,128,112,chair
002095.jpg,17.1552901023891,7.01827676240209,111.175767918089,126.997389033943,cat
007585.jpg,33.536,3.584,119.296,93.184,dog
007585.jpg,45.568,82.432,66.048,123.392,dog
009667.jpg,36.864,63.616,98.56,105.088,bicycle
003105.jpg,10.752,35.7942942942943,89.856,90.6741741741742,cow
003105.jpg,63.488,50.3438438438438,117.248,95.2687687687688,cow
003625.jpg,32.512,44.2650602409639,96.768,91.578313253012,horse
003625.jpg,60.16,32.3734939759036,75.776,71.5903614457831,person
009443.jpg,98.08310626703,52.224,108.979564032698,71.424,pottedplant
009443.jpg,22.0613079019074,48.128,32.9577656675749,72.704,pottedplant
009443.jpg,61.5926430517711,43.264,64.8869209809264,48.384,pottedplant
001136.jpg,8.96,39.168,128,96,boat
001136.jpg,76.288,17.408,108.032,34.048,bird
001136.jpg,63.488,39.68,74.496,56.832,bird
001136.jpg,82.944,46.592,91.648,52.224,bird
001136.jpg,10.24,86.272,30.976,102.656,bird
001136.jpg,15.36,114.176,24.064,122.112,bird
001136.jpg,34.048,93.184,45.056,98.048,bird
001136.jpg,70.144,92.672,81.92,98.56,bird
001136.jpg,94.464,101.888,106.24,109.056,bird
001136.jpg,54.016,114.432,63.744,122.624,bird
007683.jpg,13.056,79.488,53.76,112,dog
007683.jpg,59.392,27.264,88.064,112,person
007153.jpg,58.368,58.496,81.152,86.656,cow
007153.jpg,82.176,45.184,90.88,64.384,person
007153.jpg,0.256,40.576,8.96,56.96,car
003231.jpg,25.728,69.12,58.752,93.696,car
006825.jpg,38.4,35.2837837837838,114.432,92.460960960961,bird
002598.jpg,44.2177177177177,12.544,83.7822822822823,100.864,pottedplant
001784.jpg,49.152,22.0074626865672,128,106.5,person
002524.jpg,32.9864864864865,32,101.65015015015,118.016,person
005989.jpg,35.84,49.28,104.448,85.888,motorbike
005989.jpg,54.528,40.576,90.88,82.56,person
001640.jpg,12.032,21.888,118.016,107.648,car
001640.jpg,115.456,35.2,128,48.512,car
001640.jpg,105.728,25.984,112.896,49.536,person
001640.jpg,101.632,29.312,117.76,43.136,car
001640.jpg,12.8,30.336,16.384,39.04,person
000221.jpg,18.432,41.4819277108434,110.592,86.0120481927711,car
000812.jpg,25.344,65.1486486486486,96.256,106.5,bicycle
000812.jpg,38.144,29.9234234234234,92.16,106.5,person
000812.jpg,94.464,26.0945945945946,110.336,37.3258258258258,person
000812.jpg,24.832,21.7552552552553,36.096,27.8813813813814,person
001954.jpg,4.608,29.824,42.496,65.664,car
001954.jpg,0.256,25.472,20.992,111.232,car
001954.jpg,30.208,46.464,86.272,80.256,car
001954.jpg,96,57.472,128,112,car
000991.jpg,45.2452830188679,23.2,84.0754716981132,85.8666666666667,person
000991.jpg,51.8490566037736,31.2,79.5849056603774,125.6,horse
006038.jpg,45.056,77.6626506024096,65.536,87.0240963855422,car
006038.jpg,91.136,77.9156626506024,99.328,84.2409638554217,car
006038.jpg,113.152,79.1807228915663,121.856,82.7228915662651,car
006038.jpg,95.488,80.9518072289157,114.432,101.698795180723,motorbike
006038.jpg,97.024,71.3373493975904,109.824,95.3734939759036,person
006038.jpg,101.632,73.3614457831325,113.408,95.8795180722892,person
008450.jpg,45.568,47.536036036036,114.432,73.8273273273273,aeroplane
002483.jpg,0.256,60.544,72.704,111.744,sofa
002483.jpg,28.672,45.44,50.432,86.144,pottedplant
002483.jpg,99.84,27.52,112.896,83.072,pottedplant
002483.jpg,60.928,36.736,70.912,51.072,cat
002483.jpg,8.448,80,55.04,101.76,cat
002483.jpg,69.632,77.696,112.128,112,chair
002483.jpg,49.664,44.416,78.08,110.976,person
006184.jpg,13.824,38.9272727272727,114.944,96.9636363636364,aeroplane
002774.jpg,72.704,35.712,128,112,horse
002774.jpg,18.432,48.768,87.04,112,horse
006396.jpg,25.856,70.3235294117647,43.776,84.7411764705882,car
006396.jpg,90.112,66.5294117647059,116.224,76.1411764705882,car
006396.jpg,60.16,68.0470588235294,89.6,77.1529411764706,car
006396.jpg,79.104,66.5294117647059,95.488,72.6,car
006396.jpg,46.848,66.0235294117647,69.376,77.6588235294118,car
006396.jpg,40.96,67.0352941176471,47.36,70.0705882352941,car
006396.jpg,12.8,67.0352941176471,16.64,70.8294117647059,car
006396.jpg,8.704,68.0470588235294,13.568,71.8411764705882,car
006396.jpg,0.256,67.5411764705882,6.912,74.3705882352941,car
008670.jpg,36.2114803625378,29.44,86.4592145015106,67.328,bird
008670.jpg,37.226586102719,71.424,85.9516616314199,101.632,bird
005940.jpg,0.512,30.9786096256684,39.424,109.467914438503,person
005940.jpg,32,54.855614973262,70.656,111.5,person
005940.jpg,45.568,37.5828877005348,78.08,74.4144385026738,person
005940.jpg,62.464,52.0614973262032,99.584,111.245989304813,person
005940.jpg,96.256,52.0614973262032,126.976,111.5,person
005940.jpg,101.632,57.903743315508,128,111.5,person
004790.jpg,0.256,17.024,67.328,112,person
004790.jpg,52.224,21.632,127.744,112,person
004790.jpg,70.912,33.92,125.184,98.688,person
004797.jpg,32.256,58.7672672672673,51.712,73.0615615615616,bicycle
004797.jpg,79.104,60.2987987987988,95.744,71.7852852852853,bicycle
004797.jpg,121.6,60.5540540540541,128,71.7852852852853,bicycle
004797.jpg,83.968,54.6831831831832,94.976,68.9774774774775,person
004797.jpg,36.352,52.3858858858859,50.176,69.9984984984985,person
006768.jpg,103.553941908714,33.792,125.5,128,chair
006768.jpg,6.58298755186722,42.752,82.1182572614108,128,chair
006768.jpg,75.4834024896266,51.2,120.651452282158,84.224,chair
006768.jpg,30.3153526970954,18.432,98.4502074688797,79.36,person
000482.jpg,92.672,54.3293413173653,128,86.1407185628743,train
000482.jpg,0.256,35.2425149700599,80.128,105.482035928144,train
000482.jpg,8.448,47.7125748502994,14.848,56.3652694610778,person
000344.jpg,38.784,0.512,94.592,112.896,bottle
008415.jpg,68.352,54.9469914040115,97.024,98.554441260745,dog
008415.jpg,9.216,46.0214899713467,52.736,74.8381088825215,dog
003749.jpg,43.52,30.592,128,112,person
001260.jpg,42.752,37.76,62.72,51.84,bird
004626.jpg,22.784,48.5570570570571,122.624,81.2297297297297,train
004626.jpg,0.256,55.1936936936937,23.808,78.6771771771772,train
002182.jpg,3.84,52.3858858858859,112.128,85.8243243243243,car
003338.jpg,50.176,41.1489361702128,85.504,94.7659574468085,bird
007259.jpg,18.816,6.656,109.696,128,chair
005423.jpg,16.768,35.84,49.536,49.152,car
005423.jpg,68.736,35.584,92.032,46.336,car
005423.jpg,82.304,32.256,106.112,42.752,car
005423.jpg,31.616,35.584,97.664,83.2,car
008805.jpg,26,38.1333333333333,102.8,120,horse
008805.jpg,52.4,31.2,84.4,75.7333333333333,person
005219.jpg,24.832,36.8153153153153,40.96,86.5900900900901,person
005219.jpg,70.656,49.8333333333333,78.848,76.3798798798799,person
005219.jpg,74.24,57.2357357357357,92.928,84.0375375375375,person
005219.jpg,88.576,49.0675675675676,95.488,67.7012012012012,person
005219.jpg,92.928,49.8333333333333,103.168,73.0615615615616,person
005219.jpg,82.432,51.1096096096096,88.576,61.0645645645646,person
000193.jpg,20.48,17.024,128,112,person
000193.jpg,0.256,23.424,58.112,112,person
000193.jpg,0.512,48,128,112,sofa
006524.jpg,71.168,52.4948453608247,126.72,75.5051546391753,car
006524.jpg,32,52.7422680412371,77.312,74.5154639175258,car
006524.jpg,0.256,52.2474226804124,35.328,75.2577319587629,car
006548.jpg,44.544,69.76,121.344,110.976,bird
006548.jpg,76.544,51.584,91.136,72.576,bird
006548.jpg,113.664,57.472,128,72.832,bird
006548.jpg,48.128,45.696,65.536,66.944,bird
006548.jpg,36.864,51.84,44.288,64.128,bird
006548.jpg,0.256,49.792,23.808,80,bird
003824.jpg,41.4099099099099,5.632,90.9294294294294,94.464,person
003824.jpg,37.0705705705706,37.12,98.3318318318318,115.456,motorbike
003824.jpg,21.7552552552553,11.008,106.244744744745,65.28,car
004849.jpg,57.6011904761905,48.896,84.9880952380952,71.936,train
007672.jpg,0.256,58.496,32.768,96.896,sofa
007692.jpg,58.624,47.8072289156627,98.816,80.1927710843374,dog
007925.jpg,14.848,23.68,112.64,97.664,bicycle
007925.jpg,70.144,31.616,85.504,45.696,pottedplant
007925.jpg,97.28,28.8,119.296,45.952,pottedplant
007925.jpg,35.84,17.28,48.64,45.44,pottedplant
003752.jpg,103.424,98.688,128,105.856,train
003752.jpg,0.256,86.656,32.768,95.872,train
003752.jpg,52.992,76.672,78.336,85.888,train
008635.jpg,39.424,34.3763440860215,122.624,80.5994623655914,bird
000208.jpg,0.256,48.768,42.496,82.816,diningtable
000208.jpg,84.48,73.088,128,112,chair
000208.jpg,29.952,45.184,46.08,72.064,chair
000208.jpg,15.104,47.232,33.536,81.28,chair
000208.jpg,0.256,63.104,8.448,78.72,chair
000208.jpg,51.968,54.656,111.616,94.848,sofa
008848.jpg,69.12,74.9206349206349,107.264,101.587301587302,car
008848.jpg,29.696,74.4126984126984,44.544,95.7460317460317,bus
008848.jpg,11.264,87.3650793650794,16.128,91.4285714285714,car
008848.jpg,2.816,87.8730158730159,9.216,92.4444444444444,car
006323.jpg,38.912,59.2777777777778,46.336,64.6381381381381,tvmonitor
006323.jpg,45.824,59.533033033033,50.688,64.3828828828829,tvmonitor
003948.jpg,36.4,27.0491071428571,82.4,90.2232142857143,person
003948.jpg,44.8,36.5848214285714,73.2,97.375,horse
001109.jpg,70.144,25.0735735735736,128,106.5,person
001109.jpg,0.256,39.8783783783784,77.312,106.5,person
003262.jpg,45.824,18.56,86.784,93.824,bottle
006462.jpg,33.152,0.512,112,128,cat
002691.jpg,0.256,23.424,24.832,39.296,car
002691.jpg,0.256,75.392,49.152,109.44,dog
002691.jpg,16.384,22.912,122.368,112,person
002691.jpg,0.256,38.272,127.488,112,sofa
003828.jpg,55.4379652605459,13.568,69.4950372208437,22.016,bird
004341.jpg,18.688,29.824,100.352,106.88,tvmonitor
007699.jpg,0.512,28.8,128,112,car
007699.jpg,69.12,20.608,77.824,32.384,person
007699.jpg,21.248,31.616,36.608,46.72,person
007699.jpg,11.008,33.408,20.224,52.352,person
007699.jpg,52.992,26.24,59.904,39.296,person
007699.jpg,30.464,24.448,37.632,40.32,person
007699.jpg,6.656,32.128,14.848,52.864,person
008398.jpg,8.192,32.128,40.448,59.264,person
008398.jpg,30.976,43.904,45.824,64.896,person
008398.jpg,49.664,43.648,62.208,112,person
008398.jpg,56.832,41.088,78.08,112,person
008398.jpg,71.424,43.136,92.672,75.904,person
008398.jpg,79.872,35.2,92.672,48.768,person
008398.jpg,74.496,39.552,120.576,112,person
008398.jpg,104.448,35.712,128,111.744,person
008398.jpg,25.6,46.976,54.784,112,person
008398.jpg,0.256,36.736,33.024,112,person
003953.jpg,16.512,58.624,112,128,sofa
003953.jpg,40.064,46.08,92.8,109.824,person
003953.jpg,61.312,28.672,73.6,44.544,person
003953.jpg,23.424,0.512,35.456,16.128,person
003953.jpg,34.176,0.768,46.208,15.616,person
003953.jpg,34.432,31.488,40.576,43.776,person
003887.jpg,62.5983379501385,113.408,72.0277008310249,120.832,cow
003887.jpg,72.792243767313,111.104,78.1440443213296,117.504,cow
003887.jpg,86.5540166204986,109.056,90.1218836565097,116.224,cow
003887.jpg,74.8310249307479,112.896,83.7506925207756,119.808,cow
003887.jpg,78.6537396121884,114.176,85.5346260387812,122.112,cow
007243.jpg,0.768,27.008,94.976,111.232,horse
007243.jpg,16.128,49.28,68.096,111.488,person
007243.jpg,63.744,61.568,92.16,111.744,person
002155.jpg,9.728,26.3498498498498,127.744,98.8423423423424,motorbike
003974.jpg,0.256,27.4973684210526,73.984,81.6131578947369,boat
003974.jpg,109.056,49.45,128,96.1631578947369,car
003974.jpg,65.28,57.3631578947368,76.288,96.1631578947369,person
003974.jpg,72.704,51.4921052631579,85.248,95.1421052631579,person
003974.jpg,82.432,52.7684210526316,95.744,95.1421052631579,person
003974.jpg,93.952,54.3,105.216,95.6526315789474,person
003974.jpg,98.816,54.3,106.24,97.1842105263158,person
003974.jpg,104.448,51.4921052631579,114.432,99.2263157894737,person
004466.jpg,56.32,34.944,61.696,49.024,person
004466.jpg,22.528,35.712,26.368,44.928,person
004466.jpg,14.592,36.992,19.2,45.184,person
004466.jpg,104.448,31.616,115.2,58.24,person
004466.jpg,95.232,31.616,104.448,58.752,person
004466.jpg,68.864,19.84,96.768,92.032,person
004466.jpg,47.36,89.472,51.968,103.552,bottle
004466.jpg,53.76,93.312,56.832,103.04,bottle
004466.jpg,68.352,92.288,72.704,104.064,bottle
004466.jpg,72.96,93.056,76.8,104.064,bottle
004466.jpg,43.52,91.776,46.592,102.272,bottle
004466.jpg,37.376,88.96,40.704,101.248,bottle
004019.jpg,100.864,96.896,121.344,108.16,car
004019.jpg,21.504,98.688,40.96,107.648,car
004019.jpg,5.12,98.176,21.76,106.368,car
004019.jpg,93.184,96.896,98.048,109.952,person
004019.jpg,59.904,95.36,63.744,107.136,person
004019.jpg,0.256,97.664,7.424,104.832,car
004019.jpg,121.344,98.944,128,106.88,car
006151.jpg,48.4760479041916,44.288,103.191616766467,96.512,horse
006151.jpg,34.9880239520958,43.52,57.1287425149701,92.928,person
006151.jpg,76.2155688622755,43.776,88.1766467065868,87.04,person
006151.jpg,91.7395209580838,44.544,106.5,84.992,person
006151.jpg,21.7544910179641,49.152,74.1796407185629,86.272,car
000777.jpg,37.632,49.3228228228228,83.712,92.2057057057057,dog
000777.jpg,57.344,21.7552552552553,92.416,74.8483483483483,person
006028.jpg,4.864,36.8208556149733,23.808,53.0775401069519,bicycle
006028.jpg,72.192,37.0748663101604,84.736,89.9090909090909,person
006028.jpg,45.312,67.3021390374332,55.04,79.7486631016043,person
008495.jpg,55.296,44.2450980392157,109.056,85.0294117647059,aeroplane
000917.jpg,0.533333333333333,16.5333333333333,70.6666666666667,110.666666666667,pottedplant
000917.jpg,70.6666666666667,59.4666666666667,84.2666666666667,73.0666666666667,bird
000917.jpg,0.533333333333333,16.5333333333333,67.7333333333333,112,chair
004960.jpg,10.2676056338028,0.768,117.732394366197,127.744,pottedplant
004960.jpg,98.0305164319249,62.72,118.5,118.016,pottedplant
004960.jpg,9.75586854460094,74.24,37.6455399061033,118.272,pottedplant
009543.jpg,101.12,38.528,128,97.408,chair
009543.jpg,120.576,40.832,128,67.2,chair
009543.jpg,70.912,43.904,93.952,80.768,chair
009543.jpg,46.336,48,68.096,74.624,dog
009543.jpg,58.88,75.648,88.064,112,dog
009543.jpg,10.752,81.28,59.648,99.456,dog
000863.jpg,43.776,33.4652996845426,120.832,95.8123028391167,train
000863.jpg,3.072,27.5883280757098,38.656,96.0678233438486,train
005305.jpg,34.944,91.648,84.096,118.272,car
006670.jpg,8.448,46.336,104.96,119.04,train
006670.jpg,110.592,76.8,121.344,109.056,person
006670.jpg,119.552,86.528,126.208,110.336,person
008072.jpg,23.04,72.0676923076923,93.5822222222222,109.150769230769,diningtable
008072.jpg,83.3422222222222,48.0061538461539,98.9866666666667,67.5384615384616,person
008072.jpg,109.511111111111,48.8553846153846,128,69.52,person
008072.jpg,77.3688888888889,53.9507692307692,112.924444444444,108.018461538462,person
008072.jpg,38.4,46.8738461538462,57.7422222222222,74.0492307692308,person
008072.jpg,53.76,44.0430769230769,73.1022222222222,70.3692307692308,person
008072.jpg,19.3422222222222,46.0246153846154,43.8044444444444,78.0123076923077,person
008072.jpg,0.853333333333333,45.4584615384615,42.0977777777778,110,person
008072.jpg,77.6533333333333,83.9569230769231,124.871111111111,110,chair
008072.jpg,105.244444444444,69.52,123.164444444444,88.7692307692308,chair
001279.jpg,25.984,8.192,71.296,115.2,person
001279.jpg,46.976,57.344,83.584,112.896,person
001279.jpg,22.144,42.24,111.488,128,person
001279.jpg,96.64,90.368,112,128,chair
006079.jpg,41.984,55.168,84.992,70.528,boat
006079.jpg,17.408,29.056,26.368,33.408,car
006079.jpg,7.68,30.592,17.408,34.176,car
007117.jpg,105.472,94.1276595744681,116.736,112,bottle
007117.jpg,114.944,83.4042553191489,127.744,111.744680851064,chair
007117.jpg,89.088,77.2765957446809,126.976,111.489361702128,chair
007117.jpg,99.072,71.1489361702128,121.6,80.0851063829787,chair
007117.jpg,92.928,69.6170212765958,111.872,79.063829787234,chair
007117.jpg,88.832,68.3404255319149,103.68,74.9787234042553,chair
007117.jpg,32.768,49.4468085106383,101.376,112,person
007117.jpg,34.56,59.4042553191489,40.96,72.4255319148936,person
007117.jpg,37.376,58.1276595744681,46.336,72.6808510638298,person
003664.jpg,62.464,74.88,96.256,112,chair
003664.jpg,1.024,75.904,58.88,112,chair
003664.jpg,51.456,71.04,106.496,111.744,person
003664.jpg,12.032,63.104,24.32,88.448,person
003664.jpg,56.576,65.664,64.768,85.888,person
002755.jpg,31.232,38.784,91.904,94.848,person
002755.jpg,74.496,36.992,126.464,107.392,person
002755.jpg,0.256,85.376,128,112,diningtable
002755.jpg,99.072,76.928,128,95.616,person
006755.jpg,0.512,59.264,54.528,112,chair
006755.jpg,43.264,27.776,61.44,45.952,pottedplant
006755.jpg,67.84,54.912,87.296,73.088,tvmonitor
006755.jpg,87.04,53.376,106.496,81.024,tvmonitor
006755.jpg,106.24,56.96,122.88,84.864,tvmonitor
007618.jpg,60.288,13.312,67.456,25.344,person
004200.jpg,6.144,36.0592592592593,51.5413333333333,103.866666666667,cow
004200.jpg,54.6133333333333,36.0592592592593,90.7946666666667,101.822222222222,cow
004200.jpg,88.064,28.562962962963,127.317333333333,103.525925925926,cow
004618.jpg,82.048,93.952,102.016,108.544,car
008250.jpg,62.976,56.192,87.808,94.08,motorbike
008250.jpg,30.464,64.128,66.816,94.848,motorbike
002019.jpg,11.008,42.4309309309309,128,97.5660660660661,car
007721.jpg,54.784,42.6631016042781,109.824,92.4491978609626,bird
007721.jpg,0.256,84.5748663101604,128,110.991978609626,car
007721.jpg,9.216,60.1898395721925,74.24,85.3368983957219,car
007721.jpg,0.512,74.9224598930481,52.736,87.8770053475936,car
003835.jpg,45.056,87.168,73.984,100.992,car
003835.jpg,1.792,86.656,11.52,92.8,car
003835.jpg,11.008,66.432,47.36,96.128,bus
003835.jpg,0.256,75.136,8.704,90.496,bus
004091.jpg,47.36,44.16,61.44,100.48,person
004091.jpg,47.872,39.552,69.632,95.36,person
004091.jpg,67.84,44.16,79.104,92.8,person
004091.jpg,76.8,46.976,90.112,95.872,person
004091.jpg,82.688,43.904,89.088,53.376,person
004091.jpg,88.576,42.112,98.56,90.496,person
004091.jpg,96.768,40.576,106.496,92.032,person
004091.jpg,103.424,41.6,116.736,94.08,person
004091.jpg,0.256,52.608,50.432,112,car
004676.jpg,37.12,67.456,80.64,103.808,bicycle
004676.jpg,52.736,47.232,70.912,97.152,person
008639.jpg,59.904,50.048,81.92,84.608,dog
008639.jpg,104.192,93.056,128,112,dog
008639.jpg,34.816,70.784,50.176,95.616,dog
008710.jpg,35.328,34.1865671641791,82.688,84.679104477612,train
006238.jpg,71.168,50.0885885885886,103.424,78.6771771771772,tvmonitor
006238.jpg,66.048,21.7552552552553,91.648,56.9804804804805,person
006238.jpg,10.24,24.3078078078078,81.152,106.5,person
005391.jpg,6.4,43.904,118.528,73.856,aeroplane
006845.jpg,43.776,81.792,62.976,100.736,chair
006845.jpg,65.792,72.832,76.288,83.84,chair
006845.jpg,82.688,73.344,94.464,85.632,chair
006845.jpg,90.112,75.648,102.912,85.12,chair
006290.jpg,119.296,64.896,128,85.12,car
006290.jpg,5.376,33.152,120.576,94.848,bus
004850.jpg,62.72,39.552,103.68,65.92,car
002794.jpg,29.184,21.376,108.8,108.16,cow
001371.jpg,47.872,70.784,63.232,83.072,car
001371.jpg,66.304,71.808,73.728,78.208,car
001371.jpg,74.496,71.296,92.16,83.072,car
001371.jpg,89.856,70.528,94.208,78.72,car
001371.jpg,15.36,71.296,26.88,75.904,car
006887.jpg,47.872,43.392,75.264,64.64,person
006887.jpg,15.36,44.672,45.568,103.552,person
006887.jpg,33.536,57.216,84.992,107.648,person
006887.jpg,77.568,52.096,109.056,102.784,person
006887.jpg,3.584,58.496,38.912,105.856,chair
009362.jpg,71.168,33.7522522522522,102.4,106.5,person
009362.jpg,34.816,40.8993993993994,66.048,100.884384384384,person
009362.jpg,8.192,29.9234234234234,45.568,106.244744744745,person
009362.jpg,95.488,82.2507507507508,121.856,106.5,person
000121.jpg,64.256,23.168,121.6,84.352,tvmonitor
000121.jpg,5.632,23.168,64.256,85.888,tvmonitor
009729.jpg,26.624,37.0705705705706,95.488,87.6111111111111,car
008932.jpg,15.36,48.256,39.936,112,person
008932.jpg,35.584,39.552,58.88,112,person
008932.jpg,56.576,46.976,79.616,93.312,person
008932.jpg,77.056,36.736,99.84,93.568,person
008932.jpg,50.944,92.288,119.296,112,diningtable
003529.jpg,0.256,79.442942942943,94.976,106.5,diningtable
003529.jpg,24.064,32.9864864864865,85.504,99.3528528528529,person
006329.jpg,9.216,33.92,122.88,90.496,car
006111.jpg,28.416,38.784,120.832,93.056,cow
001699.jpg,11.008,36.1686746987952,108.544,106,horse
001699.jpg,0.512,51.0963855421687,14.592,68.0481927710843,car
000962.jpg,1.024,51.072,126.208,112,cat
000962.jpg,93.44,16.256,117.248,54.144,pottedplant
003635.jpg,0.768,27.52,128,99.2,bus
003732.jpg,16.512,51.968,30.592,116.224,person
003732.jpg,21.376,55.552,48.768,127.744,person
003732.jpg,33.152,0.256,112,128,horse
001853.jpg,51.712,32.128,87.808,89.216,bird
001922.jpg,16.64,32.125,120.32,81.595,aeroplane
006773.jpg,1.024,48.512,112.64,101.248,aeroplane
006773.jpg,0.768,67.2,6.4,82.56,boat
004365.jpg,14.592,36.3128342245989,123.904,88.1310160427807,car
004365.jpg,91.392,42.9171122994652,128,70.3502673796791,car
008905.jpg,0.512,36.992,128,92.288,aeroplane
000039.jpg,39.936,38.784,88.064,87.424,tvmonitor
009377.jpg,4.864,45.6804733727811,15.872,71.8875739644971,person
009377.jpg,14.592,25.8343195266272,106.752,106.491124260355,train
005919.jpg,62.72,63.7457627118644,66.304,77.9830508474576,bottle
005919.jpg,69.12,67.3050847457627,72.704,79.7627118644068,bottle
005919.jpg,73.728,62.4745762711864,77.312,76.4576271186441,bottle
005919.jpg,76.288,66.2881355932204,79.36,74.4237288135593,bottle
005919.jpg,66.816,71.6271186440678,71.936,91.4576271186441,bottle
005919.jpg,51.968,72.135593220339,54.784,79.7627118644068,bottle
005919.jpg,50.944,77.2203389830509,54.784,86.1186440677966,bottle
005919.jpg,44.544,87.135593220339,49.92,102.389830508475,bottle
005919.jpg,59.136,52.8135593220339,81.152,71.8813559322034,person
005919.jpg,39.168,56.1186440677966,50.176,77.728813559322,person
005919.jpg,27.648,55.6101694915254,40.704,86.6271186440678,person
005919.jpg,17.664,60.4406779661017,30.976,92.2203389830509,person
005919.jpg,0.768,58.406779661017,27.392,102.898305084746,person
005919.jpg,87.296,51.7966101694915,100.864,79,person
005919.jpg,108.032,52.3050847457627,118.272,62.9830508474576,person
005919.jpg,86.528,52.5593220338983,117.248,97.3050847457627,person
005919.jpg,90.88,59.1694915254237,128,106.71186440678,person
005919.jpg,22.016,71.8813559322034,98.56,109,diningtable
005919.jpg,79.104,83.5762711864407,84.224,99.0847457627119,bottle
005919.jpg,58.88,30.1864406779661,74.496,48.2372881355932,pottedplant
004085.jpg,14.848,53.12,58.368,71.552,dog
004085.jpg,99.072,42.112,128,98.176,person
001333.jpg,39.936,61.056,51.968,77.952,motorbike
001333.jpg,48.384,48.512,55.04,66.432,person
001333.jpg,39.68,51.584,51.712,66.176,person
000104.jpg,103.168,49.5780780780781,128,89.1426426426427,tvmonitor
000104.jpg,74.496,40.6441441441441,113.152,106.5,person
000104.jpg,0.512,23.2867867867868,72.448,106.5,person
009654.jpg,21.7552552552553,21.248,97.0555555555556,128,person
009654.jpg,77.6561561561562,96,91.6951951951952,120.832,bottle
001084.jpg,52.6415094339623,46.9333333333333,78,122.133333333333,horse
001084.jpg,48.1509433962264,26.9333333333333,81.433962264151,89.8666666666667,person
003064.jpg,36.224,26.368,71.04,128,person
009938.jpg,35.072,30.08,81.92,103.04,motorbike
009938.jpg,61.952,16.256,83.2,29.312,car
006131.jpg,73.984,40.32,114.176,83.584,tvmonitor
006131.jpg,106.496,45.44,128,88.704,tvmonitor
006131.jpg,0.256,43.392,35.328,86.912,tvmonitor
003594.jpg,38.144,35.9294605809129,91.392,116.823651452282,bird
006355.jpg,60.928,70.784,80.128,102.016,dog
006355.jpg,51.712,60.8,62.72,97.408,dog
006355.jpg,48.384,22.912,72.448,71.552,person
005704.jpg,99.072,60.544,128,81.28,diningtable
005704.jpg,83.712,83.328,128,112,diningtable
005704.jpg,1.792,57.472,34.304,90.24,diningtable
005704.jpg,111.872,44.928,125.952,61.568,person
005704.jpg,90.112,49.28,110.848,85.888,person
005704.jpg,71.424,66.688,99.84,94.592,person
005704.jpg,69.12,75.392,104.448,111.744,person
005704.jpg,50.432,91.264,82.432,112,person
005704.jpg,18.944,36.992,56.32,93.312,person
005704.jpg,14.848,46.976,25.6,60.288,person
005704.jpg,1.792,49.536,14.592,61.824,person
005704.jpg,0.256,52.608,8.192,112,person
008732.jpg,42.5902964959569,50.432,73.5013477088949,101.12,bird
004017.jpg,60.672,16.256,115.2,71.552,pottedplant
004017.jpg,2.56,17.024,115.2,112,person
009368.jpg,42.496,72.832,109.824,97.664,car
009368.jpg,24.832,64.128,82.176,82.304,car
009368.jpg,79.104,58.24,113.152,73.088,car
009368.jpg,52.736,52.864,76.288,62.848,car
009368.jpg,36.352,52.608,58.112,63.36,car
009368.jpg,20.224,53.376,43.008,63.36,car
009368.jpg,2.56,54.4,19.712,61.824,car
009368.jpg,81.92,52.352,105.216,59.52,car
009368.jpg,104.448,50.048,126.208,63.104,car
009368.jpg,31.232,48.512,35.584,53.632,person
009368.jpg,35.072,49.536,39.168,53.888,person
009368.jpg,28.672,49.536,32,56.192,person
009368.jpg,96.512,49.536,101.376,60.032,person
009368.jpg,104.96,49.536,111.104,62.336,person
009368.jpg,111.104,48.512,116.736,64.896,person
009368.jpg,117.76,51.328,125.184,64.128,person
009479.jpg,16.512,71.168,107.392,128,sofa
009479.jpg,53.12,66.816,91.008,83.712,cat
009479.jpg,16.768,74.496,42.624,128,person
004783.jpg,65.536,60.9461077844311,74.24,66.7994011976048,bird
004439.jpg,83.456,85.122754491018,112.128,99.6287425149701,car
004439.jpg,50.432,86.6497005988024,77.056,97.3383233532934,car
004439.jpg,33.536,87.1586826347305,45.824,94.0299401197605,car
004439.jpg,111.36,86.3952095808383,128,93.5209580838323,car
005183.jpg,22.4,78.592,76.16,114.688,cat
005183.jpg,70.528,76.8,108.416,106.752,cat
005183.jpg,16.256,2.56,112,128,pottedplant
009845.jpg,121.088,68.992,128,78.976,car
009845.jpg,103.424,68.224,121.6,77.696,car
009845.jpg,51.456,69.504,58.624,94.592,person
009845.jpg,47.36,66.944,51.968,76.672,person
009845.jpg,40.192,38.784,96.256,87.68,bus
000943.jpg,37.12,77.696,128,111.744,chair
000943.jpg,59.904,50.56,128,96.896,person
000943.jpg,78.08,53.376,109.056,84.352,person
000943.jpg,60.928,53.632,91.136,78.72,person
000943.jpg,57.088,54.144,76.288,73.088,person
000943.jpg,19.456,51.84,37.376,84.096,person
000943.jpg,0.256,33.664,45.568,111.232,person
000943.jpg,0.256,90.496,27.392,111.488,sofa
000943.jpg,84.48,43.392,96,56.704,person
000943.jpg,12.8,45.184,25.856,63.36,person
000943.jpg,73.728,44.16,82.176,56.192,person
000791.jpg,21.504,33.6385542168675,115.2,97.144578313253,train
005928.jpg,99.328,42.368,128,102.272,motorbike
005928.jpg,0.512,55.168,26.624,112,motorbike
005928.jpg,21.504,54.144,39.936,78.72,motorbike
005928.jpg,54.784,50.816,83.456,100.736,motorbike
005928.jpg,73.984,35.712,85.504,67.456,person
005928.jpg,54.272,38.784,84.736,92.288,person
005928.jpg,36.864,37.76,52.992,96.64,person
006618.jpg,22.784,47.3776435045317,101.632,87.2205438066465,motorbike
006618.jpg,33.536,34.4350453172205,64.256,94.0725075528701,person
002664.jpg,25.344,67.1716417910448,37.376,76.8134328358209,bird
002664.jpg,38.144,48.9029850746269,68.864,65.3955223880597,bird
002664.jpg,81.664,65.9029850746269,93.696,75.7985074626866,bird
002664.jpg,118.016,77.0671641791045,128,88.9925373134328,bird
002664.jpg,61.696,67.4253731343284,70.144,76.8134328358209,bird
002664.jpg,44.544,64.3805970149254,52.736,73.0074626865672,bird
002664.jpg,47.616,65.9029850746269,67.072,76.5597014925373,bird
007187.jpg,3.584,54.144,108.032,94.848,sofa
007187.jpg,0.256,46.976,60.928,73.344,person
007187.jpg,70.912,46.72,121.088,73.088,person
007187.jpg,39.168,41.856,89.088,101.504,person
007611.jpg,79.872,30.336,125.952,112,person
007611.jpg,0.256,44.16,81.92,112,horse
002817.jpg,5.888,18.048,97.536,97.664,pottedplant
007274.jpg,0.256,49.9128440366973,127.232,89.5091743119266,aeroplane
004585.jpg,5.888,76.928,25.856,96.384,cow
004585.jpg,25.6,68.992,45.056,84.352,cow
004585.jpg,65.792,78.208,87.04,93.312,cow
004585.jpg,81.152,72.064,95.232,83.072,cow
004585.jpg,51.968,64.128,67.072,77.952,cow
004585.jpg,35.072,45.696,47.616,54.144,cow
004585.jpg,53.76,43.392,64.256,48,cow
004585.jpg,68.352,41.6,73.728,50.304,cow
004585.jpg,74.496,44.416,79.104,54.656,cow
004585.jpg,92.672,44.928,98.816,53.376,cow
004585.jpg,107.52,53.888,117.248,58.752,cow
004585.jpg,50.176,29.568,60.16,36.224,cow
004585.jpg,42.24,28.544,49.92,33.152,cow
006859.jpg,46.336,16.755376344086,76.544,44.5913978494624,pottedplant
006859.jpg,76.032,16.755376344086,128,111.244623655914,pottedplant
001427.jpg,55.9756097560976,50.944,85.7804878048781,87.296,bicycle
001427.jpg,80.4308943089431,40.704,101.574525745257,70.4,bicycle
001427.jpg,75.3360433604336,14.848,98.2628726287263,68.096,person
001427.jpg,57.5040650406504,29.184,85.0162601626016,76.032,person
002183.jpg,0.512,57.7813455657492,105.472,105.5,horse
002183.jpg,8.448,22.7538226299694,46.848,105.5,person
009205.jpg,0.256,23.7904191616766,27.392,50.2574850299401,car
009205.jpg,0.256,33.4610778443114,125.696,85.377245508982,car
009205.jpg,0.256,54.0748502994012,79.616,105.22754491018,car
001809.jpg,10.7912844036697,64.512,30.1399082568807,93.952,tvmonitor
001809.jpg,13.3371559633028,69.888,28.3577981651376,87.296,person
001809.jpg,92.5137614678899,64.512,118.227064220184,118.016,sofa
001484.jpg,0.26890756302521,24.2666666666667,65.3445378151261,57.3333333333333,boat
001484.jpg,67.4957983193277,61.6,74.7563025210084,69.8666666666667,person
003335.jpg,9.984,58.752,29.696,86.656,chair
003335.jpg,99.84,57.728,128,88.704,chair
003335.jpg,34.56,60.032,49.92,82.304,chair
003335.jpg,47.872,31.104,97.28,105.6,person
003335.jpg,32,36.992,55.296,78.464,person
003335.jpg,34.56,63.104,73.728,91.776,person
003335.jpg,112.128,62.592,128,97.664,chair
009144.jpg,12.544,30.4803921568627,121.344,106.441176470588,bird
000847.jpg,16.256,71.424,69.248,128,diningtable
000847.jpg,31.616,28.416,91.776,128,person
005448.jpg,0.256,36.7190332326284,25.6,67.6797583081571,bus
005448.jpg,103.68,50.6767371601209,118.016,74.2779456193354,person
005448.jpg,74.496,50.9305135951662,90.88,77.3232628398792,person
005448.jpg,55.808,52.9607250755287,69.632,73.0090634441088,person
005448.jpg,39.424,51.6918429003021,52.992,68.1873111782477,person
005448.jpg,25.856,51.1842900302115,37.376,70.9788519637462,person
005448.jpg,9.472,49.6616314199396,23.296,69.4561933534743,person
005448.jpg,101.376,60.0664652567976,119.552,77.5770392749245,motorbike
005448.jpg,72.704,59.3051359516616,90.368,77.5770392749245,motorbike
005448.jpg,55.808,60.0664652567976,71.424,76.8157099697885,motorbike
005448.jpg,39.168,60.5740181268882,54.528,75.8006042296073,motorbike
005448.jpg,24.576,58.5438066465257,40.96,74.785498489426,motorbike
005448.jpg,8.704,57.0211480362538,25.6,74.02416918429,motorbike
009954.jpg,49.152,53.8795180722892,103.168,91.578313253012,horse
009954.jpg,36.608,51.0963855421687,47.36,62.7349397590361,person
009281.jpg,7.424,16.768,108.8,112,bicycle
006765.jpg,16.5106382978723,102.656,111.744680851064,128,chair
006765.jpg,83.4042553191489,86.528,107.914893617021,120.32,pottedplant
006765.jpg,16.2553191489362,51.968,28.7659574468085,79.872,pottedplant
006765.jpg,40.5106382978723,37.376,62.7234042553191,51.456,pottedplant
006765.jpg,77.2765957446809,42.496,85.9574468085106,49.92,pottedplant
000549.jpg,16.256,12.544,103.296,127.744,cat
008359.jpg,114.176,31.104,126.976,40.32,car
008359.jpg,105.984,30.08,123.136,45.952,car
008359.jpg,90.368,27.008,122.112,63.104,car
008359.jpg,5.376,25.216,93.184,103.808,car
007671.jpg,37.4347826086957,14.08,107.423913043478,124.672,bird
009461.jpg,55.296,57.984,67.584,67.456,aeroplane
009461.jpg,58.624,66.176,71.168,75.136,aeroplane
004990.jpg,0.256,31.872,126.976,112,sofa
004990.jpg,3.84,42.112,114.688,109.44,person
004873.jpg,2.048,46.464,94.976,106.88,car
007624.jpg,108.544,59.52,128,110.72,pottedplant
007624.jpg,91.904,68.736,107.776,87.168,pottedplant
007624.jpg,75.264,65.408,91.392,88.448,pottedplant
007624.jpg,70.4,82.048,79.104,95.36,pottedplant
007624.jpg,70.144,51.328,106.24,78.976,pottedplant
007624.jpg,0.512,76.416,11.008,112,pottedplant
007624.jpg,11.52,82.56,32.768,112,pottedplant
007624.jpg,39.68,72.32,56.832,106.112,pottedplant
007624.jpg,38.656,26.24,75.008,94.848,pottedplant
006470.jpg,49.152,40.3384955752212,73.472,88.9336283185841,bird
008987.jpg,77.312,54.4279279279279,114.944,79.442942942943,sofa
008987.jpg,23.808,61.3198198198198,73.728,101.13963963964,sofa
008987.jpg,22.784,73.5720720720721,29.696,88.3768768768769,pottedplant
002367.jpg,43.264,33.408,90.88,95.616,person
002367.jpg,25.6,49.792,103.168,103.552,motorbike
001171.jpg,39.936,78.5921450151057,82.432,106,motorbike
001171.jpg,1.024,36.9728096676737,16.896,83.6676737160121,person
001171.jpg,36.864,43.570996978852,58.624,85.6978851963746,person
001171.jpg,74.24,38.7492447129909,122.624,106,person
006235.jpg,89.856,80.256,123.136,94.848,car
006235.jpg,56.832,80.256,92.672,94.848,car
006235.jpg,33.536,81.792,62.976,94.592,car
006235.jpg,10.496,82.304,40.192,94.08,car
006235.jpg,2.56,77.184,23.296,92.8,car
006235.jpg,113.408,74.88,118.784,83.072,person
006235.jpg,109.824,78.464,112.128,80.512,person
006235.jpg,104.448,77.952,107.264,80.512,person
006235.jpg,100.352,78.72,102.656,81.024,person
006235.jpg,30.208,80,33.024,82.56,person
006235.jpg,33.024,80.768,35.328,83.072,person
003072.jpg,52.992,36.0495495495496,89.088,101.13963963964,bird
004982.jpg,1.28,49.8333333333333,128,77.9114114114114,aeroplane
008553.jpg,7.424,51.6940298507463,68.864,84.4253731343284,train
002603.jpg,47.36,41.344,77.824,78.72,bird
007884.jpg,45.568,14.8221153846154,77.312,56.8653846153846,person
007884.jpg,3.328,73.1730769230769,115.2,117,bicycle
009841.jpg,20.224,60.8068535825545,43.776,80.7320872274143,person
009841.jpg,44.8,43.4361370716511,90.624,80.98753894081,horse
002140.jpg,25.984,22.016,81.536,55.04,dog
007020.jpg,29.824,45.056,49.024,110.08,person
002804.jpg,120.576,54.144,128,61.056,car
002804.jpg,84.48,49.536,114.944,60.544,car
002804.jpg,13.056,49.536,30.976,55.424,car
002804.jpg,0.256,50.56,11.776,55.936,car
002804.jpg,116.224,51.328,120.832,61.824,person
002804.jpg,0.256,55.936,4.864,75.648,person
002804.jpg,56.064,55.936,67.584,95.616,person
002804.jpg,92.672,57.472,99.328,82.048,person
002804.jpg,77.824,54.656,86.784,67.968,person
002804.jpg,77.824,59.52,91.648,78.976,horse
002804.jpg,48.384,66.176,59.648,90.496,horse
000112.jpg,39.3678678678679,44.544,92.2057057057057,83.968,dog
000112.jpg,94.7582582582583,41.472,102.160660660661,50.688,chair
001950.jpg,39.168,77.44,43.52,90.496,person
001950.jpg,85.76,104.064,90.624,112,person
001950.jpg,47.872,103.04,53.504,112,person
001950.jpg,40.192,102.784,45.056,112,person
001950.jpg,37.376,101.504,43.776,112,person
001950.jpg,0.512,107.648,25.6,112,car
005033.jpg,27.392,46.7242744063325,122.368,104.565963060686,bird
002594.jpg,91.648,41.6595744680851,127.232,78.6808510638298,pottedplant
002594.jpg,77.824,59.7872340425532,104.448,87.8723404255319,pottedplant
002594.jpg,38.656,54.936170212766,76.032,82,pottedplant
002594.jpg,11.008,64.8936170212766,37.376,90.6808510638298,pottedplant
002594.jpg,1.28,43.9574468085106,30.208,69.4893617021277,pottedplant
008103.jpg,0.768,51.0454545454545,128,109.975935828877,sofa
008103.jpg,52.992,34.7887700534759,83.456,111.5,person
006357.jpg,54.9909365558912,91.904,95.3413897280967,112.64,boat
006357.jpg,54.7371601208459,93.696,64.1268882175227,97.28,boat
006357.jpg,65.9033232628399,93.696,77.5770392749245,97.536,boat
009161.jpg,4.864,61.3126649076517,108.288,96.631926121372,bus
009161.jpg,54.272,78.7163588390501,67.072,108.660949868074,person
009161.jpg,71.68,77.1807387862797,82.688,108.660949868074,person
009161.jpg,95.232,77.1807387862797,103.68,98.9353562005277,person
009161.jpg,111.616,81.0197889182058,117.248,87.4182058047493,person
007016.jpg,42.496,36.992,62.464,105.088,person
007016.jpg,62.976,36.992,85.248,66.688,person
007016.jpg,92.16,31.616,110.08,90.24,person
008433.jpg,71.68,67.3214285714286,98.816,106.412087912088,bicycle
008433.jpg,44.032,49.6923076923077,66.816,86.739010989011,bicycle
008433.jpg,27.392,37.4285714285714,51.2,70.8983516483517,bicycle
008433.jpg,70.144,43.8159340659341,108.032,94.9148351648352,person
008433.jpg,43.52,28.4862637362637,75.52,77.2857142857143,person
008433.jpg,32,21.0769230769231,58.112,67.0659340659341,person
005085.jpg,48.9154929577465,85.504,93.2816901408451,123.392,diningtable
005085.jpg,74.7746478873239,89.088,107.225352112676,128,chair
005085.jpg,56.2676056338028,71.936,72.2394366197183,86.784,chair
006180.jpg,28.3636363636364,38.3611111111111,110.545454545455,94.6944444444445,bottle
006180.jpg,0.363636363636364,35.8333333333333,84,116,person
004203.jpg,41.728,24.4181818181818,72.704,53.4363636363636,car
004203.jpg,69.12,30.7818181818182,81.92,44.2727272727273,car
004203.jpg,79.104,30.7818181818182,86.528,38.9272727272727,car
004203.jpg,0.256,15.5090909090909,51.968,113,car
006486.jpg,16.64,82.304,25.088,104.576,bottle
006486.jpg,0.256,56.96,40.96,106.112,person
006486.jpg,19.2,44.928,43.52,81.792,person
006486.jpg,53.76,37.76,80.128,76.928,person
006486.jpg,82.944,50.56,109.824,95.872,person
006486.jpg,110.848,74.112,128,99.2,person
006486.jpg,99.84,84.096,128,112,person
005395.jpg,64.768,69.504,74.752,76.928,sheep
005395.jpg,73.472,69.504,79.872,77.696,sheep
005395.jpg,88.32,67.712,97.792,74.624,sheep
005395.jpg,103.936,73.344,116.992,84.352,sheep
005395.jpg,107.264,63.104,112.128,67.712,sheep
005395.jpg,55.552,64.384,60.416,68.224,sheep
005395.jpg,44.032,65.92,52.992,72.32,sheep
005395.jpg,37.632,65.92,45.824,71.04,sheep
005395.jpg,22.016,65.92,29.696,70.784,sheep
005395.jpg,18.176,65.152,23.296,68.992,sheep
000269.jpg,47.36,88.7951807228916,52.48,102.963855421687,bottle
000269.jpg,76.288,83.9879518072289,83.456,100.939759036145,bottle
000269.jpg,61.44,22.2530120481928,66.816,28.578313253012,bottle
000269.jpg,40.192,22.2530120481928,44.544,28.8313253012048,bottle
000269.jpg,35.584,22.2530120481928,39.68,29.0843373493976,bottle
000269.jpg,58.112,36.1686746987952,127.232,75.8915662650603,person
000269.jpg,23.296,36.9277108433735,62.72,88.0361445783133,person
000269.jpg,9.472,55.9036144578313,51.968,106,person
000269.jpg,57.856,40.9759036144578,105.728,91.3253012048193,person
000269.jpg,66.048,50.8433734939759,122.112,106,person
009636.jpg,38.784,57.344,112,128,bicycle
007318.jpg,5.376,21.888,11.776,39.808,person
008739.jpg,39.6231231231231,87.296,44.472972972973,107.776,person
008739.jpg,45.7492492492492,89.856,50.3438438438438,105.472,person
008739.jpg,50.3438438438438,89.088,54.9384384384384,105.984,person
008739.jpg,59.533033033033,91.904,63.1066066066066,96,car
008739.jpg,72.2957957957958,91.648,76.1246246246246,96.256,car
008739.jpg,63.3618618618619,93.184,73.5720720720721,102.144,car
008739.jpg,79.9534534534535,89.088,88.6321321321321,94.464,car
008739.jpg,73.0615615615616,93.696,106.5,125.184,car
001323.jpg,8.448,64.128,123.136,98.432,train
006338.jpg,0.256,25.2540716612378,100.096,94.3615635179153,train
004446.jpg,57.856,70.528,109.824,103.808,cat
004446.jpg,33.792,16.256,96.256,87.68,pottedplant
006129.jpg,2.304,50.5990990990991,124.672,76.3798798798799,aeroplane
006995.jpg,62.208,60.544,86.784,102.784,chair
005550.jpg,59.2,66.4,71.4666666666667,84.2666666666667,horse
005550.jpg,63.2,62.9333333333333,77.6,87.7333333333333,person
004212.jpg,22.528,61.056,64,95.872,cat
004212.jpg,116.224,45.44,128,90.496,pottedplant
002613.jpg,70.912,76.928,80.896,104.832,bottle
002613.jpg,78.08,74.112,89.6,112,bottle
002613.jpg,88.832,76.928,100.096,112,bottle
002613.jpg,99.328,73.856,108.032,109.44,bottle
002613.jpg,107.52,74.112,117.248,107.904,bottle
002613.jpg,10.24,21.12,67.072,92.288,person
007742.jpg,4.864,45.9953846153846,105.984,94.0076923076923,train
009756.jpg,52.48,22.144,97.28,89.472,person
009756.jpg,30.208,36.992,107.52,96.896,motorbike
009035.jpg,21.7552552552553,0.256,106.5,123.392,cat
001348.jpg,41.728,34.7732732732733,80.128,75.1036036036036,bird
001691.jpg,99.328,16.512,128,47.744,bus
001691.jpg,69.888,16.256,99.84,35.968,bus
001691.jpg,20.992,16.512,48.384,32.128,bus
001691.jpg,116.48,21.888,122.88,41.344,person
001691.jpg,82.688,23.424,89.344,41.088,person
001691.jpg,59.648,24.192,66.048,37.76,person
001691.jpg,52.992,23.424,58.88,36.992,person
001691.jpg,48.64,27.776,53.248,36.992,person
001691.jpg,33.28,24.192,39.168,32.896,person
001691.jpg,15.104,22.912,20.224,32.64,person
001691.jpg,19.712,20.608,24.832,32.384,person
001691.jpg,12.288,22.656,15.616,33.152,person
001691.jpg,8.96,23.424,13.824,33.408,person
001691.jpg,0.256,20.608,4.864,33.664,person
001691.jpg,4.096,21.12,9.472,33.92,person
000965.jpg,40.064,72.96,76.672,118.016,dog
000965.jpg,63.872,35.584,85.12,47.616,cat
000965.jpg,16.512,22.016,111.744,128,sofa
004732.jpg,31.36,35.84,112,128,chair
004732.jpg,35.968,41.728,108.416,127.232,person
001650.jpg,27.904,58.7672672672673,41.216,70.509009009009,tvmonitor
001650.jpg,97.28,73.5720720720721,128,106.5,sofa
001650.jpg,79.104,65.1486486486486,115.2,90.9294294294294,chair
008628.jpg,59.264,7.936,97.92,44.288,chair
008628.jpg,38.784,18.944,56.704,42.496,chair
008628.jpg,16.256,35.072,112,128,sofa
008628.jpg,16.256,0.256,80,103.936,person
007812.jpg,0.256,66.944,16.64,93.056,chair
007812.jpg,31.232,76.672,68.864,112,chair
007979.jpg,70.4,60.970297029703,105.216,81.4207920792079,cow
007979.jpg,50.176,54.4059405940594,61.696,83.1881188118812,person
007979.jpg,113.92,48.8514851485149,122.624,71.8267326732673,person
007976.jpg,52.224,49.024,58.368,54.656,aeroplane
007976.jpg,59.392,55.424,65.024,61.312,aeroplane
007976.jpg,68.096,63.36,73.728,68.992,aeroplane
007976.jpg,67.84,68.736,73.728,74.368,aeroplane
007976.jpg,69.632,74.624,75.264,79.744,aeroplane
002228.jpg,19.968,61.312,27.136,66.432,bus
002228.jpg,14.592,65.92,18.944,68.992,car
003002.jpg,16.256,22.784,46.464,99.584,pottedplant
003002.jpg,46.976,26.624,97.152,107.008,person
004387.jpg,0.256,16.512,128,106.368,boat
004387.jpg,51.968,61.312,70.144,67.712,boat
004387.jpg,76.288,63.104,103.424,72.32,boat
004387.jpg,104.192,64.128,127.744,73.088,boat
004387.jpg,80.128,83.328,128,107.648,bus
004387.jpg,38.144,99.712,46.336,107.648,car
004387.jpg,121.856,92.8,128,112,person
004387.jpg,114.432,94.08,120.832,112,person
004387.jpg,104.704,94.848,112.384,112,person
004387.jpg,102.656,92.288,108.032,111.744,person
004387.jpg,92.16,94.336,99.84,112,person
004387.jpg,73.216,91.776,81.408,112,person
004387.jpg,79.872,96.128,85.504,112,person
004387.jpg,63.232,94.08,72.96,112,person
004387.jpg,58.112,94.336,65.536,112,person
004387.jpg,51.2,95.104,58.624,112,person
004387.jpg,48.896,94.08,54.016,112,person
004387.jpg,43.776,95.36,49.664,111.488,person
004387.jpg,30.464,94.848,39.936,112,person
004387.jpg,22.528,93.824,34.304,112,person
004387.jpg,11.776,93.568,20.736,111.744,person
004387.jpg,5.632,96.128,11.776,112,person
004387.jpg,0.768,95.616,6.4,112,person
001782.jpg,18.944,26.52331002331,128,118.5,bird
006606.jpg,23.552,55.7042042042042,106.752,95.524024024024,dog
006606.jpg,30.208,44.2177177177177,67.328,67.7012012012012,dog
007006.jpg,0.512,64.896,127.744,111.744,diningtable
007006.jpg,37.12,79.232,75.264,111.744,chair
007006.jpg,71.168,75.648,99.84,112,chair
007006.jpg,94.208,72.064,126.464,110.976,chair
007006.jpg,19.2,64.896,37.376,79.744,chair
007006.jpg,40.96,64.128,56.064,75.136,chair
007006.jpg,56.064,61.312,67.328,73.344,chair
007006.jpg,83.456,60.544,91.904,71.04,chair
007006.jpg,95.488,59.776,103.168,68.992,chair
007006.jpg,105.216,60.544,110.848,66.944,chair
000367.jpg,58.112,47.744,69.376,83.84,bottle
000367.jpg,84.736,47.232,99.84,106.624,bottle
000367.jpg,100.864,62.848,108.032,103.04,bottle
000367.jpg,72.96,48,83.456,103.04,bottle
000367.jpg,110.08,63.104,128,74.624,car
000367.jpg,0.512,81.28,128,112,car
000367.jpg,44.544,32.896,75.52,83.84,person
005263.jpg,0.768,17.024,127.744,111.488,sofa
002812.jpg,60.416,66.688,93.696,82.56,car
002812.jpg,3.328,52.352,58.112,82.816,bus
002812.jpg,0.256,66.688,3.328,73.6,car
004750.jpg,21.76,30.1208459214501,57.344,94.3262839879154,person
004750.jpg,5.376,53.4682779456193,57.344,96.1027190332326,motorbike
004750.jpg,77.312,22.2537764350453,128,49.9154078549849,car
001524.jpg,47.36,57.1405405405405,55.296,75.4324324324324,dog
001524.jpg,35.584,38.3405405405405,52.48,70.8594594594595,person
001524.jpg,71.936,34.7837837837838,86.784,70.3513513513514,person
007074.jpg,8.448,38.784,122.624,94.08,bus
007074.jpg,3.84,71.296,9.984,76.928,car
007074.jpg,2.048,70.272,9.216,75.904,car
009911.jpg,19.2,47.935,106.752,80.575,aeroplane
009627.jpg,7.424,22.0487465181059,127.232,102.655988857939,bus
001113.jpg,99.072,28.032,124.672,56.96,person
001113.jpg,101.12,36.48,122.368,102.784,person
001113.jpg,64.256,35.968,103.936,99.456,person
001598.jpg,68.864,88.3768768768769,79.872,100.884384384384,sheep
001598.jpg,56.832,85.8243243243243,63.232,97.3108108108108,sheep
001598.jpg,43.008,87.3558558558559,50.688,95.7792792792793,sheep
001598.jpg,38.4,83.527027027027,44.288,89.6531531531532,sheep
001598.jpg,1.024,86.5900900900901,8.448,91.4399399399399,sheep
001598.jpg,90.88,81.2297297297297,97.28,84.8033033033033,sheep
001598.jpg,36.608,84.0375375375375,40.96,86.5900900900901,sheep
001598.jpg,27.392,82.7612612612613,31.744,86.0795795795796,sheep
001598.jpg,9.728,84.2927927927928,15.616,88.1216216216216,sheep
001598.jpg,3.84,84.8033033033033,7.936,88.3768768768769,sheep
001598.jpg,83.2,79.442942942943,86.784,82.2507507507508,sheep
001598.jpg,98.816,78.9324324324324,102.4,81.9954954954955,sheep
001598.jpg,105.984,79.6981981981982,110.336,83.2717717717718,sheep
001598.jpg,114.432,79.442942942943,118.528,82.2507507507508,sheep
001598.jpg,120.832,78.4219219219219,124.416,81.9954954954955,sheep
000964.jpg,42.752,43.451951951952,73.728,99.0975975975976,bird
000964.jpg,47.36,39.3678678678679,71.936,79.442942942943,bird
000619.jpg,36.608,24.5630630630631,117.504,103.692192192192,bird
001185.jpg,50.432,66.944,73.984,98.688,cat
001185.jpg,19.968,35.968,73.984,112,person
001185.jpg,52.224,73.088,128,112,diningtable
001185.jpg,115.712,49.536,128,80.768,bottle
009641.jpg,36.736,50.176,56.96,75.776,person
009641.jpg,41.6,63.744,60.544,78.592,bicycle
009641.jpg,34.432,87.808,54.4,96.256,car
009641.jpg,65.152,86.272,87.68,97.28,car
009641.jpg,37.76,85.504,64.64,94.72,bus
004544.jpg,17.92,34.9880239520958,119.04,93.2664670658683,bus
004544.jpg,118.784,62.9820359281437,127.744,72.6526946107784,car
005499.jpg,0.512,33.7522522522522,128,106.5,car
005499.jpg,70.912,22.7762762762763,105.984,67.4459459459459,person
001266.jpg,0.256,44.2650602409639,122.112,106,motorbike
001266.jpg,32.768,27.566265060241,80.64,106,person
001266.jpg,71.936,22.5060240963855,128,106,person
003296.jpg,0.512,31.2326203208556,64.512,111.5,person
003296.jpg,55.808,31.2326203208556,128,111.5,person
001877.jpg,0.256,35.0285285285285,127.488,100.118618618619,car
004552.jpg,8.448,23.68,110.848,95.872,bus
005568.jpg,7.168,53.376,60.416,89.472,horse
005568.jpg,69.632,52.608,123.392,91.264,horse
008292.jpg,38.4,60.032,50.176,67.712,sheep
008292.jpg,69.12,60.544,77.312,72.32,sheep
008292.jpg,87.296,55.424,94.464,60.288,sheep
008292.jpg,111.616,55.68,118.272,59.008,sheep
008292.jpg,28.928,52.864,32,54.656,sheep
008292.jpg,115.2,52.864,117.504,54.144,sheep
002845.jpg,88.704,50.176,99.456,55.296,sheep
002845.jpg,19.584,67.84,60.8,88.832,sheep
002845.jpg,51.84,50.944,63.616,60.16,sheep
002845.jpg,72.32,53.76,79.488,58.624,sheep
002845.jpg,81.024,52.224,87.424,58.112,sheep
002845.jpg,74.88,51.456,81.536,56.32,sheep
001460.jpg,35.328,38.8573573573574,57.6,83.2717717717718,person
001460.jpg,30.464,54.1726726726727,80.64,93.481981981982,bicycle
009488.jpg,38.6241610738255,22.784,92.1812080536913,103.424,bird
008931.jpg,55.808,81.7807486631016,71.936,111.5,bottle
008931.jpg,11.008,70.096256684492,20.992,106.16577540107,bottle
008931.jpg,96.256,87.8770053475936,103.424,111.5,chair
008931.jpg,28.416,46.2192513368984,70.144,111.5,person
008931.jpg,63.744,47.4893048128342,99.84,111.5,person
008931.jpg,17.92,52.0614973262032,43.776,97.2754010695187,person
008931.jpg,0.256,51.0454545454545,23.808,92.4491978609626,person
008931.jpg,78.592,17.0080213903743,117.76,111.5,person
009306.jpg,33.152,86.528,84.096,115.456,cat
009306.jpg,28.544,18.944,111.232,113.664,person
009306.jpg,16.512,38.4,111.488,127.744,sofa
003493.jpg,35.072,46.8897849462366,112.64,76.258064516129,aeroplane
003518.jpg,0.256,29.4129129129129,36.096,106.5,chair
003518.jpg,16.896,37.5810810810811,93.696,106.5,person
003518.jpg,0.256,21.7552552552553,27.136,95.0135135135135,person
008024.jpg,0.256,34.176,126.464,108.672,aeroplane
008024.jpg,56.064,42.88,76.288,83.84,person
009851.jpg,37.632,52.864,79.872,84.096,horse
009851.jpg,23.296,50.816,63.744,84.352,horse
009851.jpg,56.576,44.928,65.536,69.248,person
009851.jpg,41.984,47.232,53.504,67.712,person
009851.jpg,117.248,59.008,120.576,65.408,person
009580.jpg,21.76,60.5540540540541,79.104,80.2087087087087,train
006350.jpg,5.12,33.315649867374,116.224,74.0583554376658,aeroplane
000936.jpg,76.544,24.0449101796407,88.832,37.5329341317365,aeroplane
000936.jpg,80.384,48.2215568862276,93.184,61.2005988023952,aeroplane
000936.jpg,85.504,59.4191616766467,96.768,72.3982035928144,aeroplane
000936.jpg,66.816,74.434131736527,78.08,86.1407185628743,aeroplane
000936.jpg,39.68,91.9940119760479,51.456,105.22754491018,aeroplane
002102.jpg,9.216,42.5017667844523,124.416,94.4028268551237,bird
003058.jpg,14.010101010101,0.512,114.24494949495,128,person
002462.jpg,13.824,35.2,128,56.448,train
001060.jpg,105.216,62.4761904761905,128,69.8412698412699,car
001060.jpg,39.68,66.031746031746,46.848,75.4285714285714,bicycle
001060.jpg,40.192,59.6825396825397,47.872,74.9206349206349,person
004326.jpg,22.016,42.1962750716332,33.792,61.3223495702006,bird
008958.jpg,12.8,24.96,128,107.904,car
009271.jpg,51.456,42.624,99.072,89.472,sheep
009271.jpg,106.24,47.744,121.6,62.336,sheep
006023.jpg,5.376,27.776,126.72,87.68,train
007241.jpg,1.792,34.176,122.624,109.44,bus
006876.jpg,27.392,47.0255255255255,42.752,73.3168168168168,chair
006876.jpg,53.76,23.542042042042,98.304,100.629129129129,person
006876.jpg,35.84,62.8513513513514,57.344,92.2057057057057,cat
002879.jpg,1.792,32.64,128,112,person
001677.jpg,28.16,84.864,128,112,diningtable
001677.jpg,13.312,74.88,35.84,112,chair
002730.jpg,47.616,43.9624624624625,98.56,96.5450450450451,car
002730.jpg,56.32,54.9384384384384,69.12,68.466966966967,person
002730.jpg,62.464,50.0885885885886,75.52,58.2567567567568,person
001689.jpg,60.032,23.296,70.016,36.864,person
001689.jpg,18.048,47.616,37.248,74.752,person
001689.jpg,31.36,60.928,56.448,93.952,chair
005129.jpg,0.512,57.728,107.264,112,chair
005129.jpg,77.824,40.32,103.68,64.64,pottedplant
005129.jpg,31.744,48.256,97.28,112,person
005129.jpg,68.096,18.304,86.272,49.536,chair
005129.jpg,54.528,22.4,69.888,44.928,chair
005129.jpg,48.384,16.256,57.088,41.6,chair
005129.jpg,38.144,17.28,50.176,38.784,chair
000424.jpg,16.64,63.1061538461538,34.304,77.6630769230769,bird
000424.jpg,48.384,72.8107692307692,72.704,87.3676923076923,bird
000424.jpg,83.712,75.8753846153846,102.656,86.8569230769231,bird
000424.jpg,105.216,67.7030769230769,124.416,80.4723076923077,bird
008482.jpg,43.008,54.912,103.424,77.44,car
008482.jpg,11.776,45.952,20.48,67.968,person
008482.jpg,98.56,49.792,104.704,66.688,person
008482.jpg,106.752,49.28,112.384,66.432,person
008482.jpg,110.848,48,118.528,67.2,person
008482.jpg,123.392,49.536,128,66.688,person
008482.jpg,121.856,48,125.696,66.688,person
008482.jpg,19.712,50.816,39.936,59.52,car
008482.jpg,26.88,47.232,32.512,59.776,person
008482.jpg,36.608,46.976,42.496,60.544,person
008482.jpg,40.704,47.744,44.544,59.776,person
008482.jpg,0.512,46.976,12.032,56.704,car
008482.jpg,82.688,50.048,95.744,55.424,car
005893.jpg,0.256,37.8368983957219,122.624,62.7299465240642,train
003698.jpg,91.136,82.304,103.424,98.432,sheep
007482.jpg,24.576,47.7912912912913,61.952,89.3978978978979,person
007482.jpg,60.672,40.8993993993994,94.72,89.1426426426427,person
007482.jpg,99.584,40.6441441441441,128,97.8213213213213,person
007482.jpg,11.008,53.1516516516516,128,93.7372372372372,sofa
005996.jpg,0.256,16.256,128,90.24,motorbike
000150.jpg,47.616,41.4099099099099,81.664,88.8873873873874,horse
000150.jpg,90.368,35.2837837837838,97.024,49.0675675675676,person
000150.jpg,106.24,34.518018018018,111.616,49.3228228228228,person
000150.jpg,121.856,35.2837837837838,125.952,46.515015015015,person
000150.jpg,125.184,34.518018018018,128,47.0255255255255,person
002834.jpg,1.024,2.50819672131148,57.088,125.237704918033,person
006065.jpg,1.024,23.424,128,89.472,dog
007090.jpg,19.2,67.968,82.176,109.44,car
008764.jpg,38.5,9.728,99.7,83.2,bird
008667.jpg,3.84,26.6309523809524,110.848,104.952380952381,aeroplane
007824.jpg,37.888,62.8513513513514,112.64,106.5,cat
000730.jpg,1.28,34.7732732732733,126.72,81.2297297297297,aeroplane
009800.jpg,18.944,68.3239130434783,23.808,75.445652173913,bird
009800.jpg,23.296,65.7804347826087,27.136,75.7,bird
009800.jpg,28.16,67.5608695652174,32.256,76.2086956521739,bird
009800.jpg,32,65.5260869565217,36.608,76.2086956521739,bird
009800.jpg,41.216,63.745652173913,46.336,75.445652173913,bird
009800.jpg,60.672,65.2717391304348,64.512,75.445652173913,bird
009800.jpg,64.512,67.0521739130435,69.12,74.6826086956522,bird
009800.jpg,32.768,71.8847826086957,45.312,85.1108695652174,bird
009800.jpg,72.96,53.8260869565217,96.768,122.5,person
009800.jpg,102.912,46.45,128,122.5,person
009800.jpg,0.256,44.6695652173913,15.872,122.5,person
005175.jpg,6.4,66.688,52.992,84.352,aeroplane
005175.jpg,49.92,66.176,86.272,81.536,aeroplane
005175.jpg,84.48,68.736,109.824,79.232,aeroplane
005175.jpg,89.088,64.896,121.344,77.696,aeroplane
005175.jpg,113.152,69.76,128,77.44,aeroplane
001768.jpg,16.256,16.128,82.816,88.064,cat
003313.jpg,46.336,48.5570570570571,109.056,74.3378378378378,car
003313.jpg,87.04,22.521021021021,94.464,43.7072072072072,person
003313.jpg,84.224,21.7552552552553,91.392,33.496996996997,person
003313.jpg,72.448,21.7552552552553,80.64,33.496996996997,person
003313.jpg,72.96,51.8753753753754,79.36,58.7672672672673,person
001450.jpg,46.848,39.7643504531722,84.48,86.2054380664653,person
001450.jpg,47.36,49.9154078549849,86.016,85.6978851963746,motorbike
001465.jpg,84.736,71.296,123.392,112,chair
001465.jpg,0.256,88.192,39.936,112,chair
001465.jpg,71.936,65.152,84.224,91.776,chair
001465.jpg,61.44,64.128,72.192,89.472,chair
001465.jpg,19.2,69.248,40.192,102.528,chair
001465.jpg,5.12,75.648,22.016,109.44,chair
001465.jpg,0.256,75.904,30.976,107.136,diningtable
001465.jpg,8.96,69.76,11.776,77.184,bottle
002158.jpg,7.424,62.2266666666667,75.008,88.32,bird
005368.jpg,28.3712574850299,88.576,86.1407185628743,128,bicycle
005368.jpg,23.7904191616766,4.608,103.700598802395,128,person
001800.jpg,16.512,46.336,111.232,127.744,sofa
001800.jpg,37.504,18.432,77.952,94.976,person
006201.jpg,47.616,65.9144144144144,128,78.6771771771772,train
006201.jpg,75.52,73.0615615615616,87.296,78.6771771771772,car
005647.jpg,80.384,52.096,97.28,70.784,sofa
005647.jpg,103.68,49.536,128,66.944,sofa
005647.jpg,54.528,71.808,80.64,109.184,chair
005647.jpg,18.432,73.088,41.984,104.576,chair
005647.jpg,10.496,64.64,24.832,94.336,chair
005647.jpg,39.168,62.336,65.28,99.456,chair
005647.jpg,5.632,64.384,79.104,104.064,diningtable
007845.jpg,17.92,21.67,79.872,103.525,bird
007845.jpg,33.28,30.85,117.248,80.065,bird
009789.jpg,0.256,48.9131054131054,59.136,108.5,person
009789.jpg,59.392,32.6851851851852,128,108.5,person
009507.jpg,48.384,58.512012012012,62.72,66.9354354354354,car
009507.jpg,82.688,59.533033033033,90.88,65.6591591591592,car
009507.jpg,97.536,60.5540540540541,102.144,63.3618618618619,car
009507.jpg,116.224,61.3198198198198,120.832,64.1276276276276,car
000871.jpg,2.048,45.184,125.696,90.752,car
005223.jpg,20.224,31.872,128,112,sheep
006029.jpg,0.512,29.312,13.056,46.976,tvmonitor
006029.jpg,35.84,24.448,44.8,41.344,person
006029.jpg,6.656,25.984,44.544,52.352,person
006029.jpg,33.792,24.448,55.552,50.816,person
006029.jpg,57.6,27.776,64.512,36.992,pottedplant
006029.jpg,64.512,25.728,72.448,34.432,pottedplant
006029.jpg,91.648,19.584,113.152,33.408,pottedplant
006029.jpg,66.816,25.984,96.512,47.744,chair
006029.jpg,0.256,43.904,128,112,sofa
006029.jpg,38.4,49.792,125.44,94.592,person
006029.jpg,13.312,71.552,94.976,95.104,dog
008815.jpg,0.512,23.68,58.88,109.184,cat
001365.jpg,82.432,57.2749244712991,106.496,69.963746223565,bird
004380.jpg,23.542042042042,18.944,106.5,128,motorbike
004380.jpg,22.7762762762763,6.656,104.202702702703,113.92,person
004380.jpg,31.7102102102102,26.624,91.1846846846847,82.432,person
003919.jpg,0.256,97.664,13.312,105.856,boat
003919.jpg,23.04,84.864,50.176,94.592,boat
003919.jpg,53.76,75.904,71.424,84.608,boat
003919.jpg,104.448,68.992,118.784,73.088,boat
003919.jpg,93.952,71.04,102.912,75.904,boat
003919.jpg,118.272,64.64,128,70.016,boat
003919.jpg,11.008,82.304,17.152,84.608,bus
003919.jpg,15.104,83.584,21.504,86.656,bus
003919.jpg,26.624,80.512,33.536,82.816,bus
003919.jpg,33.536,79.488,39.168,81.792,bus
005433.jpg,35.584,55.936,84.992,87.68,dog
005433.jpg,0.256,16.256,128,112,sofa
007799.jpg,27.392,40.2719033232628,102.656,84.9365558912387,sofa
007799.jpg,0.256,50.6767371601209,46.08,106,sofa
007799.jpg,71.68,52.1993957703928,93.696,79.3534743202417,diningtable
007799.jpg,78.08,91.7885196374622,128,106,diningtable
007799.jpg,98.816,72.5015105740181,128,92.0422960725076,diningtable
007799.jpg,114.432,67.4259818731118,128,73.5166163141994,diningtable
007799.jpg,0.256,65.1419939577039,23.808,88.4894259818731,diningtable
007799.jpg,16.128,44.5861027190332,40.704,103.716012084592,person
007799.jpg,63.744,80.1148036253776,86.272,106,chair
007799.jpg,87.296,67.1722054380665,104.448,100.163141993958,chair
007799.jpg,113.408,55.7522658610272,127.488,70.2175226586103,chair
007799.jpg,124.16,45.6012084592145,128,57.7824773413897,chair
007799.jpg,91.392,32.1510574018127,97.536,40.2719033232628,chair
007799.jpg,80.896,29.8670694864048,86.528,37.987915407855,chair
007799.jpg,107.776,32.6586102719033,114.176,37.7341389728097,chair
007799.jpg,92.672,30.8821752265861,98.56,37.226586102719,chair
009358.jpg,72.192,76.416,92.672,92.032,bus
009358.jpg,109.312,95.104,128,106.368,car
009358.jpg,84.48,92.032,102.656,102.528,car
009358.jpg,83.712,96.64,87.296,103.808,person
002668.jpg,22.016,95.872,127.744,111.744,diningtable
002668.jpg,81.92,42.112,128,97.664,person
002668.jpg,109.056,42.88,118.272,50.304,person
002668.jpg,24.32,37.248,79.104,97.664,person
002668.jpg,22.784,59.264,28.672,64.64,person
002668.jpg,4.864,47.744,24.832,63.872,pottedplant
001649.jpg,32.4414414414414,70.144,58.9099099099099,128,chair
001649.jpg,10.5540540540541,13.568,118.972972972973,127.744,person
000233.jpg,70.912,43.136,123.648,84.352,sheep
000233.jpg,0.256,16.512,115.456,65.408,car
002104.jpg,57.344,26.0481927710843,97.28,105.493975903614,person
002104.jpg,9.728,42.7469879518072,122.368,98.4096385542169,motorbike
004329.jpg,112.64,61.056,124.16,70.272,car
004329.jpg,89.6,50.048,112.384,74.368,car
004329.jpg,50.688,62.336,75.52,82.048,car
004329.jpg,20.992,57.728,32.256,84.096,person
004329.jpg,42.496,57.728,54.528,95.104,person
004329.jpg,58.112,57.216,68.608,94.592,person
004329.jpg,73.728,56.448,82.688,85.12,person
004329.jpg,88.32,52.864,96,85.376,person
004329.jpg,76.288,55.936,96.256,101.248,person
008585.jpg,0.256,21.7544910179641,127.744,106.5,person
003436.jpg,18.944,51.328,34.56,85.376,horse
003436.jpg,38.656,41.856,74.496,107.648,horse
003436.jpg,71.168,39.552,112.384,108.416,horse
003436.jpg,113.408,62.08,122.112,76.416,pottedplant
003436.jpg,31.232,39.552,38.4,50.56,person
003436.jpg,50.176,30.848,62.464,45.696,person
003838.jpg,1.024,34.944,42.496,112,person
003838.jpg,30.464,38.784,71.68,112,person
003838.jpg,56.32,32.384,96.256,112,person
003838.jpg,87.552,36.992,128,112,person
003838.jpg,86.528,33.408,99.328,66.688,person
003838.jpg,118.016,39.296,128,66.944,person
003355.jpg,57.856,52.455223880597,96.256,91.5298507462687,person
003355.jpg,0.512,22.0074626865672,82.944,82.9029850746269,car
003355.jpg,84.224,22.0074626865672,128,55.5,car
003355.jpg,56.32,34.9477611940299,124.416,65.9029850746269,car
008978.jpg,54.272,53.376,125.696,107.648,car
006632.jpg,76.8,81.536,120.832,109.44,car
006632.jpg,57.344,86.656,69.12,96.64,bicycle
004215.jpg,2.048,16.512,103.68,111.744,motorbike
007234.jpg,34,35.4018691588785,89.6,96.5700934579439,horse
007234.jpg,45.2,30.6355140186916,75.2,68.3691588785047,person
005001.jpg,37.376,52.1306306306306,79.104,106.5,sheep
005001.jpg,32,38.6021021021021,52.224,85.8243243243243,sheep
005001.jpg,79.104,56.7252252252252,126.976,106.5,sheep
005001.jpg,79.36,34.2627627627628,113.152,63.6171171171171,sheep
005001.jpg,0.256,21.7552552552553,40.96,94.7582582582583,sheep
005001.jpg,44.544,24.5630630630631,74.496,57.490990990991,sheep
005001.jpg,32.256,22.0105105105105,49.408,39.6231231231231,sheep
005001.jpg,1.024,72.2957957957958,21.76,106.5,sheep
003629.jpg,99.84,59.52,122.112,102.528,pottedplant
003629.jpg,58.624,26.752,99.072,98.432,pottedplant
003629.jpg,16.896,20.096,65.792,66.944,pottedplant
003629.jpg,34.304,33.408,69.12,90.752,pottedplant
004263.jpg,19.456,49.9179104477612,93.696,104.723880597015,bird
001350.jpg,0.256,63.104,31.744,112,chair
001350.jpg,28.416,45.184,67.584,112,person
001350.jpg,62.72,54.912,91.136,112,person
001350.jpg,78.592,45.184,118.272,111.232,person
001350.jpg,43.008,52.608,85.76,112,person
009162.jpg,56.32,31.2487046632124,118.016,99.0362694300518,chair
009518.jpg,32,27.9539295392954,105.472,107.688346883469,dog
009518.jpg,56.832,17.2547425474255,84.48,85.2710027100271,person
004436.jpg,49.3253012048193,39.424,83.4819277108434,97.792,train
009147.jpg,11.264,42.0113636363636,116.48,98.2613636363636,cat
006247.jpg,0.512,32.128,116.224,107.648,sheep
005297.jpg,22.784,22.0105105105105,116.224,106.5,person
005297.jpg,26.624,39.6231231231231,63.744,106.5,person
005297.jpg,9.472,55.1936936936937,27.136,90.4189189189189,person
000774.jpg,21.76,33.2012779552716,114.432,81.5079872204473,train
005765.jpg,0.512,16.512,86.528,111.744,person
005765.jpg,64.256,17.024,128,112,person
005765.jpg,0.256,16.256,30.208,83.072,person
007486.jpg,0.256,38.3468468468468,104.448,74.3378378378378,aeroplane
008410.jpg,75.52,55.936,105.216,109.952,person
008410.jpg,0.256,56.96,39.168,112,person
008410.jpg,43.264,46.976,59.392,73.856,person
008410.jpg,66.56,46.72,81.664,74.624,person
008410.jpg,35.584,59.52,55.04,112,person
008410.jpg,54.016,54.144,76.288,112,person
001937.jpg,18.816,54.016,100.992,110.848,car
007946.jpg,79.104,57.472,84.48,64.64,person
007946.jpg,30.208,44.416,79.104,80.512,dog
004244.jpg,87.552,35.2,128,50.56,car
004244.jpg,11.52,36.736,121.6,66.432,car
004244.jpg,24.832,62.08,128,111.488,car
004244.jpg,64.512,57.472,93.44,84.096,person
004244.jpg,4.864,42.112,49.152,100.224,person
004244.jpg,0.256,44.416,39.68,112,person
005107.jpg,13.824,65.92,69.888,102.272,bicycle
005107.jpg,69.376,51.328,73.728,65.152,person
002826.jpg,75.3588588588589,6.656,106.5,46.848,dog
002826.jpg,21.7552552552553,15.36,73.0615615615616,50.176,dog
002826.jpg,21.7552552552553,0.256,46.0045045045045,46.336,person
002826.jpg,80.9744744744745,0.256,105.98948948949,47.104,person
002826.jpg,54.1726726726727,23.808,102.160660660661,118.016,person
002826.jpg,33.496996996997,61.952,80.2087087087087,117.248,dog
009323.jpg,96.768,77.184,123.648,104.32,bird
009323.jpg,56.576,36.224,83.968,53.12,bird
009323.jpg,0.512,59.008,20.992,83.072,bird
009042.jpg,29.696,44.9131736526946,103.936,70.8712574850299,dog
006709.jpg,28.928,53.376,46.336,73.088,person
006709.jpg,47.872,56.704,69.632,76.928,person
006709.jpg,100.864,44.16,128,80.512,person
001799.jpg,71.424,18.8469387755102,108.544,108.897959183673,cow
001799.jpg,10.24,31.6020408163265,66.816,104.30612244898,person
001799.jpg,3.84,17.3163265306122,23.04,81.8571428571429,person
001799.jpg,105.472,36.7040816326531,128,104.561224489796,person
001799.jpg,3.328,87.2142857142857,36.608,113.744897959184,person
007004.jpg,26.112,76.928,38.4,97.92,bicycle
007004.jpg,25.6,67.456,38.4,93.568,person
007004.jpg,81.408,68.736,118.528,87.68,car
007004.jpg,40.96,66.432,50.944,72.832,car
007004.jpg,25.344,65.92,30.208,69.504,car
007004.jpg,16.64,65.664,20.224,68.224,car
005136.jpg,5.632,36.992,123.648,92.032,train
009596.jpg,0.256,58.2900302114804,28.672,81.8912386706949,motorbike
009596.jpg,41.984,50.9305135951662,74.496,77.5770392749245,motorbike
009596.jpg,82.688,50.6767371601209,97.792,71.7401812688822,motorbike
009596.jpg,93.696,50.4229607250755,103.936,65.6495468277946,motorbike
009596.jpg,79.872,47.8851963746224,87.552,64.1268882175227,motorbike
009596.jpg,0.256,40.2719033232628,13.568,71.7401812688822,person
009596.jpg,51.456,39.7643504531722,67.072,70.4712990936556,person
009596.jpg,59.648,38.4954682779456,71.936,51.4380664652568,person
009596.jpg,79.36,39.2567975830816,88.32,49.1540785498489,person
009596.jpg,82.688,39.5105740181269,98.816,67.9335347432024,person
009596.jpg,95.744,40.2719033232628,107.264,63.3655589123867,person
009596.jpg,78.08,34.1812688821752,82.688,43.8247734138973,person
009596.jpg,50.944,34.1812688821752,53.76,43.3172205438066,person
009596.jpg,3.584,32.404833836858,13.824,41.2870090634441,car
009596.jpg,106.752,36.2114803625378,110.592,41.2870090634441,motorbike
009596.jpg,110.592,36.7190332326284,114.944,42.5558912386707,motorbike
009596.jpg,114.944,36.9728096676737,118.272,41.7945619335347,motorbike
009596.jpg,117.504,36.9728096676737,122.112,42.5558912386707,motorbike
009596.jpg,30.208,33.9274924471299,35.072,38.2416918429003,car
004631.jpg,72.576,91.904,108.672,128,chair
004631.jpg,100.48,119.296,112,128,chair
004631.jpg,40.576,91.648,47.744,119.04,chair
004631.jpg,65.664,39.168,92.288,105.984,person
004631.jpg,38.784,39.424,80.256,126.976,person
004631.jpg,25.216,39.936,38.528,59.136,pottedplant
004275.jpg,39.808,43.776,112,128,motorbike
004275.jpg,48.512,11.52,81.28,63.488,person
004275.jpg,94.592,33.792,103.04,50.176,pottedplant
004275.jpg,103.04,33.792,110.976,50.944,pottedplant
004275.jpg,98.432,8.192,111.232,25.088,pottedplant
001074.jpg,18.944,41.6421052631579,108.032,80.5473684210526,bird
001402.jpg,54.528,32.896,113.408,93.056,sofa
001402.jpg,0.256,46.208,94.464,112,sofa
001402.jpg,110.848,29.056,126.464,47.744,bicycle
006061.jpg,54.528,17.792,128,67.2,cat
006061.jpg,52.992,63.36,71.68,111.744,cat
006061.jpg,43.52,16.256,53.76,31.616,bottle
006061.jpg,27.136,16.256,40.192,30.336,bottle
006061.jpg,65.28,68.736,128,112,tvmonitor
001158.jpg,68.352,16.256,127.744,105.6,chair
001158.jpg,0.256,16.512,66.304,107.904,chair
003510.jpg,104.96,78.464,118.528,104.832,chair
003510.jpg,94.464,77.696,103.424,90.496,chair
003510.jpg,64.256,84.864,95.232,112,chair
003510.jpg,59.392,65.92,79.36,87.424,person
006849.jpg,13.056,40.064,72.96,65.92,dog
006849.jpg,60.416,45.952,128,86.144,dog
006849.jpg,0.256,16.256,21.248,46.976,sofa
002324.jpg,0.256,16.256,49.664,111.744,person
002324.jpg,43.776,16.256,75.008,62.592,person
002324.jpg,42.496,48.512,95.488,112,person
004391.jpg,52.736,60.5540540540541,81.92,68.2117117117117,aeroplane
009224.jpg,44.16,48.128,112,97.28,person
009224.jpg,68.736,20.992,91.52,96.768,person
009224.jpg,63.36,15.36,78.72,85.76,person
009224.jpg,24.192,30.72,40.064,74.496,person
009224.jpg,16.256,27.904,23.936,66.304,person
003443.jpg,15.104,40.576,58.624,75.648,dog
006177.jpg,28.928,75.648,40.192,88.704,motorbike
006177.jpg,30.72,69.504,39.424,85.888,person
006177.jpg,57.344,75.904,66.816,84.608,cow
006177.jpg,92.16,78.72,103.168,88.192,cow
005742.jpg,108.032,78.8432835820896,120.832,85.9477611940299,boat
003866.jpg,2.816,41.8639053254438,98.56,80.5384615384616,train
003866.jpg,98.56,54.8402366863905,128,72.6508875739645,train
003320.jpg,85.248,41.9204204204204,125.44,106.5,person
003320.jpg,52.992,42.6861861861862,92.672,106.5,person
003320.jpg,0.256,39.6231231231231,47.36,106.5,person
003320.jpg,53.76,62.0855855855856,60.416,75.3588588588589,person
003320.jpg,46.08,63.8723723723724,50.176,74.0825825825826,person
003320.jpg,2.56,62.8513513513514,13.568,77.6561561561562,person
003320.jpg,73.728,56.2147147147147,82.688,67.7012012012012,person
003525.jpg,40.96,16.256,114.688,112,cat
004376.jpg,28.416,20.5641711229946,128,111.5,cat
003606.jpg,7.168,24.192,125.952,112,car
003606.jpg,70.656,35.456,128,87.936,car
003791.jpg,50.432,79.232,82.176,111.744,chair
003791.jpg,4.864,94.08,31.232,111.744,chair
003791.jpg,0.256,76.672,10.24,109.952,chair
003791.jpg,104.448,78.72,115.968,112,chair
003791.jpg,114.944,96.64,123.904,112,chair
003791.jpg,9.216,84.608,57.344,112,diningtable
003791.jpg,111.616,89.728,128,101.504,diningtable
003791.jpg,79.872,84.352,92.16,99.456,pottedplant
003791.jpg,56.576,81.28,69.12,91.776,pottedplant
002405.jpg,13.568,39.3712296983759,90.624,112.874709976798,horse
002405.jpg,26.368,17.1670533642691,74.496,90.6705336426914,person
000052.jpg,105.984,80.7192192192192,117.248,88.6321321321321,pottedplant
000052.jpg,74.496,81.9954954954955,85.248,90.4189189189189,pottedplant
000052.jpg,46.848,82.2507507507508,58.112,91.1846846846847,pottedplant
000052.jpg,13.312,83.7822822822823,25.344,91.4399399399399,pottedplant
000052.jpg,15.872,46.0045045045045,27.392,55.1936936936937,pottedplant
000052.jpg,47.104,45.493993993994,57.6,54.1726726726727,pottedplant
005029.jpg,107.776,48.6492537313433,125.952,61.0820895522388,bicycle
005029.jpg,96.768,30.1268656716418,112.384,43.3208955223881,bicycle
005029.jpg,63.744,46.6194029850746,80.64,60.0671641791045,bicycle
005029.jpg,45.568,49.6641791044776,62.976,61.8432835820896,bicycle
005029.jpg,97.28,24.7985074626866,109.312,39.2611940298507,person
005029.jpg,111.872,41.7985074626866,124.672,57.0223880597015,person
005029.jpg,66.304,41.544776119403,78.848,57.5298507462687,person
005029.jpg,48.128,43.5746268656717,61.44,58.7985074626866,person
003307.jpg,1.13609467455621,18.4598662207358,116.639053254438,102.359531772575,horse
003937.jpg,0.256,22.0105105105105,79.872,106.5,cat
006066.jpg,87.808,81.484984984985,128,106.5,sofa
006066.jpg,12.032,89.3978978978979,52.224,106.244744744745,chair
006066.jpg,38.4,52.1306306306306,86.784,88.8873873873874,tvmonitor
009615.jpg,4.352,44.2177177177177,125.44,81.484984984985,aeroplane
009066.jpg,25.088,43.5883190883191,119.552,108.5,dog
008466.jpg,54.272,52.3858858858859,113.152,80.2087087087087,car
003189.jpg,50.2052401746725,43.52,74.7292576419214,85.504,horse
003189.jpg,47.1397379912664,13.824,79.3275109170306,72.704,person
003189.jpg,50.7161572052402,83.968,73.9628820960699,122.112,pottedplant
003189.jpg,42.0305676855895,72.96,60.1681222707424,89.088,pottedplant
003189.jpg,28.4912663755459,68.864,41.0087336244542,91.904,pottedplant
009579.jpg,21.12,0.512,112,128,person
006035.jpg,69.12,90.1512455516014,88.064,97.9839857651246,car
006035.jpg,89.344,91.414590747331,108.8,97.4786476868328,car
006035.jpg,112.128,91.414590747331,128,97.7313167259787,car
006035.jpg,38.656,91.9199288256228,57.6,97.7313167259787,car
006035.jpg,22.016,90.9092526690391,38.4,97.2259786476868,car
006035.jpg,4.864,91.414590747331,20.48,96.9733096085409,car
003895.jpg,0.256,22.5060240963855,128,84.2409638554217,train
005544.jpg,20.224,48.128,73.728,79.36,train
003290.jpg,60.928,41.2289156626506,103.168,94.1084337349398,horse
003290.jpg,30.976,54.6385542168675,63.488,84.2409638554217,horse
003290.jpg,46.336,44.7710843373494,58.88,73.1084337349398,person
003290.jpg,79.872,28.0722891566265,103.424,77.1566265060241,person
003290.jpg,60.672,61.2168674698795,75.52,88.289156626506,horse
003290.jpg,73.216,42.2409638554217,80.384,48.8192771084337,person
009218.jpg,16.768,15.36,111.744,128,train
002969.jpg,35.584,48,128,111.744,bird
003294.jpg,28.8313253012048,18.432,106,128,horse
009939.jpg,10.24,45.184,74.496,73.6,sofa
009939.jpg,66.304,53.376,121.6,98.688,sofa
002632.jpg,12.3611111111111,0.363636363636364,100.472222222222,128,person
004220.jpg,38.912,55.1936936936937,97.28,76.1246246246246,bird
005985.jpg,79.7627118644068,0.256,109,66.048,pottedplant
005985.jpg,32.9830508474576,17.92,77.728813559322,104.96,person
002976.jpg,32.7649402390438,50.944,93.195219123506,128,person
002976.jpg,83.5059760956175,92.416,96,120.576,person
001832.jpg,0.256,16.256,128,112,person
001832.jpg,0.256,35.968,106.496,112,dog
003127.jpg,0.768,16.512,127.744,105.6,cat
007677.jpg,25.344,50.1078431372549,96,84.0098039215686,aeroplane
003094.jpg,4.864,29.1576576576577,128,87.6111111111111,car
003044.jpg,36.48,109.056,42.368,128,person
003044.jpg,40.576,109.312,45.952,127.232,person
003044.jpg,17.024,112.128,28.032,121.6,pottedplant
003044.jpg,40.832,106.496,52.608,122.368,pottedplant
003044.jpg,82.304,106.24,92.288,118.784,pottedplant
002277.jpg,15.2558746736292,15.36,90.9947780678851,128,dog
002277.jpg,37.0052219321149,0.256,112.488250652742,128,person
001145.jpg,16.256,52.224,54.144,126.208,dog
001145.jpg,45.184,29.952,93.824,106.496,person
001145.jpg,48.256,0.256,77.696,82.432,person
001145.jpg,74.88,110.848,112,128,person
000460.jpg,66.304,33.152,120.576,111.232,chair
004931.jpg,45.056,62.336,56.576,74.112,boat
004931.jpg,59.648,64.128,69.888,72.32,boat
004931.jpg,93.952,60.032,116.224,98.944,person
004931.jpg,66.304,62.336,81.92,98.688,person
003935.jpg,25.088,30.08,88.832,103.04,dog
004195.jpg,5.632,63.104,47.872,95.872,horse
004195.jpg,22.784,55.936,33.024,77.696,person
004195.jpg,38.144,72.32,50.944,95.104,person
003140.jpg,70.912,28.0970149253731,128,106.5,person
003140.jpg,4.096,40.7835820895522,87.808,106.5,person
009048.jpg,46.464,78.848,75.904,103.424,cat
009048.jpg,62.08,23.04,96.128,54.784,chair
008423.jpg,0.256,41.3354037267081,102.144,105,bird
007621.jpg,77.056,42.112,105.216,67.712,sheep
007621.jpg,44.8,44.928,72.96,69.504,sheep
009181.jpg,31.1996996996997,8.192,99.6081081081081,115.2,pottedplant
006572.jpg,36.608,29.9234234234234,80.64,84.8033033033033,horse
006572.jpg,20.48,42.4309309309309,38.912,64.1276276276276,person
006572.jpg,122.368,29.9234234234234,125.952,35.2837837837838,person
006572.jpg,104.448,28.9024024024024,108.8,37.0705705705706,person
006572.jpg,99.072,29.6681681681682,103.424,38.0915915915916,person
004727.jpg,67.328,42.24,76.288,57.856,bus
004727.jpg,22.016,15.104,67.584,76.544,bus
004727.jpg,9.216,55.04,22.016,66.048,car
004727.jpg,0.256,52.48,14.336,68.096,car
004727.jpg,30.72,55.552,67.328,128,person
004727.jpg,56.576,58.368,67.328,104.448,person
004727.jpg,62.72,47.872,72.192,66.304,person
004727.jpg,64.768,57.6,87.04,127.488,person
004727.jpg,75.52,80.896,120.832,128,person
004727.jpg,102.656,51.456,123.904,128,person
004727.jpg,100.096,43.776,109.824,55.552,person
004727.jpg,85.504,50.944,105.472,82.176,person
004727.jpg,79.872,51.456,90.624,69.12,person
004122.jpg,83.072,83.2,92.544,101.376,person
004122.jpg,68.992,80.128,79.232,92.928,person
004122.jpg,46.976,85.248,55.68,116.736,person
004122.jpg,53.632,87.296,59.52,112.64,person
004122.jpg,57.728,87.552,64.128,113.408,person
004122.jpg,62.848,88.064,69.504,114.176,person
004122.jpg,67.968,88.064,74.88,114.432,person
004122.jpg,72.064,90.112,80.512,117.248,person
004122.jpg,77.952,89.088,83.84,113.408,person
004122.jpg,84.352,87.04,93.056,113.408,person
004815.jpg,47.872,52.8674698795181,95.488,88.289156626506,horse
004815.jpg,94.464,50.3373493975904,109.056,87.0240963855422,person
007916.jpg,3.328,42.7469879518072,125.696,79.9397590361446,aeroplane
003714.jpg,45.312,59.264,76.288,89.984,sheep
002721.jpg,70.144,40.421568627451,115.968,74.578431372549,bird
000443.jpg,3.072,9.57758620689655,27.392,85.8706896551724,person
000443.jpg,45.056,34.7543103448276,83.712,73.1551724137931,dog
009816.jpg,22.272,74.112,40.192,84.864,sheep
009816.jpg,38.656,72.064,49.408,77.696,sheep
009816.jpg,60.16,70.784,72.448,82.304,sheep
009816.jpg,81.664,68.48,93.952,76.928,sheep
009816.jpg,101.376,63.616,116.224,72.32,sheep
009816.jpg,109.056,61.824,121.344,70.016,sheep
009816.jpg,123.392,60.288,128,69.504,sheep
009816.jpg,78.848,64.896,91.136,72.32,sheep
009816.jpg,61.952,68.224,75.008,74.112,sheep
003859.jpg,64.128,3.84,74.112,50.176,bottle
003859.jpg,44.672,0.256,86.912,32.768,person
003859.jpg,16.256,30.72,112,128,diningtable
003859.jpg,89.728,2.304,110.208,34.048,chair
008933.jpg,36.48,58.88,79.488,102.656,cat
008933.jpg,75.904,88.576,88.704,104.192,pottedplant
008933.jpg,75.904,98.048,92.032,114.432,pottedplant
007679.jpg,6.656,77.9779005524862,59.392,100.596685082873,bicycle
007046.jpg,29.568,40.96,94.592,128,chair
007046.jpg,35.456,39.168,95.104,127.744,person
001194.jpg,18.432,62.08,71.936,103.04,bicycle
006694.jpg,25.6,29.312,128,79.488,train
004662.jpg,22.7590361445783,45.824,78.4216867469879,121.088,horse
004662.jpg,68.8072289156627,31.232,95.3734939759036,115.456,person
009250.jpg,16.768,0.256,105.856,127.744,bicycle
002480.jpg,37.376,44.416,104.192,95.872,cat
004600.jpg,45.568,26.24,76.288,87.936,cat
002134.jpg,0.256,31.616,123.904,103.552,car
008900.jpg,0.256,26.752,128,47.744,boat
008900.jpg,0.256,29.568,128,69.248,boat
008900.jpg,0.768,65.408,23.552,93.056,person
008900.jpg,41.216,53.888,55.808,93.568,person
008900.jpg,52.48,54.656,73.472,79.488,person
008900.jpg,90.368,44.16,105.472,81.28,person
008900.jpg,105.216,43.904,123.392,67.968,person
008900.jpg,102.656,17.792,118.016,32.384,person
008900.jpg,79.104,19.328,99.072,34.176,person
008900.jpg,59.136,22.4,74.496,37.248,person
008900.jpg,11.52,28.288,26.368,41.6,person
008900.jpg,42.752,24.704,56.064,37.76,person
008900.jpg,32.512,87.168,50.944,108.672,dog
009839.jpg,40.96,61.0659824046921,94.464,91.6818181818182,car
009839.jpg,108.032,59.2800586510264,120.064,73.3123167155425,car
009874.jpg,52.6415094339623,42.1333333333333,84.8679245283019,128,horse
009874.jpg,46.0377358490566,28.8,91.2075471698113,86.6666666666667,person
005004.jpg,35.072,29.4129129129129,116.224,91.6951951951952,sofa
005145.jpg,22.0105105105105,91.904,83.0165165165165,128,pottedplant
005145.jpg,65.9144144144144,44.288,75.3588588588589,51.968,horse
000937.jpg,85.504,27.776,109.056,41.856,car
000937.jpg,106.752,31.104,110.592,35.2,person
000937.jpg,103.936,34.176,128,48,car
000937.jpg,11.776,25.216,113.408,86.912,car
006962.jpg,90.368,66.176,119.552,88.704,dog
003186.jpg,0.256,64.7590361445783,54.784,94.8674698795181,sofa
003186.jpg,75.52,61.9759036144578,88.832,78.4216867469879,chair
003186.jpg,56.32,64.5060240963855,67.328,77.9156626506024,chair
003186.jpg,67.328,56.4096385542169,77.312,64,pottedplant
007305.jpg,87.808,50.6767371601209,118.528,67.9335347432024,motorbike
007305.jpg,14.848,56.0060422960725,54.528,81.1299093655589,motorbike
007305.jpg,32.768,50.6767371601209,48.128,81.3836858006042,person
007305.jpg,101.888,43.570996978852,113.92,68.6948640483384,person
007305.jpg,113.152,38.4954682779456,125.184,47.1238670694864,car
007305.jpg,100.608,40.7794561933535,111.104,47.1238670694864,car
007305.jpg,88.832,37.987915407855,104.448,47.631419939577,car
007305.jpg,77.568,39.0030211480363,89.088,47.8851963746224,car
007305.jpg,67.328,39.7643504531722,78.08,47.631419939577,car
007305.jpg,56.064,40.2719033232628,67.328,48.1389728096677,car
007305.jpg,37.632,43.3172205438066,44.8,48.1389728096677,motorbike
007305.jpg,26.624,41.0332326283988,42.24,48.6465256797583,car
007305.jpg,13.568,42.809667673716,27.648,48.392749244713,car
007305.jpg,5.632,42.5558912386707,18.432,48.6465256797583,car
007305.jpg,0.256,42.5558912386707,9.728,48.9003021148036,car
002290.jpg,38.4,39.0811965811966,121.6,115.363247863248,motorbike
002290.jpg,40.192,7.80555555555556,107.776,91.715811965812,person
002290.jpg,37.376,22.2991452991453,44.288,35.5213675213675,person
002290.jpg,29.44,20.7735042735043,34.56,36.0299145299145,person
002290.jpg,25.088,24.3333333333333,32,36.0299145299145,person
002290.jpg,17.152,21.2820512820513,22.784,36.792735042735,person
002290.jpg,9.728,23.8247863247863,18.432,37.0470085470085,person
002290.jpg,2.816,23.8247863247863,9.472,36.5384615384615,person
002290.jpg,47.616,22.2991452991453,51.712,35.775641025641,person
002290.jpg,51.2,21.7905982905983,56.064,33.741452991453,person
002290.jpg,97.28,27.8931623931624,101.632,32.9786324786325,person
002290.jpg,94.976,26.8760683760684,98.816,33.4871794871795,person
002290.jpg,108.544,26.1132478632479,113.152,32.9786324786325,person
002290.jpg,103.936,27.6388888888889,108.032,33.232905982906,person
001121.jpg,29.824,7.424,91.264,128,boat
005579.jpg,13.824,56.96,54.272,76.672,cat
005579.jpg,33.024,65.152,94.208,93.056,cat
004471.jpg,31.0266903914591,23.04,66.653024911032,124.16,person
004471.jpg,63.1156583629893,23.552,88.1298932384342,115.712,person
004471.jpg,78.2758007117438,19.712,99.5,122.624,person
003416.jpg,90.112,37.8363363363363,98.048,48.5570570570571,bird
003416.jpg,119.808,58.7672672672673,128,70.2537537537538,bird
003416.jpg,109.824,42.6861861861862,119.808,52.1306306306306,bird
003416.jpg,49.664,54.1726726726727,69.376,68.7222222222222,bird
003416.jpg,37.888,67.4459459459459,48.128,95.0135135135135,bird
003416.jpg,67.328,57.7462462462462,77.568,75.6141141141141,bird
003416.jpg,0.256,24.3078078078078,81.92,97.0555555555556,person
006806.jpg,23.808,45.184,89.856,108.16,pottedplant
006806.jpg,75.264,16.256,128,66.176,pottedplant
006806.jpg,24.32,16.256,76.544,47.744,pottedplant
006806.jpg,0.256,16.512,22.784,93.056,pottedplant
009785.jpg,19.2,37.5810810810811,100.864,103.181681681682,car
004432.jpg,0.512,5.888,127.488,127.488,cat
004832.jpg,38.5822784810127,82.4702760084926,70.1983122362869,126.691082802548,cat
004832.jpg,43.6729957805907,26.9246284501062,111.191983122363,127.230360934183,person
006989.jpg,43.776,40.32,127.232,112,cat
006989.jpg,0.512,16.768,51.968,112,person
005268.jpg,73.216,36.736,127.232,76.672,bicycle
005268.jpg,29.952,59.52,52.48,76.672,bicycle
005268.jpg,64,19.584,106.496,67.456,person
005268.jpg,23.04,49.28,50.432,72.064,person
004671.jpg,36.0205047318612,0.256,95.8123028391167,127.232,bottle
000903.jpg,21.4471153846154,6.4,114.706730769231,93.696,person
000903.jpg,18.6442307692308,29.952,93.3028846153846,128,chair
000134.jpg,0.256,46.1374663072776,124.672,100.611859838275,car
005559.jpg,26.88,19.072,128,112,cat
002605.jpg,63.744,74.8483483483483,78.08,83.7822822822823,boat
002605.jpg,110.592,79.442942942943,116.992,82.506006006006,boat
002605.jpg,105.216,75.1036036036036,110.848,82.506006006006,boat
002605.jpg,86.784,70.509009009009,94.464,83.0165165165165,boat
002605.jpg,25.088,78.6771771771772,30.976,82.7612612612613,boat
002605.jpg,0.256,77.1456456456456,7.68,82.2507507507508,boat
006249.jpg,3.40096618357488,8.22911051212938,126.454106280193,119.156334231806,horse
009157.jpg,5.632,45.184,39.936,70.528,chair
009157.jpg,69.12,40.32,100.864,61.312,chair
009157.jpg,105.984,50.816,128,66.944,chair
009157.jpg,1.28,59.264,128,112,diningtable
004555.jpg,36.352,65.9144144144144,90.88,84.0375375375375,aeroplane
006507.jpg,40.96,38.784,67.328,73.088,dog
005547.jpg,43.776,60.8,81.92,110.208,cow
005547.jpg,12.288,54.4,114.432,104.832,car
005547.jpg,112.384,53.888,120.576,84.864,person
007425.jpg,0.256,65.1486486486486,95.744,106.5,sofa
007425.jpg,19.968,85.0585585585586,49.664,99.6081081081081,dog
006661.jpg,19.2,59.0225225225225,34.304,77.6561561561562,bicycle
006661.jpg,48.896,59.0225225225225,54.528,69.487987987988,bicycle
006661.jpg,19.712,46.0045045045045,33.792,75.1036036036036,person
006661.jpg,36.864,49.8333333333333,44.8,69.487987987988,person
006661.jpg,46.592,52.8963963963964,55.04,68.9774774774775,person
006661.jpg,37.376,58.512012012012,43.776,68.9774774774775,bicycle
006661.jpg,66.304,56.9804804804805,69.12,65.1486486486486,person
006661.jpg,62.464,56.9804804804805,66.304,64.8933933933934,person
006661.jpg,54.528,55.9594594594595,58.112,60.8093093093093,person
006661.jpg,74.24,59.0225225225225,77.312,64.1276276276276,person
006661.jpg,70.656,58.2567567567568,73.728,64.1276276276276,person
006661.jpg,76.8,58.7672672672673,79.616,64.8933933933934,person
000832.jpg,38.784,9.728,102.272,128,bird
009378.jpg,24.0240963855422,4.864,101.192771084337,100.864,cat
007767.jpg,21.248,44.2177177177177,128,95.2687687687688,train
002567.jpg,23.808,22.4,116.992,107.648,motorbike
005068.jpg,44.672,123.392,65.152,128,car
005068.jpg,18.048,105.216,70.272,124.16,bus
003632.jpg,19.456,34.688,128,110.208,dog
003784.jpg,30.5975609756098,59.392,101.198170731707,104.192,bicycle
004137.jpg,60.928,48.512,124.416,110.72,dog
004137.jpg,0.256,43.648,68.352,105.856,person
004507.jpg,1.28,17.024,117.248,111.232,motorbike
006673.jpg,100.864,32.2207207207207,113.92,81.2297297297297,boat
006673.jpg,90.368,42.1756756756757,99.84,74.3378378378378,boat
006673.jpg,79.104,34.7732732732733,95.232,84.2927927927928,boat
006673.jpg,75.264,49.5780780780781,82.944,71.53003003003,boat
006673.jpg,61.952,39.3678678678679,70.4,75.6141141141141,boat
006673.jpg,58.88,51.3648648648649,62.72,69.7432432432432,boat
006673.jpg,54.784,50.0885885885886,61.184,72.8063063063063,boat
006673.jpg,47.872,50.5990990990991,53.76,71.2747747747748,boat
006673.jpg,43.776,48.8123123123123,52.736,78.4219219219219,boat
006673.jpg,35.072,48.3018018018018,43.776,75.8693693693694,boat
006673.jpg,11.008,78.6771771771772,18.176,81.2297297297297,boat
006673.jpg,1.024,80.463963963964,7.424,83.7822822822823,boat
004136.jpg,18.176,41.856,115.456,102.528,bicycle
004136.jpg,37.376,24.192,82.688,110.208,person
004136.jpg,114.432,25.216,128,39.296,car
004136.jpg,87.552,22.656,100.864,28.544,car
004136.jpg,52.48,20.608,71.936,31.104,car
004136.jpg,21.248,20.864,33.792,25.984,car
004136.jpg,12.8,21.376,22.016,25.216,car
004136.jpg,5.12,20.864,11.008,24.96,car
004136.jpg,79.616,23.424,88.064,27.264,car
004136.jpg,36.096,16.256,80.384,27.52,bus
002172.jpg,67.328,85.888,81.92,104.832,motorbike
002172.jpg,69.12,78.464,80.128,97.92,person
002172.jpg,32.256,83.072,45.056,106.624,person
006501.jpg,30.208,37.2559241706161,128,91,bus
007840.jpg,24.3078078078078,8.448,89.9084084084084,124.416,bird
002315.jpg,45.312,30.9444444444444,100.864,85.0585585585586,dog
009565.jpg,0.256,44.928,64.256,112,sofa
009565.jpg,55.04,67.456,112.384,112,person
002420.jpg,20.736,33.7522522522522,121.6,85.5690690690691,car
004270.jpg,71.68,46.72,110.848,112,person
004270.jpg,35.84,42.368,85.248,112,person
004270.jpg,24.832,71.04,77.312,112,chair
004270.jpg,48.128,87.68,77.056,112,chair
009706.jpg,29.184,73.088,120.064,112,diningtable
004976.jpg,79.616,48.4792899408284,121.856,77.2307692307692,person
004976.jpg,57.344,45.9349112426036,89.6,78.5029585798817,person
004976.jpg,45.312,54.5857988165681,63.232,87.9171597633136,person
004976.jpg,11.008,56.3668639053254,50.176,105.473372781065,person
004976.jpg,32.768,70.1065088757396,128,107,diningtable
005731.jpg,0.512,24.704,109.824,96.128,bus
005731.jpg,97.536,61.312,104.96,88.96,person
003207.jpg,31.744,23.0315315315315,41.472,47.536036036036,bottle
003207.jpg,24.064,30.6891891891892,33.792,44.7282282282282,bottle
003207.jpg,18.176,36.0495495495496,27.648,63.8723723723724,bottle
003207.jpg,25.6,36.3048048048048,38.4,69.487987987988,bottle
003207.jpg,3.328,39.6231231231231,15.616,68.466966966967,bottle
003207.jpg,38.912,50.8543543543544,51.968,81.9954954954955,bottle
003207.jpg,55.296,47.536036036036,66.816,78.1666666666667,bottle
003207.jpg,66.304,55.7042042042042,78.592,87.8663663663664,bottle
003207.jpg,78.848,53.6621621621622,91.136,85.5690690690691,bottle
003207.jpg,89.6,56.9804804804805,104.448,88.8873873873874,bottle
000653.jpg,110.592,37.248,128,49.536,car
000653.jpg,95.488,37.248,117.248,50.56,car
000653.jpg,79.616,37.76,104.448,51.84,car
000653.jpg,24.832,38.784,56.832,46.72,car
000653.jpg,0.256,40.32,27.136,60.032,car
000653.jpg,0.512,40.064,113.664,95.872,car
006867.jpg,0.711111111111111,17.2063197026022,128,111.5,boat
006139.jpg,20.992,38.016,42.24,55.168,dog
006139.jpg,83.2,58.752,128,112,dog
000770.jpg,32,58.752,110.336,112,cow
000770.jpg,34.304,32.64,58.112,109.696,person
000770.jpg,0.256,49.536,10.752,84.096,bicycle
000770.jpg,58.624,48.768,121.6,108.416,motorbike
000374.jpg,12.288,37.76,127.744,111.744,motorbike
000374.jpg,32,16.512,80.896,104.064,person
000374.jpg,11.264,17.024,32.768,58.752,person
000374.jpg,80.64,23.936,90.112,44.672,person
000374.jpg,75.52,24.96,81.92,45.44,person
000374.jpg,55.552,26.24,63.488,37.504,person
000374.jpg,5.376,27.008,13.056,48.512,person
000374.jpg,120.576,25.216,127.232,48.256,person
000374.jpg,114.432,25.216,120.832,45.952,person
000374.jpg,92.416,26.496,95.744,42.368,person
003051.jpg,7.68,42.4309309309309,72.448,74.3378378378378,car
006953.jpg,66.56,63.104,80.128,71.808,boat
005645.jpg,0.256,22.912,128,112,car
005645.jpg,14.08,34.176,20.992,42.112,person
004926.jpg,55.552,34.176,65.28,74.88,bottle
004926.jpg,104.448,45.952,126.976,72.576,chair
004926.jpg,0.256,47.488,28.416,76.928,sofa
004926.jpg,0.256,60.8,127.488,112,diningtable
008688.jpg,0.512,22.7553846153846,128,105.5,pottedplant
002425.jpg,51.072,47.616,112,128,sofa
002425.jpg,21.632,38.656,46.72,74.24,chair
002425.jpg,24.192,16.128,43.648,65.536,person
002425.jpg,35.2,26.112,49.28,68.096,person
004281.jpg,69.12,16.256,128,112,train
004281.jpg,114.432,82.56,128,112,person
002221.jpg,53.888,14.848,112,115.968,person
002221.jpg,70.272,4.864,109.696,25.6,chair
002221.jpg,16.256,4.864,51.328,71.936,chair
002221.jpg,16.256,18.944,28.544,80.896,person
002221.jpg,46.208,5.632,112,58.624,diningtable
002221.jpg,61.824,0.512,65.92,13.056,bottle
002452.jpg,9.728,21.632,128,108.672,sheep
006425.jpg,39.7728613569322,9.472,97.1061946902655,125.44,cat
003508.jpg,21.7552552552553,40.192,90.1636636636637,128,dog
008275.jpg,11.264,24.6176470588235,117.504,102.872549019608,aeroplane
005654.jpg,0.256,32.0779569892473,113.152,99.241935483871,train
001662.jpg,2.816,43.136,123.392,84.864,car
001056.jpg,42.752,63.7455089820359,106.24,106.5,dog
001056.jpg,0.256,21.7544910179641,89.6,97.8473053892216,dog
000661.jpg,30.464,61.312,84.736,87.168,sofa
000661.jpg,16.64,39.04,43.52,66.432,pottedplant
000661.jpg,34.048,56.704,45.824,66.432,chair
006584.jpg,31.232,44.0785498489426,44.544,63.619335347432,person
006584.jpg,48.896,46.8700906344411,53.76,53.4682779456193,person
006584.jpg,54.272,42.0483383685801,70.4,93.8187311178248,person
006584.jpg,61.952,43.8247734138973,73.216,81.1299093655589,person
006584.jpg,22.016,47.631419939577,46.592,76.3081570996979,person
006584.jpg,36.608,47.1238670694864,61.696,104.984894259819,person
006584.jpg,0.512,31.8972809667674,55.552,106,person
006584.jpg,59.648,31.8972809667674,95.488,106,person
006584.jpg,89.856,39.5105740181269,99.072,76.8157099697885,person
006584.jpg,98.304,36.4652567975831,123.904,103.969788519637,person
004493.jpg,90.88,31.616,103.424,65.664,bottle
004493.jpg,0.256,40.32,128,112,diningtable
000171.jpg,16.256,74.24,48.768,104.192,dog
000171.jpg,40.064,5.376,112,125.696,person
002791.jpg,29.184,52.7006269592477,124.672,101.960815047022,bird
002791.jpg,58.368,28.0705329153605,95.744,103.992163009404,bird
004812.jpg,22.784,37.5690607734807,123.904,92.2099447513812,aeroplane
004812.jpg,110.848,59.4254143646409,125.952,87.1270718232044,person
004812.jpg,123.392,63.4917127071823,128,86.6187845303867,person
009887.jpg,68.352,86.6069518716578,76.8,98.5454545454546,pottedplant
009887.jpg,56.832,82.7967914438503,67.84,96.7673796791444,pottedplant
004131.jpg,86.784,46.515015015015,93.696,49.5780780780781,bird
003421.jpg,43.392,82.432,92.8,128,chair
003793.jpg,31.104,0.256,112,128,sofa
003793.jpg,23.68,6.656,105.088,128,cat
009855.jpg,27.392,30.6723076923077,128,94.0076923076923,train
007152.jpg,7.168,32.6976047904192,23.296,50.2574850299401,aeroplane
007152.jpg,12.032,59.9281437125749,28.416,75.4520958083832,aeroplane
007152.jpg,16.64,82.3233532934132,32.512,97.5928143712575,aeroplane
007152.jpg,48.384,57.8922155688623,65.28,73.6706586826347,aeroplane
007152.jpg,41.984,28.8802395209581,58.368,45.9311377245509,aeroplane
007152.jpg,101.632,25.3173652694611,118.272,42.622754491018,aeroplane
005662.jpg,104.832,69.376,112,113.408,chair
005662.jpg,16.256,113.92,71.552,128,chair
005662.jpg,16.256,77.824,33.408,102.656,chair
005662.jpg,27.008,67.328,43.904,89.344,chair
005662.jpg,40.832,66.304,54.912,82.176,chair
005662.jpg,77.952,64.512,96.64,71.936,chair
005662.jpg,46.976,34.816,74.112,75.52,person
005662.jpg,83.072,51.968,85.376,57.856,bottle
005662.jpg,78.72,52.992,81.024,62.72,bottle
005662.jpg,75.136,51.2,78.208,61.696,bottle
005662.jpg,73.088,52.224,75.392,56.576,bottle
005662.jpg,70.272,51.712,73.088,59.904,bottle
005662.jpg,16.256,69.888,105.344,128,diningtable
000919.jpg,9.984,42.809667673716,90.112,105.746223564955,dog
007909.jpg,87.2296296296296,63.5285714285714,127.525925925926,101.714285714286,sofa
007909.jpg,41.7185185185185,59.7571428571429,86.2814814814815,81.9142857142857,sofa
007909.jpg,13.7481481481482,59.2857142857143,45.9851851851852,80.0285714285714,sofa
007909.jpg,50.2518518518519,65.4142857142857,77.2740740740741,88.9857142857143,chair
007909.jpg,0.948148148148148,79.5571428571429,82.4888888888889,113.5,diningtable
007909.jpg,102.4,67.7714285714286,126.577777777778,93.2285714285714,pottedplant
008541.jpg,10.24,48.3869047619048,16.384,56.3214285714286,person
008541.jpg,50.944,60.1607142857143,61.952,83.1964285714286,person
008541.jpg,0.512,41.4761904761905,37.632,107,person
008541.jpg,80.64,35.0773809523809,97.792,65.0238095238095,person
008541.jpg,74.752,35.5892857142857,128,106.744047619048,person
006658.jpg,30.464,56.448,97.792,104.32,diningtable
006658.jpg,40.96,41.344,52.224,63.616,person
006658.jpg,51.2,42.624,67.584,68.48,person
006658.jpg,66.304,42.112,83.712,69.504,person
006658.jpg,77.824,45.952,99.072,72.064,person
006658.jpg,92.672,49.536,106.24,72.832,person
006658.jpg,73.728,53.12,125.44,112,person
006658.jpg,0.256,40.576,18.176,84.864,person
006658.jpg,9.984,38.016,35.072,77.184,person
006658.jpg,20.224,46.976,76.032,111.232,person
006658.jpg,0.256,71.04,18.432,111.488,chair
006658.jpg,24.832,80,50.688,112,chair
006658.jpg,6.656,75.392,20.992,111.744,chair
002021.jpg,6.656,44.7282282282282,58.624,92.460960960961,cow
002021.jpg,44.8,31.454954954955,128,92.2057057057057,cow
002021.jpg,44.544,69.7432432432432,69.12,101.13963963964,cow
008117.jpg,90.368,24.192,103.168,47.488,bird
008117.jpg,55.808,70.528,101.632,112,bird
008117.jpg,13.056,81.024,34.048,112,bird
008117.jpg,52.736,54.656,97.792,83.84,bird
004566.jpg,19.456,40.832,90.368,96.64,cat
004566.jpg,54.016,16.256,128,80,cat
003092.jpg,39.424,33.2065868263473,112.64,84.3592814371258,car
004034.jpg,42.112,30.208,112,117.248,dog
003818.jpg,43.52,56.2611940298508,87.296,74.7835820895522,train
005108.jpg,43.776,57.0516014234875,59.136,72.211743772242,aeroplane
005108.jpg,37.376,87.8772241992883,52.736,92.6779359430605,boat
005108.jpg,0.512,86.3612099644128,8.96,91.9199288256228,boat
005108.jpg,28.16,85.6032028469751,41.472,91.161921708185,boat
005470.jpg,16.768,0.768,112,128,cat
007519.jpg,109.056,65.408,128,112,pottedplant
007519.jpg,60.928,57.984,79.104,63.872,pottedplant
007519.jpg,25.344,57.216,49.152,63.36,pottedplant
003966.jpg,24.96,1.792,96.128,23.808,bus
003966.jpg,51.328,4.096,76.928,71.68,person
002218.jpg,60.672,35.4449541284404,123.904,67.6804281345566,dog
002218.jpg,61.952,55.4969418960245,113.664,102.961773700306,dog
002218.jpg,17.408,43.8211009174312,62.976,82.1483180428135,dog
002218.jpg,0.768,23.2614678899083,126.208,105.5,chair
003969.jpg,104.96,51.5299401197605,112.64,67.3083832335329,dog
003969.jpg,19.456,56.1107784431138,33.792,68.5808383233533,bird
003969.jpg,52.992,60.1826347305389,61.696,67.562874251497,bird
007056.jpg,35.2521739130435,0.256,93,128,bottle
008817.jpg,70.144,19.328,105.472,111.744,person
008817.jpg,1.28,25.216,119.04,112,motorbike
003564.jpg,23.808,34.4402985074627,86.784,98.634328358209,train
003564.jpg,0.256,59.3059701492537,22.784,82.1417910447761,train
009717.jpg,0.512,60.8093093093093,30.208,81.7402402402403,cow
009717.jpg,67.328,74.0825825825826,108.8,106.5,cow
009717.jpg,46.592,63.1066066066066,69.12,93.7372372372372,cow
009717.jpg,34.56,66.9354354354354,50.176,81.2297297297297,cow
009717.jpg,87.04,40.6441441441441,117.248,66.9354354354354,boat
009717.jpg,60.928,41.1546546546547,86.528,62.0855855855856,boat
009717.jpg,37.632,41.4099099099099,59.136,59.7882882882883,boat
009717.jpg,29.44,48.8123123123123,40.96,59.533033033033,boat
009717.jpg,0.512,47.7912912912913,14.08,56.46996996997,boat
009717.jpg,32.256,30.6891891891892,41.728,34.518018018018,boat
009717.jpg,60.672,32.475975975976,67.328,35.539039039039,boat
009717.jpg,114.432,47.536036036036,128,52.8963963963964,boat
009717.jpg,23.04,67.9564564564565,32.768,94.2477477477478,person
003200.jpg,54.528,68.990765171504,116.736,85.1147757255937,aeroplane
003200.jpg,0.256,32.9036939313984,58.368,89.2097625329815,aeroplane
000338.jpg,50.432,44.7282282282282,55.296,51.1096096096096,person
000338.jpg,20.992,40.1336336336336,98.304,73.3168168168168,car
007694.jpg,36.608,27.264,91.904,93.312,dog
007694.jpg,0.256,36.736,33.024,112,person
007694.jpg,76.8,16.256,128,112,person
007398.jpg,0.256,28.2544169611307,127.744,95.4204946996466,bus
007398.jpg,88.064,44.2826855123675,111.104,99.2367491166078,person
003681.jpg,86.016,31.104,128,105.856,sheep
003681.jpg,73.728,36.736,104.448,88.704,sheep
003681.jpg,25.344,42.368,56.576,85.632,sheep
003681.jpg,54.528,51.328,72.704,88.448,dog
003681.jpg,25.6,55.936,52.736,100.48,dog
003681.jpg,0.256,56.704,30.976,99.456,dog
003681.jpg,52.224,55.168,94.208,99.456,dog
003681.jpg,0.256,37.504,27.904,56.448,sheep
001236.jpg,17.664,41.3759398496241,110.592,105.541353383459,horse
001236.jpg,57.088,20.1578947368421,79.104,77.6766917293233,person
001683.jpg,93.184,68.992,103.168,88.704,chair
001683.jpg,82.688,68.736,92.672,87.68,chair
001683.jpg,72.96,68.736,82.688,89.472,chair
001683.jpg,62.464,69.248,73.728,89.984,chair
001683.jpg,57.344,70.528,110.08,87.424,diningtable
001683.jpg,100.352,67.2,110.336,87.424,chair
002466.jpg,32,44.9834834834835,107.776,76.8903903903904,dog
007101.jpg,25.6,41.1546546546547,97.792,93.2267267267267,train
002284.jpg,20.608,0.256,43.136,22.528,pottedplant
002284.jpg,16.256,10.24,22.4,21.504,pottedplant
002284.jpg,46.72,4.864,71.296,29.696,pottedplant
002284.jpg,61.056,12.288,75.904,32,pottedplant
002284.jpg,59.264,30.976,77.44,62.208,pottedplant
002284.jpg,44.16,71.168,80,126.208,pottedplant
009617.jpg,100.608,76.928,120.832,112,chair
009617.jpg,75.52,72.064,94.208,103.04,chair
009617.jpg,38.144,70.784,58.88,103.04,chair
009617.jpg,38.656,68.48,53.248,98.944,chair
009617.jpg,18.176,103.04,34.816,112,chair
009617.jpg,4.096,77.696,27.392,106.112,chair
009617.jpg,60.928,61.824,68.096,83.072,chair
009617.jpg,68.096,61.312,74.752,81.024,chair
009617.jpg,19.968,62.336,50.432,104.064,diningtable
009617.jpg,91.648,64.64,113.664,81.536,diningtable
009617.jpg,46.592,56.192,60.16,76.16,person
009617.jpg,54.528,52.608,64.256,69.504,person
009617.jpg,43.52,52.608,53.248,63.616,person
009617.jpg,30.72,53.12,43.52,67.2,person
009617.jpg,22.528,51.328,34.048,68.224,person
009617.jpg,15.872,55.936,27.392,61.312,person
009617.jpg,18.432,62.336,27.136,76.672,person
009617.jpg,12.288,57.216,17.152,65.664,person
009617.jpg,1.28,52.352,33.024,105.6,person
009617.jpg,74.496,53.632,81.92,66.688,person
009617.jpg,75.264,54.912,89.088,70.016,person
009617.jpg,80.384,59.264,100.608,99.456,person
009617.jpg,120.32,59.52,128,96.896,person
009617.jpg,90.88,55.936,122.624,108.928,person
002554.jpg,42.752,49.3253012048193,73.472,76.3975903614458,person
002554.jpg,0.256,60.2048192771084,128,106,horse
002680.jpg,1.024,30.6616766467066,128,106.5,dog
007685.jpg,28.672,35.968,61.952,59.776,boat
004983.jpg,41.1005917159763,12.8,88.4260355029586,112.64,bicycle
004983.jpg,21.2544378698225,0.256,101.656804733728,20.992,car
005052.jpg,22.7553846153846,2.816,63.6169230769231,126.976,person
005052.jpg,60.0415384615385,36.096,105.5,128,person
005052.jpg,33.7369230769231,62.208,43.4415384615385,88.576,bottle
008588.jpg,73.984,76.672,79.872,88.192,bird
008588.jpg,81.664,67.2,94.72,72.32,bird
008588.jpg,70.912,56.96,77.056,63.616,bird
008588.jpg,120.576,90.496,128,95.872,bird
008588.jpg,81.92,61.056,87.808,65.152,bird
000626.jpg,36.096,18.865,80.128,88.99,person
000626.jpg,27.648,21.925,48.128,50.23,tvmonitor
000626.jpg,8.192,24.22,29.696,45.64,tvmonitor
000626.jpg,47.36,21.16,56.32,39.775,tvmonitor
000416.jpg,84.48,51.584,102.144,79.488,sheep
000416.jpg,46.336,59.776,66.304,80.512,sheep
000416.jpg,55.552,55.424,88.32,78.464,sheep
003102.jpg,36.8153153153153,8.192,88.3768768768769,92.672,person
003102.jpg,36.8153153153153,51.2,83.527027027027,118.016,bicycle
003382.jpg,17.024,36.096,48.512,57.344,sheep
003382.jpg,16.512,56.064,52.096,116.992,sheep
003382.jpg,17.536,69.632,76.16,128,sheep
003382.jpg,53.376,40.448,112,128,person
007834.jpg,40.0566037735849,12.288,87.1832884097035,114.688,dog
007746.jpg,61.952,30.848,128,112,person
007746.jpg,14.08,22.912,84.48,112,person
007746.jpg,0.256,92.288,18.176,112,person
007746.jpg,9.216,82.304,26.112,102.272,person
007746.jpg,12.032,76.416,32.256,93.056,person
007746.jpg,32,78.976,36.864,85.632,person
004693.jpg,0.256,21.7552552552553,36.608,79.1876876876877,train
004693.jpg,26.624,22.0105105105105,128,88.1216216216216,train
004693.jpg,43.008,57.490990990991,55.808,92.460960960961,person
005791.jpg,0.256,27.264,18.944,55.936,car
005791.jpg,8.96,25.216,122.624,99.968,motorbike
000543.jpg,5.632,38.016,110.848,104.064,car
000543.jpg,5.888,40.576,23.296,53.376,car
000543.jpg,76.288,38.272,128,78.208,car
008809.jpg,9.728,33.625,113.408,79.440625,cat
001144.jpg,1.024,34.7732732732733,128,94.503003003003,aeroplane
002868.jpg,20.224,75.904,49.152,97.664,cow
002868.jpg,97.792,72.064,118.784,95.872,cow
002868.jpg,101.12,83.072,113.152,97.664,cow
002868.jpg,82.176,84.096,92.16,95.104,cow
002868.jpg,90.88,85.376,99.84,94.848,cow
002868.jpg,59.136,89.472,62.464,94.336,bird
002868.jpg,64,90.24,66.048,94.848,bird
002868.jpg,67.072,87.936,68.352,94.848,bird
002868.jpg,69.12,90.496,71.936,95.104,bird
002868.jpg,73.728,87.168,76.8,92.8,bird
002868.jpg,76.288,93.824,79.872,97.92,bird
002868.jpg,80.128,92.544,83.2,97.408,bird
002868.jpg,80.128,88.192,83.456,92.288,bird
002868.jpg,79.104,83.328,82.176,87.68,bird
004786.jpg,6.912,46.72,128,96.384,car
009792.jpg,6.144,54.656,37.888,107.648,chair
009792.jpg,38.656,66.944,95.744,103.808,chair
009792.jpg,38.4,54.912,67.328,93.568,person
009792.jpg,64.256,43.136,88.832,104.832,person
009792.jpg,95.744,59.008,128,105.856,person
009792.jpg,116.992,50.048,128,98.688,person
008913.jpg,51.712,49.792,66.304,62.336,tvmonitor
008913.jpg,65.024,52.096,78.848,65.152,tvmonitor
008858.jpg,53.504,36.8153153153153,96.768,98.5870870870871,bird
009429.jpg,52.48,70.1040462427746,80.896,81.0404624277457,cow
005003.jpg,48.128,57.216,64.256,65.152,car
009576.jpg,48.896,49.024,89.856,71.552,tvmonitor
004902.jpg,0.256,52.096,49.152,111.744,horse
004902.jpg,20.224,47.744,67.84,109.184,horse
004902.jpg,55.552,46.208,99.584,112,person
004902.jpg,49.92,33.408,128,112,person
002816.jpg,13.056,53.12,116.224,94.592,bus
000131.jpg,0.256,46.7702702702703,121.6,89.3978978978979,car
000131.jpg,31.744,53.4069069069069,44.032,60.5540540540541,person
000131.jpg,47.104,52.3858858858859,57.856,60.8093093093093,person
009881.jpg,80.384,65.141592920354,128,107,tvmonitor
009881.jpg,0.256,45.353982300885,32.512,107,person
009881.jpg,41.984,39.7728613569322,83.712,106.492625368732,person
001785.jpg,15.872,21.7552552552553,128,106.244744744745,person
000352.jpg,8.448,33.408,38.144,79.232,person
000352.jpg,33.536,33.408,53.76,79.744,person
000352.jpg,50.688,31.104,79.104,88.704,person
000352.jpg,75.264,37.248,128,112,person
000352.jpg,3.072,41.6,128,112,sofa
003122.jpg,1.28,83.84,29.696,103.04,bottle
003122.jpg,105.472,81.024,111.872,97.408,bottle
003122.jpg,8.448,35.968,49.152,112,person
003122.jpg,45.056,37.76,90.112,112,person
003122.jpg,79.104,33.408,128,112,person
000200.jpg,7.168,37.3072289156626,26.368,74.7530120481928,person
000200.jpg,4.096,46.1626506024096,45.568,95.5,person
000200.jpg,37.632,38.3192771084337,62.72,95.5,person
000200.jpg,58.112,37.3072289156626,102.4,95.5,person
000200.jpg,100.096,35.789156626506,128,95.5,person
000200.jpg,93.184,86.1385542168675,99.584,95.5,bottle
000200.jpg,59.136,69.1867469879518,66.56,85.6325301204819,bottle
004230.jpg,68.608,52.6411411411411,119.04,106.5,person
004230.jpg,19.712,30.9444444444444,128,106.5,person
004060.jpg,0.256,61.568,37.12,112,sofa
004060.jpg,24.32,38.784,77.056,112,person
004060.jpg,66.816,44.672,97.792,84.608,person
006966.jpg,27.776,52.48,69.76,120.32,motorbike
000439.jpg,0.256,64.3828828828829,78.848,74.8483483483483,train
008326.jpg,4.864,47.536036036036,122.624,80.463963963964,aeroplane
009761.jpg,27.008,6.144,112,121.856,bicycle
006753.jpg,42.2409638554217,8.96,87.7831325301205,128,person
006753.jpg,85.5060240963855,21.76,106,128,person
006753.jpg,86.2650602409639,0.256,106,62.976,person
006753.jpg,73.6144578313253,0.256,85.2530120481928,11.008,person
006753.jpg,33.1325301204819,0.256,78.1686746987952,128,person
004699.jpg,81.664,24.3809523809524,128,97.7777777777778,pottedplant
004699.jpg,97.024,92.9523809523809,106.752,107.428571428571,person
004699.jpg,86.272,90.9206349206349,97.792,105.904761904762,person
004699.jpg,47.616,81.2698412698413,57.344,94.4761904761905,person
004699.jpg,57.6,82.7936507936508,62.72,88.3809523809524,person
004699.jpg,13.312,94.2222222222222,18.176,100.063492063492,person
004699.jpg,9.728,94.4761904761905,14.336,101.079365079365,person
004699.jpg,16.128,93.968253968254,20.992,99.5555555555556,person
000307.jpg,0.512,16.768,128,112,pottedplant
000307.jpg,0.256,74.624,10.24,112,pottedplant
001778.jpg,24.832,25.984,103.424,88.704,dog
005700.jpg,67.328,58.3817204301075,70.912,68.0860215053764,horse
005700.jpg,40.448,68.8521505376344,57.344,102.051075268817,horse
005700.jpg,39.168,53.7849462365591,58.624,84.4301075268817,person
005700.jpg,66.048,54.0403225806452,71.936,63.489247311828,person
009184.jpg,86.016,21.7544910179641,127.488,67.3083832335329,person
009184.jpg,0.256,22.0089820359281,35.84,72.3982035928144,person
009184.jpg,0.256,22.2634730538922,114.176,106.5,person
003015.jpg,46.592,48.768,70.144,71.808,horse
006330.jpg,80.128,93.056,100.864,102.528,car
006330.jpg,106.24,94.592,120.064,104.32,car
006330.jpg,113.152,94.592,128,108.928,car
006330.jpg,30.72,94.592,48.384,102.784,car
006330.jpg,20.48,93.824,31.744,100.992,car
006330.jpg,57.856,95.872,69.12,101.248,car
006330.jpg,3.072,94.336,10.24,98.432,car
006330.jpg,27.136,86.912,58.112,101.504,bus
006762.jpg,20.736,74.624,56.832,105.856,motorbike
006762.jpg,63.744,65.152,74.24,91.776,person
006762.jpg,32,66.432,49.152,98.432,person
005517.jpg,89.6,52.1306306306306,128,106.5,chair
005517.jpg,2.56,24.0525525525525,22.784,82.506006006006,pottedplant
005517.jpg,17.152,32.9864864864865,39.168,53.4069069069069,tvmonitor
005517.jpg,61.184,32.7312312312312,84.48,55.1936936936937,tvmonitor
005517.jpg,86.272,31.7102102102102,110.592,52.8963963963964,tvmonitor
001504.jpg,53.376,108.032,57.216,123.904,person
001504.jpg,64.64,107.52,70.272,125.184,person
001504.jpg,82.304,108.032,87.936,126.208,person
006443.jpg,29.952,52.8114285714286,75.52,74.4257142857143,aeroplane
004601.jpg,38.656,47.0255255255255,68.096,102.415915915916,motorbike
004601.jpg,51.2,32.475975975976,84.992,100.118618618619,person
008444.jpg,4.864,25.216,128,80,car
008444.jpg,2.56,25.216,127.232,93.824,motorbike
008444.jpg,114.176,20.352,126.208,43.648,person
008444.jpg,22.528,20.096,35.584,36.736,person
008444.jpg,8.192,22.656,17.408,39.552,person
008444.jpg,2.304,19.84,9.728,40.064,person
008444.jpg,88.064,23.68,99.072,43.392,person
008444.jpg,55.552,21.632,61.952,26.752,person
008444.jpg,48.64,23.424,53.76,27.008,person
008444.jpg,38.656,22.144,46.08,29.056,person
008444.jpg,75.776,23.424,82.432,28.288,person
008444.jpg,86.016,23.424,89.6,29.056,person
008444.jpg,89.088,23.424,94.208,29.824,person
008444.jpg,105.728,25.472,112.64,36.992,person
008444.jpg,125.184,24.192,128,39.808,person
009695.jpg,3.84,57.3576642335766,125.696,94.4014598540146,train
005073.jpg,104.96,37.76,128,54.656,boat
005073.jpg,120.832,54.144,128,65.152,boat
005073.jpg,83.2,52.352,90.368,55.424,boat
005073.jpg,62.72,48.768,69.12,54.656,boat
005073.jpg,43.008,52.352,56.32,59.52,boat
005073.jpg,3.584,49.536,17.408,56.192,boat
005073.jpg,25.344,46.976,34.56,52.096,boat
000929.jpg,0.256,32.64,128,112,diningtable
000929.jpg,66.816,32.384,75.52,67.456,bottle
000929.jpg,64.768,21.888,70.656,40.32,bottle
000929.jpg,3.072,34.944,18.432,52.352,chair
000929.jpg,100.864,37.76,122.368,60.544,chair
000929.jpg,100.864,29.056,118.272,50.304,chair
007365.jpg,3.072,33.6385542168675,20.992,60.2048192771084,boat
007365.jpg,76.288,47.5542168674699,82.688,59.1927710843374,boat
007365.jpg,44.544,43,51.2,60.2048192771084,boat
007365.jpg,61.184,48.3132530120482,67.328,58.1807228915663,boat
007365.jpg,67.328,47.3012048192771,75.52,58.1807228915663,boat
003983.jpg,38.4,35.2837837837838,86.272,77.1456456456456,tvmonitor
001964.jpg,93.696,28.8,105.728,38.784,bird
001964.jpg,81.408,34.176,92.672,42.624,bird
001964.jpg,68.608,47.744,76.544,56.448,bird
001964.jpg,57.344,51.072,64,59.52,bird
001964.jpg,25.088,52.096,29.184,57.728,bird
001964.jpg,32.768,45.952,38.144,51.84,bird
001964.jpg,38.4,44.16,42.752,52.096,bird
005014.jpg,7.424,18.56,123.904,111.232,person
005014.jpg,5.632,29.824,28.416,99.2,person
005014.jpg,96.256,26.752,110.336,47.488,person
005014.jpg,109.824,26.752,121.088,46.208,person
005014.jpg,117.248,24.192,127.744,45.952,person
005014.jpg,110.848,72.576,128,112,chair
005014.jpg,103.168,65.664,122.368,94.336,chair
005014.jpg,0.256,67.968,8.448,112,chair
009724.jpg,8.448,16.512,122.624,112,cat
002169.jpg,22.2634730538922,26.112,102.428143712575,128,person
009432.jpg,1.28,44.7710843373494,127.232,87.7831325301205,aeroplane
004519.jpg,23.552,44.16,104.448,77.696,car
008733.jpg,87.552,59.264,105.472,100.736,chair
008733.jpg,66.816,56.704,80.896,66.176,chair
008733.jpg,59.392,64.896,91.392,111.232,chair
008733.jpg,43.008,62.592,68.096,105.6,chair
008733.jpg,43.776,62.848,113.92,112,diningtable
008733.jpg,0.256,16.256,56.576,111.744,pottedplant
004939.jpg,34.56,21.7552552552553,45.568,38.6021021021021,pottedplant
004939.jpg,80.64,23.2867867867868,128,88.1216216216216,chair
004939.jpg,0.256,21.7552552552553,119.808,105.734234234234,person
003655.jpg,16.512,13.056,109.44,128,car
003655.jpg,40.576,9.472,91.008,128,person
004788.jpg,19.2,36.1262886597938,110.133333333333,106.474226804124,horse
004788.jpg,52.2666666666667,25.5077319587629,84.2666666666667,70.9020618556701,person
009325.jpg,30.208,16.256,67.072,54.144,tvmonitor
009405.jpg,35.584,16.256,128,109.952,dog
006440.jpg,78.592,59.3006430868167,128,101.975884244373,motorbike
006440.jpg,69.12,55.7443729903537,80.128,92.0691318327974,person
006001.jpg,0.512,16.768,128,96.64,train
005629.jpg,64,42.9414414414414,106.24,103.436936936937,chair
005629.jpg,28.16,39.3678678678679,65.536,91.6951951951952,chair
005629.jpg,29.952,28.9024024024024,46.848,41.4099099099099,chair
005629.jpg,71.68,29.4129129129129,89.088,44.7282282282282,chair
005629.jpg,24.064,35.7942942942943,108.544,104.457957957958,diningtable
007059.jpg,53.76,57.216,67.328,82.56,person
007059.jpg,77.824,56.448,83.968,83.328,person
007059.jpg,119.04,51.328,128,89.728,person
007059.jpg,108.544,57.472,116.48,86.912,person
007059.jpg,101.376,56.448,113.92,88.448,person
007059.jpg,99.584,59.52,104.448,85.376,person
007059.jpg,89.088,58.752,97.024,83.072,person
007059.jpg,71.168,58.752,78.336,83.072,person
007059.jpg,92.416,55.936,98.816,82.304,person
007059.jpg,82.688,57.984,90.88,83.072,person
006599.jpg,25.6,16.256,63.488,69.504,chair
006599.jpg,79.104,18.56,98.816,71.552,chair
006599.jpg,9.472,16.256,40.448,83.072,person
006599.jpg,57.344,16.256,128,112,person
000491.jpg,0.512,22.0089820359281,117.504,106.5,cow
002653.jpg,0.512,19.072,116.736,112,boat
003500.jpg,0.256,36.736,95.488,110.208,cat
002866.jpg,24.832,86.144,59.136,112,chair
002866.jpg,57.344,81.28,86.528,112,chair
002866.jpg,70.912,76.416,94.976,112,chair
002866.jpg,31.232,73.6,88.832,112,diningtable
009398.jpg,0.256,22.521021021021,108.032,106.5,cat
003869.jpg,83.968,61.8303303303303,117.248,98.0765765765766,dog
003869.jpg,32.768,49.5780780780781,81.152,96.0345345345345,dog
003869.jpg,0.256,43.451951951952,48.384,92.9714714714715,person
003869.jpg,29.952,49.3228228228228,73.216,102.671171171171,person
003869.jpg,49.152,40.6441441441441,124.416,106.5,person
002272.jpg,0.256,74.112,87.296,112,bicycle
002272.jpg,0.256,16.768,87.296,112,person
008023.jpg,7.424,17.024,128,112,bus
008023.jpg,119.04,75.392,128,106.624,person
008023.jpg,22.528,60.544,41.472,112,person
008023.jpg,10.24,58.24,26.112,112,person
008023.jpg,7.424,74.624,14.336,99.456,bicycle
008064.jpg,80.128,39.6231231231231,88.576,49.5780780780781,bird
008064.jpg,77.312,42.1756756756757,82.688,54.1726726726727,bird
008064.jpg,64.768,29.6681681681682,72.192,35.539039039039,bird
008064.jpg,116.736,94.2477477477478,127.488,103.947447447447,pottedplant
008064.jpg,75.52,78.6771771771772,108.8,105.734234234234,pottedplant
008064.jpg,29.184,72.2957957957958,76.032,106.5,pottedplant
009655.jpg,22.144,28.928,112,128,sofa
009655.jpg,22.4,23.808,112,75.52,person
009365.jpg,59.136,57.9277108433735,76.288,72.855421686747,aeroplane
001497.jpg,58.112,16.256,128,36.48,boat
001497.jpg,15.872,22.4,35.84,28.288,boat
001497.jpg,0.256,22.912,8.192,32.384,boat
001497.jpg,0.256,39.808,34.56,50.048,boat
001497.jpg,41.984,49.024,83.968,57.728,boat
001497.jpg,10.24,44.416,44.288,57.984,boat
001497.jpg,35.584,51.328,106.24,66.944,boat
001497.jpg,15.872,28.032,33.792,37.504,boat
000857.jpg,60.16,22.4,90.368,49.536,cat
000972.jpg,5.12,45.44,110.848,89.728,car
004628.jpg,60.16,21.7552552552553,113.408,92.7162162162162,cat
001045.jpg,70.784,0.512,99.712,70.656,bottle
000608.jpg,35.584,19.584,56.32,52.352,boat
000608.jpg,3.072,44.16,107.52,89.216,boat
001326.jpg,6.912,16.256,128,112,sofa
005336.jpg,18.6468531468531,69.888,110.877622377622,114.432,sofa
005336.jpg,39.2272727272727,77.312,102.747086247086,98.048,person
006120.jpg,16.896,32.2207207207207,123.904,94.2477477477478,motorbike
006120.jpg,24.576,31.7102102102102,40.96,38.3468468468468,car
009424.jpg,12.8,42.368,108.032,100.224,car
009424.jpg,70.4,40.32,94.208,101.76,person
004563.jpg,14.848,77.4009009009009,34.56,89.6531531531532,car
004563.jpg,39.68,79.1876876876877,49.92,83.2717717717718,car
004563.jpg,93.44,75.3588588588589,106.752,80.463963963964,car
004563.jpg,109.568,72.2957957957958,114.176,81.7402402402403,person
004563.jpg,116.48,72.0405405405406,119.808,81.7402402402403,person
004563.jpg,75.52,75.8693693693694,79.104,81.7402402402403,person
005644.jpg,47.104,25.984,128,111.232,person
005644.jpg,0.256,35.968,58.112,111.488,person
007159.jpg,111.36,54.656,128,69.76,car
007159.jpg,37.376,55.68,45.312,88.192,person
007159.jpg,9.216,55.424,17.408,89.984,person
006236.jpg,17.024,52.224,102.784,108.288,motorbike
006236.jpg,16.256,53.248,31.616,89.6,motorbike
006236.jpg,93.312,60.16,112,128,motorbike
006236.jpg,41.088,29.44,72.32,112.896,person
007280.jpg,51.968,47.7912912912913,88.32,66.6801801801802,aeroplane
007280.jpg,36.352,52.3858858858859,71.936,71.2747747747748,aeroplane
000878.jpg,32,63.3618618618619,76.288,106.5,bicycle
000878.jpg,38.144,34.7732732732733,66.304,99.8633633633634,person
009316.jpg,73.728,38.272,128,112,person
009316.jpg,54.528,51.584,90.368,111.232,person
009316.jpg,40.96,45.952,64.512,110.72,person
009316.jpg,1.024,31.36,42.752,111.744,person
003469.jpg,35.584,53.12,92.672,111.232,bicycle
003469.jpg,17.408,22.656,47.36,107.648,person
003469.jpg,54.016,16.256,118.272,94.848,person
001718.jpg,24.832,25.0735735735736,112.384,106.5,dog
007121.jpg,80.512,96.256,112,128,bottle
007121.jpg,43.904,20.992,84.096,87.04,person
007121.jpg,16.256,40.704,97.152,128,person
006045.jpg,0.256,53.632,38.144,103.808,chair
006045.jpg,39.936,58.752,128,112,sofa
009166.jpg,50.176,32.0944055944056,75.264,98.9685314685315,bird
001494.jpg,31.232,78.208,82.176,110.976,car
000898.jpg,0.256,45.44,127.744,108.416,sofa
000898.jpg,76.032,65.92,89.856,75.648,person
000582.jpg,16.256,0.256,111.488,105.216,dog
007092.jpg,30.336,23.552,111.744,122.88,bird
006893.jpg,52.608,74.496,78.72,91.392,car
000173.jpg,39.748730964467,17.0666666666667,83.4543147208122,79.2,person
000173.jpg,40.5482233502538,17.0666666666667,88.251269035533,123.733333333333,horse
002248.jpg,16.64,16.512,128,93.056,car
003150.jpg,49.664,34.176,118.528,103.04,person
003150.jpg,27.648,27.264,65.792,64.128,person
003150.jpg,0.256,29.568,33.792,89.216,person
003150.jpg,0.256,33.664,77.568,85.888,sofa
006880.jpg,49.152,36.992,116.224,99.456,bicycle
006880.jpg,83.2,58.752,126.72,111.744,person
006880.jpg,0.512,58.24,37.888,111.232,person
006880.jpg,33.536,17.792,60.928,67.712,person
006880.jpg,53.248,38.016,87.296,55.936,person
006880.jpg,21.248,52.864,50.944,91.52,person
009185.jpg,35.84,27.8503649635036,110.848,93.7627737226277,dog
002942.jpg,56.832,60.5540540540541,79.872,70.509009009009,aeroplane
008920.jpg,57.344,54.656,102.656,93.056,sheep
008920.jpg,15.616,33.152,58.88,88.704,person
007105.jpg,1.28,60.5540540540541,128,106.5,sofa
003211.jpg,78.336,47.232,109.312,109.696,pottedplant
003211.jpg,85.504,60.288,95.744,92.288,pottedplant
003211.jpg,52.736,65.92,62.976,89.472,pottedplant
008083.jpg,26.24,43.2,65.28,110.08,person
008083.jpg,48.64,37.12,115.84,112,person
008083.jpg,30.4,60.8,128,112,sofa
003597.jpg,12.7874109263658,34.56,110.12945368171,102.144,train
008100.jpg,0.256,33.92,58.112,111.232,cat
004039.jpg,16.256,0.512,73.6,128,person
004039.jpg,48.256,68.864,89.984,128,person
004039.jpg,83.072,20.992,112,128,person
004257.jpg,99.072,48.768,128,112,person
004257.jpg,0.256,72.32,28.16,111.744,chair
004257.jpg,75.008,79.488,112.64,112,chair
007572.jpg,122.624,71.2747747747748,128,102.415915915916,diningtable
007572.jpg,0.512,46.2597597597598,80.64,81.2297297297297,diningtable
007572.jpg,54.528,34.518018018018,59.648,48.5570570570571,bottle
007572.jpg,43.776,38.8573573573574,49.152,56.46996996997,bottle
007572.jpg,47.104,37.8363363363363,52.224,55.9594594594595,bottle
007572.jpg,10.24,47.0255255255255,17.152,67.7012012012012,bottle
007572.jpg,4.864,46.7702702702703,9.728,65.9144144144144,bottle
007572.jpg,14.08,45.2387387387387,20.992,61.3198198198198,bottle
007572.jpg,79.872,45.2387387387387,89.088,59.2777777777778,chair
007572.jpg,72.96,49.5780780780781,85.504,66.6801801801802,chair
007572.jpg,57.344,53.9174174174174,69.888,89.6531531531532,chair
007572.jpg,41.984,59.2777777777778,56.832,71.0195195195195,chair
007572.jpg,105.472,61.5750750750751,110.848,64.6381381381381,chair
007572.jpg,112.64,53.9174174174174,124.16,79.442942942943,chair
007572.jpg,121.088,48.0465465465466,128,73.8273273273273,chair
007572.jpg,122.112,44.472972972973,128,49.5780780780781,chair
007572.jpg,67.84,33.2417417417417,125.696,106.5,person
007572.jpg,1.024,35.0285285285285,60.16,105.98948948949,person
004528.jpg,32.9096774193548,25.6,63.4903225806452,72.448,person
004528.jpg,25.7741935483871,5.632,101.970967741935,69.632,aeroplane
004145.jpg,2.56,58.752,26.624,76.16,motorbike
004145.jpg,91.136,56.96,102.656,79.488,motorbike
004145.jpg,117.76,56.96,128,78.208,motorbike
004145.jpg,52.224,60.544,59.904,77.44,motorbike
004145.jpg,124.672,62.336,128,96.384,car
004145.jpg,68.096,67.2,91.648,91.008,motorbike
004145.jpg,43.264,57.728,57.344,73.088,car
004145.jpg,107.776,49.28,113.664,73.088,person
004145.jpg,100.608,50.56,112.64,83.072,person
004145.jpg,77.568,51.328,91.392,92.544,person
004145.jpg,70.4,51.328,78.08,62.336,person
004145.jpg,58.624,50.048,70.144,79.744,person
004145.jpg,50.176,52.352,56.832,76.672,person
004145.jpg,15.616,52.352,25.344,78.72,person
005189.jpg,35.584,23.9444444444444,128,115.245679012346,person
005189.jpg,0.512,12.7543209876543,78.08,115.245679012346,person
009420.jpg,0.256,75.904,103.424,112,diningtable
009420.jpg,56.576,21.376,59.904,31.872,bottle
009420.jpg,70.4,25.728,75.52,34.688,bottle
009420.jpg,38.912,54.144,55.296,81.792,person
009420.jpg,54.528,73.344,69.12,86.656,chair
009420.jpg,73.728,75.392,94.464,92.288,chair
009420.jpg,17.92,84.096,42.496,112,chair
009420.jpg,1.024,77.952,16.64,112,chair
001881.jpg,15.872,35.712,116.736,107.392,car
001881.jpg,0.256,35.712,29.952,67.968,car
001881.jpg,30.464,35.2,50.688,46.72,car
001881.jpg,97.536,35.456,126.72,46.72,car
001881.jpg,53.504,25.216,63.744,35.2,person
001881.jpg,68.096,25.472,76.544,35.2,person
008526.jpg,50.048,64,86.144,108.544,horse
008526.jpg,81.28,62.976,96.896,98.56,horse
008526.jpg,30.592,55.808,38.016,66.048,person
008526.jpg,36.992,51.968,41.856,61.952,person
008526.jpg,41.6,45.056,55.936,71.68,person
005590.jpg,5.376,42.9873417721519,79.104,104,cat
005590.jpg,59.904,38.9367088607595,85.248,87.7974683544304,cat
005590.jpg,80.384,35.8987341772152,128,104,cat
008036.jpg,47.616,38.8573573573574,108.032,105.734234234234,dog
002684.jpg,25.1073825503356,12.032,121,126.208,horse
004956.jpg,50.8543543543544,57.856,60.0435435435435,68.096,tvmonitor
004956.jpg,53.9174174174174,62.72,66.6801801801802,75.008,chair
001444.jpg,23.296,83.072,83.712,112,sofa
001444.jpg,57.856,66.176,99.072,99.712,chair
001444.jpg,94.208,63.616,109.568,77.696,pottedplant
001444.jpg,7.424,69.248,14.848,82.304,bottle
001444.jpg,41.984,51.84,56.064,86.656,pottedplant
001444.jpg,36.608,54.912,45.056,64.896,tvmonitor
001444.jpg,28.672,55.168,36.608,64.384,tvmonitor
003229.jpg,88.832,57.216,110.848,73.6,aeroplane
003973.jpg,0.256,57.728,53.248,107.136,bus
003973.jpg,52.224,88.704,91.136,103.04,car
003973.jpg,120.832,86.656,128,104.064,person
003973.jpg,105.216,87.68,108.032,95.872,person
008220.jpg,0.256,21.7552552552553,117.248,106.5,train
008220.jpg,54.784,60.5540540540541,75.52,77.4009009009009,person
000892.jpg,89.6,64.896,109.312,112,person
000892.jpg,48.64,70.272,88.064,112,motorbike
009905.jpg,11.008,42.7202216066482,119.04,78.1440443213296,aeroplane
009905.jpg,0.256,55.207756232687,25.6,73.0470914127424,aeroplane
005430.jpg,49.152,62.336,56.064,71.04,bottle
005430.jpg,28.16,48.512,75.52,84.096,bicycle
005430.jpg,54.528,23.68,91.136,88.704,person
000035.jpg,0.256,40.576,48.896,108.416,person
000035.jpg,55.808,41.088,119.04,97.408,person
000035.jpg,119.808,65.92,128,97.152,person
000035.jpg,0.768,93.824,128,112,diningtable
004221.jpg,61.44,55.68,82.176,77.44,bird
003038.jpg,29.184,48.6492537313433,64,93.3059701492537,train
000731.jpg,57.2340425531915,99.072,82.5106382978723,128,bird
000731.jpg,25.3191489361702,19.2,98.5957446808511,95.488,person
000731.jpg,22.2553191489362,0.256,64.1276595744681,69.888,person
006739.jpg,29.184,18.048,110.336,112,person
006739.jpg,5.888,56.96,48.64,88.96,bird
006739.jpg,48.128,62.08,73.728,112,bird
002609.jpg,10.24,30.6754385964912,55.552,85.3684210526316,dog
001847.jpg,8.192,79.2432432432432,62.976,106.172972972973,boat
001847.jpg,18.688,60.1891891891892,120.32,107.697297297297,boat
009698.jpg,34.56,55.168,106.24,112,horse
009698.jpg,69.12,16.512,120.832,112,person
009698.jpg,37.12,31.36,63.232,88.192,person
009698.jpg,12.288,30.592,43.008,112,person
005143.jpg,6.14963503649635,4.42906574394464,117.434306569343,123.128027681661,pottedplant
006480.jpg,30.464,51.34375,53.76,62.734375,aeroplane
000880.jpg,78.08,23.1138211382114,90.88,33.5582655826558,bird
000880.jpg,13.056,77.8834688346884,22.272,99.0271002710027,bird
000880.jpg,29.696,57.2493224932249,36.096,69.4769647696477,bird
000880.jpg,97.024,47.3143631436314,112.64,67.6937669376694,cow
000880.jpg,84.224,46.0406504065041,97.28,62.5989159891599,cow
009686.jpg,6.144,61.312,26.624,92.288,pottedplant
009686.jpg,25.6,53.888,45.312,87.68,pottedplant
009686.jpg,44.032,63.104,61.952,84.096,pottedplant
009686.jpg,62.208,48.256,81.92,81.28,pottedplant
009686.jpg,78.848,54.144,96.256,79.488,pottedplant
009686.jpg,94.464,56.192,107.264,77.952,pottedplant
009686.jpg,105.984,59.264,116.48,70.528,pottedplant
009686.jpg,112.128,55.168,126.464,69.504,pottedplant
009318.jpg,60.928,23.5359281437126,84.48,83.0868263473054,person
009318.jpg,8.192,36.2604790419162,112.128,106.5,horse
009318.jpg,95.232,47.4580838323353,102.4,52.8023952095808,car
009318.jpg,89.856,47.2035928143713,96.256,53.0568862275449,car
009318.jpg,102.4,47.4580838323353,109.568,51.7844311377246,car
009318.jpg,3.84,44.9131736526946,27.392,64.5089820359281,car
007923.jpg,101.632,61.063829787234,115.2,79.7021276595745,chair
007923.jpg,48.384,60.5531914893617,79.104,82.2553191489362,sofa
007923.jpg,34.56,71.531914893617,90.368,94,sofa
001927.jpg,3.84,45.2771084337349,81.408,91.3253012048193,horse
001927.jpg,72.704,35.9156626506024,89.344,91.3253012048193,person
008494.jpg,53.76,52.608,75.776,74.88,bus
007072.jpg,0.512,22.4,100.864,111.232,cow
002392.jpg,15.36,43.136,105.472,61.312,boat
001229.jpg,53.248,39.296,105.728,70.784,bottle
001229.jpg,3.84,35.2,109.824,112,person
001229.jpg,89.088,56.192,128,112,person
002586.jpg,14.848,0.256,95.488,111.872,bird
007250.jpg,71.936,79.442942942943,79.616,105.734234234234,bottle
007250.jpg,31.232,26.3498498498498,83.712,66.4249249249249,tvmonitor
006903.jpg,55.296,16.256,126.976,111.488,person
006903.jpg,0.256,16.512,63.232,112,person
006903.jpg,65.28,40.576,98.304,80.768,dog
006903.jpg,25.6,54.144,54.784,103.296,dog
001479.jpg,36.864,38.528,128,112,person
001479.jpg,86.272,27.52,120.32,58.496,pottedplant
001002.jpg,66.944,98.304,112,123.648,boat
001002.jpg,42.112,93.696,70.528,106.496,boat
001002.jpg,21.632,87.296,42.368,101.376,boat
001002.jpg,16.256,87.296,23.168,95.744,boat
008810.jpg,29.696,27.8813813813814,94.464,75.3588588588589,motorbike
008810.jpg,93.44,39.6231231231231,106.24,57.490990990991,person
008810.jpg,1.28,42.6861861861862,16.384,66.6801801801802,person
007141.jpg,79.104,60.544,84.48,72.32,bottle
007141.jpg,10.24,61.568,19.2,93.824,bottle
007141.jpg,2.048,56.96,11.008,91.008,bottle
000078.jpg,3.84,29.6527446300716,121.6,115.712410501193,dog
000078.jpg,24.064,20.9701670644391,111.872,71.2780429594272,dog
001072.jpg,20.48,69.0777202072539,107.008,93.4507772020725,sofa
001072.jpg,40.96,58.160621761658,80.896,93.4507772020725,person
002345.jpg,35.968,36.864,88.192,122.112,dog
006810.jpg,85.504,25.984,128,112,person
006810.jpg,5.12,53.888,29.184,107.392,person
006810.jpg,28.672,30.08,115.712,112,person
006810.jpg,0.256,58.752,14.08,112,person
005884.jpg,14.336,30.6616766467066,94.72,103.955089820359,motorbike
005884.jpg,20.736,31.4251497005988,62.72,75.4520958083832,person
008297.jpg,0.512,16.512,128,112,bird
007815.jpg,7.936,28.4945652173913,102.656,90.054347826087,car
007815.jpg,60.928,28.2391304347826,79.104,49.1847826086956,person
007815.jpg,34.56,31.0489130434783,53.76,50.2065217391304,person
004369.jpg,33.024,41.856,92.16,100.736,sofa
004369.jpg,0.256,96.384,26.368,112,sofa
008755.jpg,54.016,22.2657657657658,104.448,105.98948948949,bird
006971.jpg,0.256,21.7552552552553,128,106.5,cat
007836.jpg,0.512,63.616,58.112,102.528,bicycle
007836.jpg,83.968,65.152,128,100.992,bicycle
007836.jpg,90.88,45.952,128,96.128,person
007836.jpg,0.512,47.744,36.864,100.48,person
007836.jpg,58.368,23.936,67.328,46.976,person
007836.jpg,69.888,26.24,75.52,45.696,person
002403.jpg,80.896,45.184,85.504,56.96,person
002403.jpg,95.488,62.592,104.192,73.856,bird
002403.jpg,72.448,23.68,100.864,60.544,boat
004718.jpg,0.256,16.256,12.544,42.112,bottle
004718.jpg,24.32,17.792,87.04,103.296,person
004718.jpg,11.52,16.256,127.744,111.744,person
009419.jpg,13.312,38.8573573573574,34.304,71.2747747747748,pottedplant
009419.jpg,37.12,74.3378378378378,46.336,92.2057057057057,pottedplant
009099.jpg,37.376,48.768,73.216,101.504,bird
007996.jpg,48.384,46.7702702702703,60.672,78.1666666666667,person
007996.jpg,30.208,69.2327327327327,50.944,89.6531531531532,person
007996.jpg,23.552,83.7822822822823,49.92,106.5,person
007996.jpg,50.688,77.6561561561562,91.392,106.5,person
007996.jpg,101.632,37.0705705705706,128,90.4189189189189,person
007996.jpg,0.512,73.3168168168168,20.992,102.160660660661,chair
007996.jpg,0.256,61.8303303303303,7.936,74.3378378378378,chair
007996.jpg,48.384,50.3438438438438,89.856,82.7612612612613,sofa
007996.jpg,89.344,71.53003003003,110.336,94.7582582582583,chair
007996.jpg,107.264,44.7282282282282,111.872,49.0675675675676,tvmonitor
003992.jpg,8.704,30.6616766467066,61.952,54.3293413173653,motorbike
003992.jpg,6.4,32.188622754491,109.056,84.3592814371258,motorbike
003992.jpg,101.12,21.7544910179641,116.48,64.7634730538922,person
003992.jpg,87.04,21.7544910179641,104.192,59.9281437125749,person
003992.jpg,79.616,22.0089820359281,89.088,39.5688622754491,person
003992.jpg,74.496,22.0089820359281,81.152,36.7694610778443,person
009496.jpg,3.072,38.0915915915916,122.624,102.926426426426,person
002944.jpg,25.3059701492537,3.84,98.1268656716418,94.464,cat
000987.jpg,50.944,11.8456375838926,99.84,109.268456375839,person
000987.jpg,55.552,10.8255033557047,69.12,47.0402684563758,person
000987.jpg,100.608,11.5906040268456,110.592,48.3154362416107,person
000987.jpg,0.256,10.8255033557047,57.856,77.3892617449665,car
000987.jpg,4.864,31.2281879194631,117.248,119.979865771812,motorbike
004679.jpg,0.256,16.256,127.232,111.232,person
004679.jpg,36.608,36.224,92.672,96.64,dog
007600.jpg,15.872,32.7312312312312,62.464,98.5870870870871,pottedplant
007600.jpg,57.344,35.0285285285285,113.408,99.3528528528529,pottedplant
004423.jpg,13.568,43.392,66.56,95.616,sheep
004423.jpg,61.696,38.016,113.92,89.216,sheep
004423.jpg,54.528,60.288,74.496,99.2,sheep
001436.jpg,47.36,53.2164179104478,84.48,63.8731343283582,aeroplane
001345.jpg,100.096,58.752,116.736,82.048,chair
001345.jpg,73.472,58.752,91.136,83.072,chair
001345.jpg,87.296,54.4,104.448,75.904,chair
005093.jpg,48.5570570570571,41.728,106.5,101.632,motorbike
005093.jpg,73.0615615615616,15.616,106.5,84.48,person
005093.jpg,45.7492492492492,55.04,54.1726726726727,64.768,person
008914.jpg,42.496,43.1675675675676,90.88,103.886486486486,horse
005304.jpg,67.584,32.125,100.096,84.91,bottle
005304.jpg,0.256,13.51,120.832,115,person
008108.jpg,6.912,76.16,15.872,92.8,motorbike
008108.jpg,24.832,74.624,33.28,93.568,motorbike
008108.jpg,16.384,71.296,22.272,91.264,person
008108.jpg,20.48,69.504,27.904,92.8,person
008108.jpg,50.944,67.712,59.904,97.664,person
008108.jpg,96.256,68.992,102.912,90.496,person
008108.jpg,112.384,71.296,118.016,79.488,person
008108.jpg,39.168,77.44,46.592,93.568,motorbike
008108.jpg,44.288,75.904,51.712,90.496,motorbike
008108.jpg,111.616,79.488,119.04,92.288,motorbike
008108.jpg,44.544,71.808,48.384,79.744,person
008108.jpg,61.44,73.088,91.136,98.944,car
005026.jpg,0.256,59.52,90.624,91.264,bus
005026.jpg,88.064,69.76,109.568,82.048,bus
002778.jpg,80.896,67.456,89.856,69.76,chair
002778.jpg,13.824,72.32,26.368,82.048,chair
002778.jpg,25.856,73.088,38.4,83.072,chair
002778.jpg,38.912,76.928,48.128,84.608,chair
002778.jpg,56.064,78.464,65.28,86.4,chair
002778.jpg,70.656,79.488,81.408,87.68,chair
002778.jpg,92.416,81.28,104.704,90.24,chair
002778.jpg,4.096,76.16,16.128,93.056,chair
002778.jpg,15.872,83.072,33.792,96.64,chair
002778.jpg,33.024,85.376,52.736,100.48,chair
002778.jpg,53.76,87.936,72.96,103.552,chair
002778.jpg,82.432,91.264,101.12,112,chair
002778.jpg,0.256,98.176,6.912,105.856,chair
002778.jpg,0.256,104.832,14.848,112,chair
002778.jpg,36.864,41.6,50.688,52.096,tvmonitor
005674.jpg,18.6666666666667,16.8,92.8,126.933333333333,bird
006626.jpg,54.528,79.6867469879518,128,106,diningtable
006626.jpg,113.408,48.8192771084337,128,75.8915662650603,person
006626.jpg,70.912,50.5903614457831,95.232,94.1084337349398,person
006626.jpg,47.36,47.5542168674699,90.88,98.6626506024096,person
006626.jpg,0.512,41.4819277108434,66.048,106,person
006626.jpg,104.448,74.3734939759036,109.056,89.8072289156626,bottle
006626.jpg,113.152,69.566265060241,118.784,82.4698795180723,bottle
003588.jpg,51.2,37.5810810810811,82.944,102.926426426426,chair
003588.jpg,16.896,42.4309309309309,47.36,105.734234234234,chair
005968.jpg,25.088,21.7552552552553,128,106.5,dog
005348.jpg,67.7012012012012,37.376,105.734234234234,127.744,person
005348.jpg,21.7552552552553,6.144,76.3798798798799,127.744,person
006062.jpg,9.472,56.9804804804805,97.536,83.0165165165165,car
006062.jpg,108.032,46.2597597597598,120.832,51.1096096096096,car
006062.jpg,18.432,44.7282282282282,28.672,48.3018018018018,car
003484.jpg,119.808,30.4339339339339,126.208,41.4099099099099,person
003484.jpg,118.784,28.9024024024024,128,62.0855855855856,person
003484.jpg,115.2,32.475975975976,121.6,45.2387387387387,person
003484.jpg,103.68,29.1576576576577,110.848,52.1306306306306,person
003484.jpg,12.544,38.0915915915916,125.696,103.947447447447,car
008766.jpg,22.2611940298507,31.488,86.2014925373134,115.2,train
008766.jpg,66.9179104477612,60.928,77.8283582089552,73.984,person
008424.jpg,72.0405405405406,103.424,106.5,128,pottedplant
008424.jpg,57.2357357357357,87.296,90.4189189189189,118.016,pottedplant
008424.jpg,40.6441441441441,30.72,87.3558558558559,99.84,pottedplant
008424.jpg,28.6471471471471,56.576,41.6651651651652,74.496,pottedplant
008424.jpg,28.9024024024024,50.432,47.0255255255255,57.856,pottedplant
008424.jpg,23.542042042042,33.28,43.1966966966967,50.432,pottedplant
006886.jpg,4.864,42.248031496063,54.784,84.2165354330709,chair
006886.jpg,55.808,41.2244094488189,126.976,86.5196850393701,sofa
000303.jpg,3.84,25.9310344827586,128,87.2997347480106,car
000303.jpg,119.04,34.079575596817,128,58.0159151193634,car
000303.jpg,113.92,33.315649867374,128,39.6816976127321,car
000303.jpg,0.256,32.0424403183024,23.808,44.7745358090186,car
000303.jpg,0.512,36.6259946949602,21.76,49.3580901856764,car
000303.jpg,0.256,44.2652519893899,13.056,65.9098143236074,car
008467.jpg,33.408,39.168,80.256,110.848,dog
008467.jpg,61.824,3.072,112,124.416,person
008467.jpg,16.256,27.904,55.68,70.912,person
008467.jpg,78.72,15.616,81.28,24.576,bottle
008467.jpg,60.032,15.36,61.824,24.32,bottle
008467.jpg,54.144,14.848,57.728,23.552,bottle
008467.jpg,47.488,15.616,48.768,23.296,bottle
008467.jpg,44.16,15.36,45.952,23.552,bottle
008467.jpg,38.528,15.36,40.832,23.04,bottle
003551.jpg,8.192,44.672,110.592,90.496,car
003551.jpg,0.256,43.136,55.552,65.664,car
003551.jpg,76.288,41.344,91.648,46.208,car
003551.jpg,86.784,42.624,107.008,50.048,car
006855.jpg,30.5769230769231,8.448,102.740384615385,126.976,bicycle
006855.jpg,30.5769230769231,0.256,41.2115384615385,26.88,person
006855.jpg,24.7532051282051,0.256,32.349358974359,29.184,person
003874.jpg,5.12,94.848,16.128,100.736,sheep
003874.jpg,118.272,77.696,121.856,83.072,sheep
003874.jpg,105.216,68.992,109.568,72.32,sheep
003874.jpg,76.288,67.2,81.152,72.064,sheep
003874.jpg,1.024,81.024,5.632,83.072,sheep
003874.jpg,4.352,78.464,7.68,80.768,sheep
003874.jpg,33.024,89.472,37.376,93.056,sheep
003874.jpg,25.6,91.264,37.888,98.944,sheep
003874.jpg,56.064,71.296,58.368,74.112,sheep
009699.jpg,10.24,28.544,112.128,88.704,car
009699.jpg,103.424,29.056,128,52.864,car
009699.jpg,0.256,27.264,25.856,54.656,car
009699.jpg,67.072,25.984,105.216,41.856,car
003876.jpg,23.808,40.3848167539267,44.544,52.065445026178,aeroplane
009526.jpg,60.8,80.384,112,128,diningtable
009526.jpg,71.04,110.08,98.688,128,chair
009526.jpg,61.312,91.136,74.88,128,chair
009526.jpg,71.04,86.272,80.512,94.976,chair
009526.jpg,79.488,82.944,86.144,90.88,chair
009526.jpg,85.888,52.736,91.52,67.328,person
008174.jpg,10.496,21.7552552552553,128,103.181681681682,car
002960.jpg,12.032,40.6441441441441,69.376,101.905405405405,person
003636.jpg,47.104,72.832,66.048,92.288,bus
003636.jpg,72.448,85.632,88.064,99.2,car
003636.jpg,47.36,83.84,60.672,94.848,car
003636.jpg,40.448,85.888,55.552,97.152,car
003636.jpg,1.792,88.704,69.376,110.976,car
003636.jpg,1.024,97.664,31.488,112,car
003636.jpg,77.312,79.232,90.88,95.104,car
003636.jpg,72.192,76.928,96.768,86.912,car
003636.jpg,91.136,75.392,103.936,81.536,car
003636.jpg,90.88,77.696,100.096,83.072,car
001166.jpg,84.224,41.6,97.024,56.96,tvmonitor
008929.jpg,0.256,36.0495495495496,112.896,82.7612612612613,car
008929.jpg,0.256,28.3918918918919,21.248,86.5900900900901,car
006395.jpg,104.448,24.96,122.624,64.128,tvmonitor
006395.jpg,34.304,45.952,80.896,104.832,person
006395.jpg,4.352,62.848,54.528,112,chair
000419.jpg,5.888,25.984,124.416,98.432,motorbike
000419.jpg,0.512,20.096,10.496,72.576,person
000419.jpg,15.616,16.256,27.904,31.872,person
000419.jpg,117.504,16.512,128,60.544,person
003155.jpg,22.521021021021,30.976,101.394894894895,107.264,bird
007863.jpg,51.456,51.84,112.64,91.776,cat
003642.jpg,6.656,45.7230769230769,118.016,88.3692307692308,bus
009285.jpg,0.768,31.616,110.848,104.064,cat
004687.jpg,25.088,37.248,98.048,98.176,motorbike
004687.jpg,37.12,24.704,73.728,96.896,person
004687.jpg,103.168,37.504,111.616,59.52,person
004687.jpg,113.152,41.6,128,57.216,car
003270.jpg,30.208,41.9204204204204,83.712,99.3528528528529,bird
003270.jpg,38.144,26.3498498498498,73.472,106.5,person
005153.jpg,0.256,53.632,9.984,72.064,chair
005153.jpg,11.264,53.632,24.064,71.552,chair
005153.jpg,26.624,71.296,73.728,112,chair
005153.jpg,24.064,61.312,59.904,107.648,chair
005153.jpg,40.192,45.44,51.2,57.984,tvmonitor
005153.jpg,46.592,43.904,60.16,61.568,tvmonitor
005153.jpg,53.76,40.32,87.04,68.224,tvmonitor
005153.jpg,79.104,33.152,128,84.352,tvmonitor
005838.jpg,18.688,20.352,119.552,89.472,cat
007436.jpg,26.624,31.616,97.28,112,person
007436.jpg,107.52,81.28,128,112,person
007294.jpg,69.12,68.051282051282,92.416,88.3076923076923,car
004105.jpg,23.808,85.376,41.984,112,chair
004105.jpg,0.512,86.912,23.808,112,chair
004105.jpg,52.48,85.376,75.776,112,chair
004105.jpg,41.984,93.824,71.936,112,chair
004105.jpg,80.896,85.376,102.656,110.208,chair
004105.jpg,87.296,95.872,125.696,111.744,chair
004105.jpg,49.152,78.72,80.128,94.592,sofa
004105.jpg,30.976,71.808,47.36,92.8,pottedplant
003844.jpg,35.072,57.728,68.096,100.224,cat
003844.jpg,44.288,54.656,90.88,101.248,cat
000164.jpg,29.184,55.424,94.464,105.088,motorbike
000164.jpg,74.752,28.544,114.176,110.72,person
004291.jpg,85.888,81.92,105.6,128,bottle
004291.jpg,16.768,0.256,111.744,128,person
005414.jpg,15.104,48.3018018018018,55.552,106.5,motorbike
005414.jpg,67.84,52.3858858858859,113.408,106.5,motorbike
005414.jpg,50.176,31.7102102102102,74.24,105.734234234234,person
005414.jpg,72.448,35.539039039039,110.848,105.734234234234,person
005414.jpg,110.592,45.7492492492492,124.672,59.7882882882883,motorbike
009236.jpg,34.9333333333333,47.3584905660377,92.2666666666667,98.6037735849057,horse
009236.jpg,52,37.0566037735849,68.8,78,person
005918.jpg,13.568,28.3918918918919,120.064,89.3978978978979,car
005918.jpg,3.84,27.8813813813814,32.256,52.8963963963964,car
005918.jpg,0.256,27.8813813813814,12.8,43.451951951952,car
005918.jpg,98.56,29.9234234234234,128,52.8963963963964,car
005918.jpg,75.52,28.9024024024024,90.368,43.1966966966967,car
008384.jpg,51.968,43.3208955223881,75.52,92.0373134328358,bird
000842.jpg,20.992,38.6938202247191,128,109.5,dog
000842.jpg,59.136,19.0112359550562,128,89.0505617977528,person
008606.jpg,29.184,35.2,89.088,108.16,dog
006819.jpg,23.552,63.36,79.104,101.248,diningtable
006819.jpg,24.832,58.752,37.376,90.24,chair
006819.jpg,33.024,61.568,52.736,99.968,chair
006819.jpg,55.552,69.504,73.216,102.272,chair
006819.jpg,4.352,56.448,16.128,82.304,chair
001225.jpg,40.0813953488372,54.272,92.0116279069767,105.984,dog
006794.jpg,23.552,51.3648648648649,95.488,73.3168168168168,aeroplane
009531.jpg,56.576,72.064,62.72,80.512,person
006366.jpg,0.256,22.9114583333333,118.016,113,dog
000523.jpg,53.12,26.368,69.504,65.536,person
000523.jpg,70.272,47.872,93.824,106.752,person
000523.jpg,109.44,58.112,112,70.144,person
000523.jpg,103.808,58.368,108.416,65.28,person
000523.jpg,99.2,59.136,102.784,62.976,person
000523.jpg,94.848,57.344,99.456,62.208,person
000523.jpg,27.52,50.944,108.672,104.448,horse
001755.jpg,15.616,25.8393393393393,128,106.5,cat
001755.jpg,42.496,22.2657657657658,128,55.7042042042042,cat
007042.jpg,33.536,67.456,83.712,92.288,sofa
007042.jpg,73.472,73.344,127.744,111.744,diningtable
007042.jpg,67.584,69.504,104.96,112,chair
007042.jpg,104.448,74.624,127.744,112,chair
007042.jpg,84.736,65.92,99.84,106.112,chair
007042.jpg,123.136,65.664,128,76.672,chair
002501.jpg,1.536,47.744,67.072,112,chair
002501.jpg,54.272,50.56,128,107.648,sofa
002501.jpg,20.736,45.952,52.48,111.488,person
002501.jpg,62.72,48,127.488,111.232,person
002501.jpg,75.52,39.552,126.976,83.072,person
009808.jpg,24.0771428571429,11.008,93.4971428571429,123.392,horse
005146.jpg,100.864,51.4207920792079,125.952,96.4009900990099,bicycle
005146.jpg,78.336,59.5528052805281,99.84,97.1633663366337,bicycle
005146.jpg,3.328,61.8399339933993,23.296,95.1303630363036,bicycle
005146.jpg,32,57.7739273927393,50.432,95.8927392739274,bicycle
005146.jpg,46.336,60.5693069306931,71.68,96.6551155115512,bicycle
005146.jpg,3.072,38.9686468646865,23.808,94.3679867986799,person
005146.jpg,33.024,45.5759075907591,56.064,94.1138613861386,person
005146.jpg,54.528,37.9521452145214,76.544,95.1303630363036,person
005146.jpg,72.704,34.6485148514851,91.136,95.6386138613861,person
005146.jpg,100.864,32.6155115511551,123.904,93.3514851485149,person
004512.jpg,24.064,70.0722891566265,80.64,102.204819277108,dog
004512.jpg,29.184,54.3855421686747,41.216,75.3855421686747,dog
004512.jpg,98.56,22.2530120481928,117.76,67.5421686746988,person
004512.jpg,25.6,36.9277108433735,46.848,62.4819277108434,person
004512.jpg,0.256,52.1084337349398,25.344,102.963855421687,person
004512.jpg,83.2,52.1084337349398,99.584,71.5903614457831,chair
004655.jpg,112.896,65.5257142857143,126.208,81.5457142857143,chair
004655.jpg,99.072,63.2371428571429,108.032,70.1028571428572,chair
004655.jpg,67.84,80.5285714285714,89.856,91.4628571428571,chair
004655.jpg,13.824,88.1571428571429,34.816,108.5,chair
004655.jpg,15.616,73.1542857142857,36.352,88.92,chair
004655.jpg,43.264,70.1028571428572,61.44,86.1228571428572,chair
004655.jpg,36.608,64.5085714285714,42.752,71.3742857142857,chair
004655.jpg,43.52,67.56,50.944,76.2057142857143,chair
004655.jpg,84.48,62.9828571428571,94.208,73.9171428571429,chair
004655.jpg,51.2,88.6657142857143,103.168,107.482857142857,diningtable
004655.jpg,24.832,70.6114285714286,49.152,87.14,diningtable
002305.jpg,12.032,21.632,114.432,108.416,chair
002305.jpg,93.696,16.256,128,93.056,pottedplant
008355.jpg,44.544,37.5873015873016,128,100.571428571429,cat
006148.jpg,41.6,59.136,69.248,105.728,cow
006148.jpg,39.552,31.232,89.984,115.712,person
005406.jpg,44.032,53.6621621621622,60.16,69.2327327327327,aeroplane
000786.jpg,21.504,45.6044776119403,74.752,94.8283582089552,cow
000786.jpg,16.64,58.0373134328358,52.736,90.0074626865672,cow
000786.jpg,48.896,67.6791044776119,65.536,82.9029850746269,person
004876.jpg,6.656,55.616935483871,15.616,85.3387096774194,bird
004876.jpg,38.912,70.8588709677419,45.312,92.7056451612903,bird
004876.jpg,103.424,68.3185483870968,113.408,81.7822580645161,bird
004876.jpg,51.712,70.3508064516129,57.344,84.0685483870968,bird
004876.jpg,80.128,62.7298387096774,86.528,79.241935483871,bird
009773.jpg,48.128,34.176,73.728,78.72,person
009773.jpg,52.48,48.512,96,95.616,chair
009773.jpg,89.856,45.952,104.448,63.872,chair
009773.jpg,115.968,49.536,128,66.432,chair
002328.jpg,27.392,31.616,89.856,96.64,tvmonitor
000764.jpg,20.224,42.2409638554217,93.696,90.566265060241,horse
000554.jpg,30.208,35.712,66.56,93.824,person
000554.jpg,0.512,64.384,128,112,sofa
000554.jpg,70.4,33.152,94.208,41.856,car
000554.jpg,80.896,35.712,111.616,45.952,car
000554.jpg,68.096,40.32,101.632,52.352,car
000554.jpg,23.296,34.688,45.824,44.416,car
000554.jpg,88.064,45.952,110.848,58.24,car
006176.jpg,1.024,3.01143451143451,71.936,124.988565488566,person
006176.jpg,51.968,3.52286902286902,127.232,124.988565488566,person
005181.jpg,36.864,73.088,49.664,95.616,boat
005181.jpg,44.032,83.584,58.112,90.496,boat
005181.jpg,50.688,72.576,62.72,95.872,boat
005181.jpg,62.464,71.808,74.24,96.128,boat
005181.jpg,108.032,89.472,122.88,97.152,boat
005181.jpg,91.392,90.496,107.008,97.152,boat
005181.jpg,84.736,68.736,96.512,96.896,boat
005181.jpg,75.776,74.88,85.76,96.64,boat
006135.jpg,56.576,58.1807228915663,68.096,68.3012048192771,train
003667.jpg,11.0714285714286,11.52,114.129464285714,113.92,aeroplane
009064.jpg,7.68,34.176,115.2,103.808,car
009064.jpg,116.224,43.392,128,68.48,car
009064.jpg,0.256,26.496,39.68,67.712,car
009064.jpg,44.544,31.872,56.832,43.648,person
009064.jpg,58.368,33.408,68.608,44.16,person
009064.jpg,7.168,25.216,26.88,62.848,person
009064.jpg,89.088,31.104,108.032,58.24,person
009064.jpg,108.8,37.248,115.712,58.24,person
009064.jpg,114.688,38.272,120.832,60.032,person
006722.jpg,41.216,45.44,101.12,112,horse
006722.jpg,94.208,57.984,128,99.456,horse
006722.jpg,33.024,57.984,47.616,99.712,horse
006722.jpg,60.928,23.168,85.504,84.096,person
006722.jpg,104.96,38.016,120.832,81.024,person
006722.jpg,27.648,42.88,48.64,81.28,person
001214.jpg,11.008,63.872,36.096,106.624,chair
001214.jpg,0.256,74.112,11.776,112,chair
001214.jpg,51.968,52.864,62.464,67.968,tvmonitor
001214.jpg,31.232,54.4,52.48,69.504,tvmonitor
001214.jpg,61.44,58.24,128,112,sofa
004660.jpg,0.256,49.024,10.24,57.728,car
004660.jpg,112.64,38.016,117.248,47.488,person
004660.jpg,55.296,38.784,88.832,58.752,person
004660.jpg,0.768,38.784,127.744,106.368,car
004189.jpg,43.776,36.0495495495496,88.064,92.9714714714715,dog
007857.jpg,33.024,44.0027100271003,58.368,64.1273712737127,aeroplane
008076.jpg,78.08,82.048,128,111.488,diningtable
008076.jpg,67.072,81.536,96.256,112,chair
008076.jpg,105.984,100.224,128,111.744,chair
008076.jpg,40.192,63.104,49.664,79.488,chair
008076.jpg,57.344,57.728,74.752,74.88,tvmonitor
008076.jpg,50.688,63.104,88.064,79.488,sofa
008638.jpg,12.032,33.496996996997,59.648,96.2897897897898,train
008638.jpg,60.16,34.2627627627628,123.648,92.9714714714715,train
008638.jpg,3.328,75.6141141141141,12.544,99.6081081081081,person
003988.jpg,0.285714285714286,79.4285714285714,33.4285714285714,112,chair
003988.jpg,122.571428571429,77.7142857142857,128,100.857142857143,chair
003988.jpg,80.2857142857143,58.5714285714286,90.5714285714286,76.2857142857143,chair
003210.jpg,29.6880341880342,19.4666666666667,87.7136752136752,121.6,horse
003210.jpg,43.2008547008547,13.6,76.5854700854701,70.9333333333333,person
009029.jpg,34.0075075075075,11.776,92.9714714714715,37.632,car
003126.jpg,33.792,55.936,71.68,79.488,bird
009519.jpg,18.048,32.512,68.48,107.264,pottedplant
009519.jpg,81.536,0.256,112,48.384,pottedplant
009519.jpg,43.392,0.256,82.304,20.736,pottedplant
009519.jpg,62.08,36.352,74.88,75.776,pottedplant
002749.jpg,36.608,63.36,100.096,112,cow
002749.jpg,44.8,22.4,128,97.664,cow
003889.jpg,92,41.811320754717,113.866666666667,99.9245283018868,horse
003889.jpg,41.8666666666667,42.8679245283019,75.2,99.6603773584906,horse
003889.jpg,13.8666666666667,49.7358490566038,36.8,100.452830188679,horse
003889.jpg,89.8666666666667,30.4528301886792,117.066666666667,72.9811320754717,person
003889.jpg,32.5333333333333,31.2452830188679,63.7333333333333,71.6603773584906,person
003889.jpg,0.266666666666667,37.3207547169811,27.2,103.358490566038,person
003889.jpg,13.6,34.6792452830189,32.8,73.7735849056604,person
003889.jpg,114.933333333333,53.4339622641509,125.866666666667,65.8490566037736,chair
005879.jpg,17.28,8.448,95.36,126.464,cat
002992.jpg,29.1576576576577,51.712,102.160660660661,108.288,bicycle
002992.jpg,38.8573573573574,23.552,92.2057057057057,92.16,person
005259.jpg,4.864,39.1126126126126,110.848,98.5870870870871,car
004296.jpg,24.704,60.16,98.432,128,diningtable
004296.jpg,45.184,16.64,96.64,60.416,diningtable
004296.jpg,57.216,0.512,95.36,23.808,diningtable
004296.jpg,74.368,6.656,78.976,14.592,bottle
004296.jpg,64.128,26.368,72.32,43.776,bottle
004296.jpg,36.992,0.512,57.728,25.088,person
004296.jpg,27.52,9.728,53.888,38.656,person
004296.jpg,28.544,22.016,54.144,56.32,person
004296.jpg,16.256,46.08,52.864,98.304,person
004296.jpg,16.768,98.304,33.408,127.232,person
004296.jpg,81.28,0.768,106.368,31.744,person
004296.jpg,96.896,6.144,112,66.56,person
004296.jpg,96.64,31.488,112,96,person
001352.jpg,50.176,61.9710144927536,55.552,68.5652173913043,person
001352.jpg,40.704,57.9130434782609,46.848,69.8333333333333,person
001352.jpg,3.328,67.0434782608696,7.68,73.3840579710145,person
001352.jpg,0.768,69.8333333333333,6.656,77.1884057971015,person
001352.jpg,0.512,71.3550724637681,6.656,80.4855072463768,person
001352.jpg,0.256,78.2028985507246,7.424,89.3623188405797,person
001352.jpg,9.216,68.3115942028986,13.056,77.1884057971015,person
001352.jpg,11.264,69.3260869565218,18.176,83.2753623188406,person
001352.jpg,16.64,70.8478260869565,27.392,83.7826086956522,person
001352.jpg,25.856,81.2463768115942,33.792,93.1666666666667,chair
001352.jpg,35.072,89.6159420289855,43.776,99,chair
001352.jpg,11.52,81.7536231884058,23.296,98.7463768115942,chair
001352.jpg,34.56,68.0579710144928,43.008,87.8405797101449,person
001352.jpg,52.224,75.6666666666667,59.392,98.7463768115942,person
001352.jpg,59.648,73.6376811594203,71.936,98.7463768115942,person
001352.jpg,54.016,66.2826086956522,60.928,83.2753623188406,person
001352.jpg,63.488,64.2536231884058,67.584,78.4565217391304,person
001352.jpg,69.12,65.0144927536232,72.448,79.4710144927536,person
001352.jpg,72.704,63.7463768115942,77.568,79.2173913043478,person
001352.jpg,71.424,66.2826086956522,77.312,80.7391304347826,person
001352.jpg,78.08,66.2826086956522,83.712,79.4710144927536,person
001352.jpg,84.48,63.7463768115942,88.064,78.963768115942,person
001352.jpg,87.296,66.2826086956522,91.648,79.7246376811594,person
001352.jpg,89.6,68.8188405797102,94.72,91.3913043478261,person
001352.jpg,99.584,67.2971014492754,106.24,86.0652173913043,person
001352.jpg,96.512,64.7608695652174,99.84,81.5,person
001352.jpg,106.24,69.0724637681159,110.592,94.9420289855073,person
001352.jpg,107.776,64.7608695652174,112.128,75.4130434782609,person
001352.jpg,113.664,64.2536231884058,118.016,71.1014492753623,person
001352.jpg,120.832,68.5652173913043,126.976,75.9202898550725,person
001352.jpg,12.544,63.2391304347826,61.952,81.7536231884058,car
001352.jpg,114.176,70.3405797101449,119.04,75.1594202898551,person
001352.jpg,123.392,75.9202898550725,128,98.7463768115942,person
001352.jpg,109.824,76.4275362318841,124.416,98.7463768115942,person
001352.jpg,84.992,90.8840579710145,96.512,99,person
002307.jpg,49.408,51.8753753753754,124.416,87.6111111111111,car
002307.jpg,89.856,57.7462462462462,101.632,66.1696696696697,person
005081.jpg,58.112,63.1156583629893,112.64,95.7099644128114,horse
005081.jpg,43.776,57.5569395017794,49.92,66.4003558718861,dog
005081.jpg,29.184,44.923487544484,53.76,84.5925266903915,person
005081.jpg,112.64,36.0800711743772,120.064,54.7775800711744,person
005081.jpg,105.984,35.8274021352313,110.08,53.008896797153,person
005081.jpg,102.656,38.1014234875445,106.24,46.4395017793594,person
005081.jpg,85.76,36.585409252669,91.904,54.7775800711744,person
005081.jpg,68.096,41.8914590747331,75.264,59.8309608540925,person
005081.jpg,66.304,37.3434163701068,71.424,57.8096085409253,person
005081.jpg,60.928,43.9128113879004,64.768,53.5142348754448,person
005081.jpg,53.248,43.9128113879004,59.136,58.567615658363,person
005081.jpg,44.544,44.4181494661922,50.944,57.5569395017794,person
001327.jpg,16.256,13.824,73.856,128,person
002500.jpg,32.128,0.256,103.04,120.576,boat
002500.jpg,16.256,64,34.176,105.984,boat
006230.jpg,0.256,24.448,124.672,107.136,dog
006682.jpg,78.592,34.944,127.744,111.488,person
006682.jpg,0.256,48.512,29.44,112,person
006682.jpg,29.696,28.8,80.384,110.976,person
008235.jpg,12.288,53.9174174174174,86.272,93.9924924924925,train
006150.jpg,100.864,46.405,125.952,102.25,person
006150.jpg,49.408,53.035,65.792,115,person
006150.jpg,5.12,51.25,35.584,109.645,person
006150.jpg,15.616,54.055,34.048,115,person
003138.jpg,52.48,35.456,113.92,112,person
003138.jpg,0.256,46.464,36.864,111.744,person
003138.jpg,99.072,47.232,116.224,72.32,person
008338.jpg,6.656,43.7797619047619,124.416,78.3333333333333,bus
005110.jpg,21.248,24.448,98.304,54.912,car
005110.jpg,103.68,40.576,118.016,52.352,car
005110.jpg,0.512,56.448,34.048,89.472,car
005110.jpg,32.256,61.056,48.384,75.392,car
005110.jpg,46.08,63.616,52.736,71.552,car
005110.jpg,58.368,60.8,72.704,76.928,car
001004.jpg,36.608,54.912,60.16,66.432,bird
008029.jpg,34.304,25.0735735735736,66.048,71.2747747747748,pottedplant
003735.jpg,41.0666666666667,26.8,67.7333333333333,69.4666666666667,person
003735.jpg,109.333333333333,41.7333333333333,126.133333333333,71.3333333333333,person
003735.jpg,20,38.8,108,106,horse
003735.jpg,101.866666666667,52.4,128,90,horse
002267.jpg,16.64,71.0195195195195,42.24,100.118618618619,sheep
002267.jpg,94.72,68.2117117117117,100.864,73.5720720720721,sheep
002267.jpg,89.088,68.466966966967,94.208,73.0615615615616,sheep
004867.jpg,0.768,39.3678678678679,128,99.3528528528529,train
002954.jpg,30.208,21.632,51.2,90.752,person
002954.jpg,89.856,58.496,118.016,112,person
007480.jpg,24.32,27.8131147540984,119.808,102.488524590164,bus
007480.jpg,20.992,48.7836065573771,35.584,93.7934426229508,person
004518.jpg,0.256,22.912,21.248,86.912,person
002737.jpg,32,44.589552238806,107.52,72.2462686567164,aeroplane
005398.jpg,17.408,45.952,63.232,88.704,motorbike
005398.jpg,27.648,41.6,47.616,80.768,person
005398.jpg,35.584,40.576,59.136,84.352,person
005732.jpg,90.1967545638945,59.392,116.01014198783,103.936,horse
005732.jpg,64.6389452332657,53.504,86.8742393509128,104.448,horse
005732.jpg,10.7119675456389,43.776,50.8377281947262,102.656,horse
005732.jpg,89.9411764705882,42.496,116.776876267748,98.56,person
005732.jpg,59.52738336714,40.192,90.7079107505071,95.744,person
005732.jpg,12.2454361054767,29.44,45.2150101419878,95.488,person
007045.jpg,61.3235294117647,40.704,102.872549019608,104.704,person
007045.jpg,41.6960784313726,63.744,88.0882352941176,94.464,cow
007045.jpg,19.0098039215686,54.528,42.4607843137255,78.08,cow
007045.jpg,33.5392156862745,22.272,38.8921568627451,25.344,cow
007045.jpg,87.3235294117647,24.064,92.1666666666667,27.648,cow
004246.jpg,25.088,53.888,61.952,112,person
004246.jpg,8.704,17.024,109.568,92.544,boat
003654.jpg,16.256,41.472,22.656,59.392,person
003654.jpg,22.144,38.912,36.48,58.88,person
003654.jpg,36.992,39.936,43.136,48.128,person
003654.jpg,72.32,29.952,87.68,72.96,person
003654.jpg,100.224,29.184,112,70.4,person
003654.jpg,40.576,12.032,97.408,128,person
003654.jpg,19.072,47.36,68.224,128,person
009193.jpg,2.048,72.576,126.464,112,sofa
009193.jpg,6.144,58.752,61.952,104.064,person
009193.jpg,20.992,79.488,69.632,111.744,person
009193.jpg,76.288,29.056,128,107.648,person
002257.jpg,56.832,72.32,76.544,104.832,bicycle
000047.jpg,3.84,21.7552552552553,117.504,101.13963963964,car
000047.jpg,112.384,64.8933933933934,124.672,80.2087087087087,chair
001304.jpg,58.0015015015015,47.104,66.1696696696697,67.584,person
001304.jpg,57.7462462462462,57.6,65.9144144144144,73.728,bicycle
002745.jpg,70.528,15.104,95.872,113.152,bottle
002745.jpg,65.92,69.888,109.952,98.048,pottedplant
002745.jpg,93.568,29.44,112,58.368,pottedplant
003567.jpg,29.184,33.9274924471299,38.144,64.6344410876133,person
003567.jpg,47.104,34.1812688821752,88.064,92.0422960725076,person
003567.jpg,45.568,49.6616314199396,86.528,96.1027190332326,motorbike
003567.jpg,15.616,41.7945619335347,20.992,55.4984894259819,person
003567.jpg,8.448,42.5558912386707,14.848,56.0060422960725,person
003567.jpg,15.872,47.1238670694864,21.76,56.2598187311178,motorbike
003567.jpg,9.728,47.3776435045317,15.36,57.0211480362538,motorbike
003567.jpg,0.256,48.1389728096677,8.96,57.7824773413897,motorbike
001980.jpg,55.808,29.312,128,112,person
001980.jpg,41.984,20.608,128,112,person
001980.jpg,32.768,28.032,128,81.024,car
001980.jpg,4.352,62.336,34.56,84.352,car
004789.jpg,51.456,51.6024096385542,80.896,81.2048192771085,horse
004789.jpg,57.6,45.5301204819277,72.192,72.3493975903615,person
004323.jpg,70.8313253012048,44.288,102.963855421687,79.872,horse
004323.jpg,30.3493975903614,43.776,62.9879518072289,128,horse
004323.jpg,88.0361445783133,29.696,102.963855421687,61.952,person
004323.jpg,35.9156626506024,26.88,66.2771084337349,83.712,person
000971.jpg,29.696,52.608,76.032,81.28,bus
000971.jpg,82.944,63.36,88.064,77.696,person
000971.jpg,88.064,64.64,94.976,79.744,person
000971.jpg,93.184,64.128,98.56,78.976,person
000971.jpg,100.352,65.408,104.96,74.88,person
000971.jpg,113.92,63.36,119.808,69.248,person
000971.jpg,99.072,55.936,128,112,person
000971.jpg,18.432,65.664,22.784,77.44,person
000971.jpg,0.256,67.712,8.704,99.712,person
000971.jpg,9.472,70.016,15.616,80.256,person
000971.jpg,4.864,66.176,11.008,85.632,person
000483.jpg,45.490861618799,25.0666666666667,88.6344647519582,116.533333333333,horse
000483.jpg,57.4751958224543,11.7333333333333,80.911227154047,77.0666666666667,person
002760.jpg,65.536,28.6471471471471,128,92.2057057057057,cat
002760.jpg,0.256,23.2867867867868,69.888,96.5450450450451,cat
007451.jpg,27.648,33.152,58.88,70.528,pottedplant
007451.jpg,33.536,84.864,50.944,102.528,pottedplant
007451.jpg,104.448,85.632,128,112,pottedplant
007451.jpg,62.464,17.024,82.688,51.328,pottedplant
004231.jpg,8.192,47.728813559322,67.84,66.2881355932204,car
004231.jpg,104.448,40.3559322033898,126.208,57.3898305084746,tvmonitor
004231.jpg,99.584,63.2372881355932,112.384,80.7796610169492,tvmonitor
004231.jpg,120.832,64.5084745762712,128,80.271186440678,tvmonitor
004231.jpg,85.76,59.9322033898305,128,102.898305084746,person
005478.jpg,16.7659574468085,42.752,112,127.744,sofa
005478.jpg,16.2553191489362,40.96,41.0212765957447,105.216,person
005478.jpg,16.2553191489362,42.496,74.468085106383,127.744,person
005478.jpg,46.6382978723404,96.768,111.744680851064,128,person
002641.jpg,0.768,37.76,51.456,112,person
002641.jpg,46.336,43.648,87.296,112,person
002641.jpg,70.4,53.888,128,112,person
002641.jpg,67.584,89.472,78.848,112,bottle
003911.jpg,54.016,28.8037542662116,88.32,50.8174061433447,tvmonitor
003911.jpg,0.256,45.1860068259386,128,84.0938566552901,sofa
000750.jpg,21.632,0.512,112,128,person
005719.jpg,45.568,58.496,128,112,diningtable
005719.jpg,0.256,31.104,20.224,99.456,person
005719.jpg,11.52,28.288,26.112,67.968,person
005719.jpg,41.984,29.056,61.184,55.936,person
005719.jpg,62.464,24.448,82.688,66.176,person
005719.jpg,84.224,44.16,95.488,69.504,person
005719.jpg,85.248,46.464,119.04,79.232,person
005719.jpg,24.576,47.744,71.68,111.488,person
002209.jpg,18.432,18.432,128,128,sheep
000363.jpg,15.104,25.3288288288288,56.32,82.506006006006,bird
000363.jpg,41.216,52.6411411411411,128,106.5,bird
009472.jpg,40.96,41.4099099099099,126.976,77.6561561561562,aeroplane
009016.jpg,63.104,0.768,101.504,115.712,bottle
000993.jpg,54.784,36.0141987829615,93.696,71.7951318458418,train
000993.jpg,101.376,23.2352941176471,119.296,47.7707910750507,train
006229.jpg,19.456,45.952,40.192,94.336,person
006229.jpg,78.336,45.44,95.744,79.488,person
006229.jpg,88.832,45.44,97.792,70.272,person
006229.jpg,95.488,35.2,118.272,112,person
006229.jpg,43.008,49.536,90.88,112,person
001309.jpg,44.5632183908046,59.392,83.948275862069,128,bicycle
001309.jpg,43.0287356321839,6.656,84.2040229885057,124.416,person
004108.jpg,1.28,53.9174174174174,126.208,104.968468468468,car
003957.jpg,3.84,40.4698795180723,105.728,86.0120481927711,train
006622.jpg,61.952,53.1204819277108,116.736,81.710843373494,sofa
006622.jpg,59.136,68.3012048192771,128,106,sofa
006622.jpg,6.656,40.4698795180723,28.416,60.2048192771084,tvmonitor
007040.jpg,56.32,53.4541176470588,85.504,86.7435294117647,person
007040.jpg,39.936,18.1317647058824,113.664,48.88,car
008498.jpg,12.032,41.377094972067,124.928,103.653631284916,boat
001143.jpg,19.584,10.24,111.488,121.6,cow
009334.jpg,23.808,45.44,111.36,89.984,bicycle
005340.jpg,59.6425531914894,28.8979591836735,98.0425531914894,88.7619047619048,boat
004648.jpg,21.504,63.104,24.32,71.808,person
004648.jpg,18.432,63.872,21.248,71.552,person
004648.jpg,112.64,64.64,118.016,72.32,person
004648.jpg,119.808,64.128,124.416,72.064,person
004648.jpg,37.376,58.496,108.8,71.296,bus
006215.jpg,50.304,16.384,91.008,108.032,boat
006215.jpg,60.544,90.88,64.128,98.048,boat
006215.jpg,29.312,97.024,40.576,103.168,boat
003146.jpg,11.008,55.168,54.784,97.664,pottedplant
008272.jpg,77.312,17.024,128,112,person
008272.jpg,0.256,16.768,66.816,112,person
008272.jpg,51.968,77.184,93.696,102.272,dog
008272.jpg,49.408,38.784,60.16,60.288,chair
007383.jpg,82.944,68.992,98.56,76.928,car
007383.jpg,103.168,68.992,121.088,77.696,car
007383.jpg,119.296,66.432,128,76.928,car
006220.jpg,72.448,42.624,80.64,56.192,chair
006220.jpg,81.152,43.904,91.392,61.312,chair
006220.jpg,90.368,45.696,104.448,67.456,chair
006220.jpg,107.264,49.536,126.72,76.672,chair
006220.jpg,91.392,72.064,128,112,chair
006220.jpg,15.872,51.328,33.792,98.944,chair
006220.jpg,41.472,40.064,55.808,53.376,chair
006220.jpg,31.744,48.512,128,112,diningtable
005701.jpg,88.96,74.752,112,97.28,sofa
005701.jpg,85.888,70.144,97.152,79.872,chair
005701.jpg,57.216,69.12,72.064,88.064,chair
005701.jpg,38.016,70.912,53.376,90.88,chair
005701.jpg,46.976,68.352,55.168,72.704,chair
005701.jpg,25.728,69.376,39.296,86.016,chair
005701.jpg,17.024,70.912,43.904,103.936,chair
007123.jpg,22.016,52.2014925373134,71.936,91.7835820895522,train
006285.jpg,65.536,41.7349397590361,87.808,81.9638554216867,person
006285.jpg,35.584,44.0120481927711,58.88,82.4698795180723,person
006285.jpg,61.952,51.6024096385542,90.112,99.9277108433735,horse
006285.jpg,36.608,54.6385542168675,60.928,99.421686746988,horse
000162.jpg,78.336,74.112,97.28,92.544,tvmonitor
000162.jpg,50.176,52.608,79.104,110.464,person
005290.jpg,58.112,52.3858858858859,73.472,67.7012012012012,aeroplane
007208.jpg,24.832,47.2035928143713,80.896,106.5,person
007208.jpg,63.232,22.0089820359281,128,106.5,person
007208.jpg,0.256,21.7544910179641,47.36,36.5149700598802,car
000294.jpg,84.48,18.816,116.224,110.208,bird
000294.jpg,14.08,39.808,42.752,110.976,bird
002772.jpg,8.192,53.376,111.616,85.888,car
007162.jpg,2.048,27.776,128,89.984,sofa
005346.jpg,107.776,32.9454545454545,128,82.3272727272727,pottedplant
005346.jpg,24.32,41.6,100.864,106,person
005346.jpg,0.768,44.4,116.224,106,sofa
000305.jpg,25.5840840840841,59.392,97.0555555555556,128,bicycle
000305.jpg,36.0495495495496,20.224,103.947447447447,121.344,person
007421.jpg,54.144,54.784,71.552,80.64,bird
005841.jpg,31.3837209302326,56.064,79.7325581395349,118.016,cow
002135.jpg,16.256,33.792,23.68,43.776,car
002135.jpg,22.656,33.536,33.664,40.96,car
002135.jpg,30.848,32,44.16,40.192,car
002135.jpg,82.048,30.208,88.96,35.84,car
002135.jpg,71.808,32.256,83.84,40.96,car
002135.jpg,84.096,32.768,108.928,51.968,car
002135.jpg,100.992,35.584,112,61.696,car
004587.jpg,74.8483483483483,76.288,103.692192192192,91.136,dog
009254.jpg,0.256,41.6651651651652,88.064,87.6111111111111,train
009254.jpg,97.792,75.6141141141141,108.288,83.527027027027,car
009254.jpg,84.736,75.6141141141141,102.656,83.527027027027,car
009254.jpg,118.784,76.1246246246246,128,82.506006006006,car
005600.jpg,33.792,62.3507462686567,94.208,78.589552238806,aeroplane
005600.jpg,65.28,56.0074626865672,81.664,63.365671641791,aeroplane
005600.jpg,25.6,70.9776119402985,29.184,78.8432835820896,person
005600.jpg,22.528,70.9776119402985,26.112,78.3358208955224,person
000682.jpg,70.4,55.424,118.016,86.4,bird
003753.jpg,76.288,16.768,128,61.056,chair
003753.jpg,11.52,30.08,128,98.176,dog
004390.jpg,2.56,44.2177177177177,126.208,80.2087087087087,aeroplane
001759.jpg,0.512,55.168,50.432,112,dog
001759.jpg,40.96,45.184,93.696,112,person
001759.jpg,76.288,16.512,128,112,person
001759.jpg,0.256,16.768,76.8,62.336,person
006348.jpg,3.072,35.2,20.48,68.48,tvmonitor
006348.jpg,55.296,43.392,128,111.744,chair
007619.jpg,62.72,86.8453453453454,87.552,106.5,chair
007619.jpg,64.512,77.4009009009009,78.08,83.7822822822823,chair
007619.jpg,34.56,78.6771771771772,50.176,87.6111111111111,chair
007619.jpg,98.304,58.0015015015015,112.64,95.7792792792793,person
007619.jpg,48.896,73.0615615615616,64.256,83.527027027027,pottedplant
006958.jpg,51.1096096096096,57.856,74.0825825825826,68.096,dog
006958.jpg,27.8813813813814,0.512,106.5,128,person
006958.jpg,21.7552552552553,20.992,50.8543543543544,113.92,diningtable
002600.jpg,21.76,30.592,92.672,103.552,train
000516.jpg,54.528,39.296,128,78.72,cat
000516.jpg,0.256,18.304,128,112,person
000516.jpg,0.512,16.512,128,112,sofa
007457.jpg,35.584,22.2657657657658,128,105.98948948949,person
007457.jpg,22.784,55.7042042042042,34.304,102.160660660661,bottle
000276.jpg,49.024,41.728,74.88,81.664,person
000276.jpg,57.472,95.488,82.56,128,person
000276.jpg,24.192,95.488,51.84,128,person
003013.jpg,21.76,45.952,110.592,90.496,car
004196.jpg,37.888,39.1726190476191,89.856,79.6130952380952,aeroplane
003390.jpg,37.632,45.696,103.168,103.04,car
003390.jpg,15.872,41.344,28.672,67.968,car
003390.jpg,26.624,34.688,36.608,80,person
003390.jpg,0.256,34.176,15.616,112,person
003390.jpg,11.52,38.784,20.48,59.008,person
008709.jpg,9.216,57.984,36.352,79.744,tvmonitor
007847.jpg,43.52,49.5780780780781,119.04,96.5450450450451,bird
003674.jpg,20.224,16.256,121.856,112,cat
001010.jpg,40.192,17.536,78.848,53.376,tvmonitor
007740.jpg,50.432,50.816,68.096,108.928,bottle
007740.jpg,71.424,35.2,86.272,99.456,bottle
007740.jpg,91.136,66.176,98.048,90.24,bottle
007740.jpg,61.184,52.864,81.408,106.368,bottle
003871.jpg,51.8753753753754,20.992,101.394894894895,110.848,bird
008085.jpg,13.824,72.1702127659574,25.6,83.9148936170213,bird
008261.jpg,49.5783132530121,45.824,62.7349397590361,62.464,person
008261.jpg,36.1686746987952,0.768,82.2168674698795,67.84,boat
009721.jpg,39.296,44.544,87.168,108.544,chair
009721.jpg,22.4,38.4,78.72,121.344,person
009721.jpg,16.256,18.432,44.928,102.144,person
005611.jpg,24.8,29.0758807588076,91.4666666666667,99.7208672086721,horse
005611.jpg,43.4666666666667,20.8428184281843,70.9333333333333,67.8509485094851,person
005416.jpg,0.256,14.378132118451,120.064,120,dog
005445.jpg,24.192,59.648,106.368,127.232,cat
003176.jpg,51.584,40.96,89.472,79.616,car
002914.jpg,0.512,84.096,101.632,112,diningtable
002914.jpg,73.472,19.328,128,111.744,person
005515.jpg,16.256,45.312,100.992,128,pottedplant
005515.jpg,16.256,0.256,46.976,93.696,pottedplant
005515.jpg,27.52,0.256,110.976,68.864,pottedplant
005515.jpg,104.32,36.352,112,119.808,pottedplant
009502.jpg,51.2,22.784,84.736,58.112,dog
009869.jpg,0.768,17.536,90.368,112,person
001842.jpg,25.088,49.5395778364116,127.488,70.5263852242744,aeroplane
001842.jpg,0.256,55.9379947229551,41.984,71.0382585751979,aeroplane
001842.jpg,0.256,16.0118733509235,65.792,58.4973614775726,aeroplane
001842.jpg,67.328,57.9854881266491,128,70.2704485488127,aeroplane
000867.jpg,60.032,24.576,74.88,48.896,pottedplant
002798.jpg,0.256,16.256,26.624,45.44,pottedplant
002798.jpg,99.072,28.8,128,63.872,person
002798.jpg,66.304,60.544,128,112,person
002798.jpg,0.256,54.144,60.928,112,person
002798.jpg,0.256,42.368,9.728,59.52,person
002798.jpg,14.848,27.264,40.192,56.704,person
002798.jpg,43.264,29.824,64.768,50.56,person
002798.jpg,59.904,26.496,91.392,55.168,person
002798.jpg,90.112,42.368,93.952,52.352,chair
002798.jpg,43.776,43.648,46.336,50.56,chair
002798.jpg,9.472,44.672,17.152,58.752,chair
002798.jpg,126.976,50.816,128,61.312,chair
002798.jpg,2.048,50.56,128,112,diningtable
004656.jpg,53.376,72.704,75.904,98.048,horse
004656.jpg,61.312,61.44,69.248,84.48,person
008741.jpg,17.024,1.024,111.744,127.744,bicycle
003530.jpg,0.512,64.896,92.928,112,sofa
003530.jpg,1.536,45.952,96.256,112,person
009836.jpg,49.152,53.1516516516516,77.312,77.9114114114114,boat
000605.jpg,82.176,60.8,98.816,65.152,car
007506.jpg,0.768,20.096,128,107.392,tvmonitor
002564.jpg,19.968,34.518018018018,45.568,62.8513513513514,person
002564.jpg,57.6,71.7852852852853,73.984,82.7612612612613,person
002564.jpg,42.752,52.3858858858859,128,106.5,sofa
003487.jpg,68.352,77.696,97.28,112,person
003487.jpg,12.8,57.216,106.496,111.744,person
003487.jpg,0.512,52.864,17.92,112,person
003487.jpg,82.944,23.936,98.304,38.784,tvmonitor
001182.jpg,32,54.144,103.168,91.264,cow
001182.jpg,25.6,47.744,55.808,62.848,cow
005784.jpg,33.28,36.6447963800905,106.752,69.6244343891403,chair
005784.jpg,35.328,79.0837104072398,126.976,119.477375565611,chair
005784.jpg,1.536,13.1244343891403,104.96,78.5723981900452,person
005784.jpg,1.792,34.5995475113122,126.464,119.477375565611,person
009542.jpg,0.256,22.5060240963855,128,106,chair
009542.jpg,2.048,26.3012048192771,64.256,106,person
009542.jpg,35.072,51.3493975903615,124.416,105.746987951807,person
005483.jpg,17.92,43.9631578947368,106.951111111111,88.8684210526316,car
005483.jpg,0.284444444444444,66.1315789473684,25.3155555555556,96.5421052631579,car
005729.jpg,6.4,49.3253012048193,103.168,106,motorbike
005729.jpg,34.56,30.6024096385542,79.104,98.9156626506024,person
005840.jpg,1.25557809330629,34.816,31.158215010142,128,person
005840.jpg,20.6795131845842,40.96,63.6166328600406,128,person
005840.jpg,55.1825557809331,40.96,78.4401622718053,128,person
005840.jpg,84.3184584178499,46.08,127,128,person
005840.jpg,66.9391480730223,42.24,98.3752535496958,128,person
004903.jpg,9.472,53.97583081571,95.744,98.3867069486405,sofa
004903.jpg,85.76,35.9577039274924,120.832,62.3504531722054,car
004903.jpg,112.64,46.1087613293051,128,84.6827794561933,car
004903.jpg,112.896,35.4501510574018,128,42.5558912386707,car
000949.jpg,60.1617647058824,50.176,98.0323529411765,118.528,bicycle
000949.jpg,21.2676470588235,45.056,59.1382352941177,109.056,bicycle
000949.jpg,57.6029411764706,9.216,104.429411764706,105.472,person
000949.jpg,20.7558823529412,12.288,61.1852941176471,100.608,person
009516.jpg,20.352,15.872,112,128,cat
001793.jpg,31.872,33.28,86.4,88.832,person
001793.jpg,54.912,17.92,112,128,person
001793.jpg,16.256,88.064,84.096,128,diningtable
007048.jpg,58.112,35.9156626506024,128,103.975903614458,sheep
007048.jpg,20.992,36.1686746987952,62.72,87.0240963855422,sheep
007048.jpg,19.456,32.6265060240964,33.024,60.2048192771084,bottle
007048.jpg,110.336,22.2530120481928,123.904,37.6867469879518,person
007048.jpg,79.616,22.2530120481928,109.312,39.9638554216867,person
007048.jpg,29.184,22.2530120481928,61.44,36.9277108433735,person
007048.jpg,0.256,22.2530120481928,33.792,105.240963855422,person
005881.jpg,52.736,37.0161725067385,128,111,person
000648.jpg,100.864,72.2957957957958,103.424,78.4219219219219,person
000648.jpg,108.544,72.2957957957958,111.616,77.6561561561562,person
000648.jpg,111.104,71.53003003003,113.664,77.6561561561562,person
000648.jpg,113.408,71.2747747747748,115.712,77.6561561561562,person
000648.jpg,7.424,50.3438438438438,90.368,89.3978978978979,bus
000648.jpg,83.968,43.451951951952,121.344,70.509009009009,aeroplane
000648.jpg,0.512,75.8693693693694,7.168,81.484984984985,car
003083.jpg,104.064,116.48,112,122.88,car
003083.jpg,85.12,109.056,112,122.88,bus
004008.jpg,34.048,35.539039039039,73.728,100.629129129129,dog
004008.jpg,0.256,21.7552552552553,13.056,105.734234234234,person
009354.jpg,54.2313432835821,55.808,81.8880597014925,85.504,train
006553.jpg,58.155737704918,56.064,106.688524590164,124.416,chair
002291.jpg,32,34.4041570438799,108.032,94.6120092378753,car
000951.jpg,57.856,34.688,62.72,48.512,bottle
006738.jpg,53.248,50.56,70.144,88.448,person
006738.jpg,18.432,56.704,29.184,80,person
006738.jpg,54.272,66.944,70.912,96.384,bicycle
006738.jpg,20.224,66.176,30.208,82.816,bicycle
000032.jpg,26.624,48.2081850533808,96,74.7384341637011,aeroplane
000032.jpg,34.048,50.7348754448399,50.432,59.5782918149466,aeroplane
000032.jpg,49.92,73.9804270462633,54.528,86.3612099644128,person
000032.jpg,6.656,76.2544483985765,11.264,88.635231316726,person
000874.jpg,0.512,22.5060240963855,99.072,106,person
008773.jpg,29.184,49.024,127.744,94.336,bird
002281.jpg,0.256,41.563025210084,99.072,87.6974789915967,car
002281.jpg,48.384,47.6134453781513,54.784,58.2016806722689,person
006400.jpg,110.848,41.7985074626866,128,86.455223880597,train
006400.jpg,48.384,47.1268656716418,112.64,81.1268656716418,train
006400.jpg,10.24,53.2164179104478,50.944,73.0074626865672,train
003750.jpg,92.416,57.728,114.944,108.672,cow
003750.jpg,32,28.8,90.368,83.072,cow
003750.jpg,43.008,62.336,66.56,78.72,bird
006808.jpg,8.448,18.816,68.096,112,person
005434.jpg,50.5283018867925,39.2,98.0754716981132,122.8,cat
005434.jpg,22.3962264150943,0.8,73.1132075471698,128,chair
006325.jpg,70.656,76.2620087336245,92.928,95.6768558951965,car
003466.jpg,45.312,19.84,113.92,88.448,person
003466.jpg,0.768,71.296,128,112,diningtable
003466.jpg,0.256,41.6,11.008,60.544,pottedplant
001932.jpg,43.008,17.0093833780161,115.968,99.2747989276139,person
001932.jpg,0.512,47.0630026809651,23.552,110.990616621984,person
001932.jpg,18.944,17.0093833780161,55.552,53.4302949061662,chair
004872.jpg,64.512,49.536,74.496,83.328,horse
004872.jpg,60.672,40.064,79.616,70.272,person
008517.jpg,0.256,22.0105105105105,88.32,106.5,car
001426.jpg,22.521021021021,47.36,105.98948948949,127.488,motorbike
001426.jpg,22.2657657657658,0.768,78.1666666666667,127.488,person
001426.jpg,69.487987987988,0.768,82.7612612612613,22.528,person
001426.jpg,80.463963963964,0.256,87.1006006006006,17.92,person
001426.jpg,24.3078078078078,0.768,35.0285285285285,19.456,person
002465.jpg,11.776,19.584,128,98.432,boat
002465.jpg,114.688,84.864,122.624,89.728,boat
002465.jpg,87.04,70.016,92.672,74.624,boat
002465.jpg,93.696,73.856,101.888,79.232,boat
002465.jpg,106.496,74.112,111.104,77.696,boat
002465.jpg,111.616,74.112,115.456,76.928,boat
002465.jpg,117.504,74.368,120.32,77.952,boat
000169.jpg,5.888,28.6471471471471,122.88,93.9924924924925,car
000169.jpg,26.112,22.2657657657658,41.216,34.2627627627628,person
000169.jpg,112.384,27.3708708708709,128,66.9354354354354,car
000169.jpg,107.264,31.454954954955,113.664,42.1756756756757,person
000169.jpg,116.224,30.6891891891892,124.672,39.6231231231231,person
000169.jpg,3.072,33.2417417417417,26.624,55.1936936936937,car
003971.jpg,6.656,48,122.624,85.888,car
006933.jpg,42.24,26.8072289156626,128,101.698795180723,horse
006933.jpg,1.024,31.1084337349398,40.96,106,horse
004995.jpg,86.5180722891566,25.6,102.457831325301,44.288,horse
004995.jpg,72.6024096385542,42.496,100.180722891566,77.312,horse
004995.jpg,78.9277108433735,35.84,89.0481927710843,64,person
004995.jpg,48.8192771084337,54.784,81.4578313253012,99.84,horse
004995.jpg,61.9759036144578,43.008,79.433734939759,84.48,person
006784.jpg,46.336,42.368,54.272,52.352,person
006784.jpg,55.552,38.528,61.696,47.744,person
006784.jpg,67.584,36.48,74.496,45.952,person
006784.jpg,74.496,33.664,84.224,58.752,person
006784.jpg,59.392,27.776,120.064,112,person
006784.jpg,98.816,24.448,114.688,50.304,person
006922.jpg,32.256,39.6231231231231,122.88,79.442942942943,aeroplane
008962.jpg,22.016,25.984,34.56,71.04,bottle
001878.jpg,0.512,16.256,128,104.576,sofa
006091.jpg,67.072,31.9341317365269,114.688,62.7275449101796,bird
006091.jpg,34.56,36.2604790419162,79.104,72.3982035928144,bird
006681.jpg,16.64,74.368,22.016,82.048,pottedplant
006681.jpg,62.464,72.832,67.072,80,pottedplant
006681.jpg,79.104,72.32,84.48,78.976,pottedplant
006681.jpg,89.856,70.784,95.232,78.72,pottedplant
004907.jpg,45.312,21.7552552552553,112.64,105.478978978979,cat
006179.jpg,14.848,25.3288288288288,77.312,77.9114114114114,tvmonitor
006179.jpg,52.736,49.3228228228228,62.208,61.3198198198198,person
006179.jpg,40.704,44.2177177177177,56.32,62.0855855855856,person
003628.jpg,11.776,63.3618618618619,17.408,85.5690690690691,person
003628.jpg,3.328,63.1066066066066,11.264,87.3558558558559,person
003628.jpg,13.056,21.7552552552553,114.688,104.202702702703,train
007416.jpg,57.088,45.256446991404,94.464,100.339541547278,cat
007416.jpg,0.256,20.0100286532951,117.504,108.5,chair
006690.jpg,51.968,53.1516516516516,75.52,96.5450450450451,person
006690.jpg,13.568,48.5570570570571,39.168,96.5450450450451,person
006690.jpg,32,34.2627627627628,58.112,80.463963963964,person
006690.jpg,77.056,67.1906906906907,97.792,104.713213213213,chair
008040.jpg,12.032,42.9097744360902,24.32,66.1729323308271,person
008040.jpg,33.024,40.0977443609023,47.616,73.0751879699248,person
008040.jpg,56.576,34.984962406015,71.168,71.5413533834586,person
008040.jpg,75.776,36.0075187969925,94.976,55.1804511278196,person
008040.jpg,7.68,57.4812030075188,22.784,75.8872180451128,person
008040.jpg,23.552,59.781954887218,34.304,72.5639097744361,person
008040.jpg,45.312,55.1804511278196,57.344,82.2781954887218,person
008040.jpg,79.872,51.6015037593985,95.744,72.3082706766917,person
008040.jpg,99.072,50.5789473684211,111.616,66.6842105263158,person
008040.jpg,0.512,69.7518796992481,11.776,111.165413533835,horse
008040.jpg,2.048,68.7293233082707,31.488,109.12030075188,horse
008040.jpg,24.32,72.5639097744361,40.96,108.353383458647,horse
008040.jpg,37.888,66.4285714285714,62.976,104.263157894737,horse
008040.jpg,62.976,60.0375939849624,102.4,101.706766917293,horse
008040.jpg,81.408,56.9699248120301,121.6,99.406015037594,horse
000257.jpg,20.992,16.256,46.848,30.592,tvmonitor
000257.jpg,5.12,52.352,56.832,112,person
000257.jpg,44.8,33.408,120.832,112,person
004066.jpg,34.048,37.76,115.2,83.84,sofa
009393.jpg,37.12,52.252688172043,82.176,103.838709677419,motorbike
009393.jpg,22.784,85.9623655913979,47.36,111.5,bicycle
009393.jpg,73.472,57.3602150537634,122.624,111.5,bicycle
009393.jpg,75.52,17.010752688172,116.992,111.5,person
009393.jpg,9.728,57.8709677419355,26.112,92.0913978494624,person
004052.jpg,12.032,50.923197492163,101.888,77.5846394984326,aeroplane
002042.jpg,20,64.5333333333333,69.3333333333333,112,horse
001170.jpg,26.112,45.184,87.296,112,person
001170.jpg,81.408,51.84,128,112,person
001170.jpg,0.256,62.336,62.72,112,sofa
001053.jpg,29.0928792569659,2.816,95.3529411764706,123.392,dog
006924.jpg,22.0089820359281,10.24,88.940119760479,124.928,person
008948.jpg,0.768,56.704,46.592,98.688,chair
008948.jpg,64.256,49.024,93.952,78.976,chair
008948.jpg,121.344,47.488,128,67.456,tvmonitor
007910.jpg,80.896,20.608,119.04,112,person
000099.jpg,1.024,35.712,81.92,80.512,cat
000656.jpg,58.88,37.0705705705706,114.432,65.9144144144144,dog
002069.jpg,33.792,61.824,58.112,103.296,bicycle
002069.jpg,1.28,55.936,29.952,83.84,bicycle
002069.jpg,5.888,62.336,23.552,99.968,bicycle
002069.jpg,96.256,67.712,123.392,111.232,bicycle
002069.jpg,69.12,60.544,82.688,95.616,bicycle
002069.jpg,74.496,66.432,98.048,102.272,bicycle
002069.jpg,33.792,27.264,62.72,102.272,person
002069.jpg,2.048,39.04,28.928,96.64,person
002069.jpg,17.664,34.688,26.624,70.528,person
002069.jpg,25.6,33.408,36.352,82.048,person
002069.jpg,68.096,35.968,88.064,94.08,person
002069.jpg,78.336,39.552,102.912,100.992,person
002069.jpg,97.536,37.504,124.416,108.416,person
009269.jpg,25.6,43.4233870967742,103.424,84.0685483870968,car
002459.jpg,30.976,75.2049689440994,49.152,83.3540372670807,person
008927.jpg,51.968,76.928,68.096,97.152,cow
005065.jpg,0.256,30.592,122.624,92.288,car
001725.jpg,84.352,9.984,112,57.344,tvmonitor
001725.jpg,96.64,55.552,112,105.216,tvmonitor
001725.jpg,81.28,102.656,112,128,tvmonitor
001725.jpg,16.256,28.928,88.96,99.84,person
001288.jpg,17.408,39.8333333333333,109.056,73.6666666666667,aeroplane
001288.jpg,91.392,89.6929824561404,127.232,101.140350877193,aeroplane
001288.jpg,50.176,89.6929824561404,80.896,100.377192982456,aeroplane
000849.jpg,37.435,19.4782608695652,84.355,114.086956521739,dog
000728.jpg,22.272,31.454954954955,128,105.98948948949,cow
000831.jpg,42.5597014925373,31.744,82.1417910447761,96.512,train
006814.jpg,0.256,70.784,120.576,112,tvmonitor
003932.jpg,68.992,88.32,79.232,126.208,bottle
003932.jpg,31.872,5.12,88.448,126.208,person
003932.jpg,78.208,69.888,111.232,105.472,pottedplant
003673.jpg,59.136,53.12,128,111.744,dog
003673.jpg,16.128,16.512,64.512,112,dog
003244.jpg,0.256,52.352,127.488,78.72,train
008138.jpg,12.032,32.7312312312312,99.84,83.7822822822823,bird
001418.jpg,18.5333333333333,9.06666666666667,101.733333333333,126.133333333333,dog
003651.jpg,21.3333333333333,17.6,128,112,train
003651.jpg,90.6666666666667,38.1333333333333,102.666666666667,63.7333333333333,person
002765.jpg,92.672,52.1084337349398,125.952,65.5180722891566,aeroplane
002765.jpg,51.968,51.3493975903615,92.16,65.5180722891566,aeroplane
002765.jpg,4.864,51.6024096385542,33.536,66.0240963855422,aeroplane
002765.jpg,30.208,53.6265060240964,54.528,65.5180722891566,aeroplane
004951.jpg,13.056,52.352,128,83.072,train
004951.jpg,4.352,57.472,20.992,80.768,train
007139.jpg,51.456,23.8524590163934,105.728,66.7950819672131,boat
007139.jpg,103.936,75.1803278688525,112.64,93.2213114754098,person
007329.jpg,5.888,17.792,128,109.952,cat
002569.jpg,24.3809523809524,5.888,105.650793650794,123.392,pottedplant
002569.jpg,16.2539682539683,18.432,29.2063492063492,106.752,pottedplant
001553.jpg,54.528,43.4069767441861,76.032,62.3372093023256,bicycle
001553.jpg,63.744,98.9186046511628,80.896,108.383720930233,bicycle
004517.jpg,11.0083135391924,25.088,100.725653206651,128,person
008302.jpg,56.832,72.32,128,111.488,tvmonitor
008302.jpg,0.256,16.256,63.488,112,person
000462.jpg,0.256,16.768,119.04,112,cow
006027.jpg,38.4,71.9302325581395,50.688,108,chair
002153.jpg,21.248,58.496,96,90.496,car
007731.jpg,22.656,48.384,103.04,121.344,car
008327.jpg,65.28,29.9234234234234,125.184,106.5,person
008327.jpg,0.256,38.0915915915916,72.96,106.5,person
004434.jpg,36.352,65.408,93.696,97.408,dog
001142.jpg,0.256,52.352,41.984,110.976,pottedplant
001142.jpg,22.784,39.04,45.312,77.952,pottedplant
001142.jpg,61.952,42.624,68.352,58.496,pottedplant
001142.jpg,54.528,43.392,62.72,56.704,pottedplant
001142.jpg,43.776,44.928,48.896,57.728,pottedplant
001142.jpg,48.896,45.952,52.736,57.728,pottedplant
001142.jpg,52.736,44.416,56.576,57.472,pottedplant
004591.jpg,35.584,61.8303303303303,67.584,72.2957957957958,train
004591.jpg,78.592,89.3978978978979,128,106.5,car
004591.jpg,83.456,84.5480480480481,128,99.8633633633634,car
007138.jpg,2.304,34.9577259475219,60.16,104.963556851312,person
007138.jpg,0.512,36.9868804664723,109.568,107.5,horse
003415.jpg,50.432,17.0080213903743,128,71.620320855615,cat
003415.jpg,32.768,55.3636363636364,85.504,111.245989304813,cat
000589.jpg,18.688,16.256,80.64,112,person
000589.jpg,13.824,48.512,24.832,84.608,person
000589.jpg,0.256,46.208,8.448,92.8,person
008519.jpg,32,26.496,122.624,88.192,bird
001201.jpg,49.92,65.6591591591592,79.104,96.2897897897898,motorbike
001201.jpg,59.904,35.0285285285285,80.64,76.8903903903904,person
003451.jpg,60.16,60.8093093093093,104.448,78.9324324324324,sofa
003451.jpg,54.272,64.1276276276276,66.56,84.2927927927928,chair
003451.jpg,99.84,73.0615615615616,119.296,92.2057057057057,tvmonitor
003451.jpg,1.792,76.8903903903904,6.4,87.8663663663664,bottle
006740.jpg,14.336,23.424,113.152,91.52,cat
007883.jpg,113.152,70.4701492537313,122.112,74.7835820895522,car
007883.jpg,109.824,70.2164179104478,113.664,74.2761194029851,car
007883.jpg,57.344,58.7985074626866,70.4,76.8134328358209,train
008748.jpg,50.1860465116279,83.712,72.1860465116279,115.968,person
008748.jpg,72.1860465116279,88.064,81.906976744186,116.224,person
008748.jpg,81.6511627906977,87.04,89.5813953488372,117.248,person
008748.jpg,89.0697674418605,88.064,95.2093023255814,116.992,person
008748.jpg,40.9767441860465,86.784,51.9767441860465,116.736,person
008748.jpg,31,85.248,40.7209302325581,119.808,person
008748.jpg,47.1162790697674,82.176,74.7441860465116,86.272,person
008748.jpg,97.2558139534884,70.144,106.46511627907,91.648,person
008748.jpg,21.7906976744186,74.24,27.4186046511628,90.88,person
005914.jpg,108.032,73.856,124.416,85.888,boat
005914.jpg,62.208,74.112,92.16,83.584,boat
005914.jpg,0.512,74.112,59.648,91.776,boat
007702.jpg,97.536,68.736,117.76,88.448,tvmonitor
002273.jpg,46.4,42.2075471698113,76,93.7169811320755,horse
002273.jpg,48.4,27.5471698113208,74.4,68.7547169811321,person
005128.jpg,31.232,51.328,102.656,68.736,boat
002710.jpg,32,37.987915407855,126.208,106,person
007723.jpg,14.08,39.808,110.08,89.472,aeroplane
007723.jpg,116.48,42.624,128,97.92,person
006972.jpg,0.512,52.3858858858859,128,106.5,diningtable
006972.jpg,8.448,40.8993993993994,31.488,56.46996996997,chair
006972.jpg,95.744,39.1126126126126,128,74.3378378378378,chair
006972.jpg,83.968,43.1966966966967,107.264,65.6591591591592,chair
007070.jpg,33.792,17.024,118.784,100.992,dog
008871.jpg,6.656,17.3398533007335,124.672,116,sheep
000336.jpg,1.024,10.7906976744186,120.832,117.976744186047,dog
007511.jpg,0.512,77.696,128,112,diningtable
007511.jpg,40.192,42.624,99.584,92.8,pottedplant
007511.jpg,89.088,16.256,112.64,85.632,person
007511.jpg,84.736,18.048,96.256,78.976,person
007511.jpg,60.416,26.24,80.384,47.744,person
007511.jpg,41.216,27.776,57.856,46.208,person
007511.jpg,1.28,16.256,30.72,87.68,person
007511.jpg,18.176,84.864,27.392,102.272,bottle
006417.jpg,19.968,43.904,102.656,83.072,car
006417.jpg,0.256,48.256,20.224,87.168,car
006417.jpg,2.048,45.696,26.88,64.64,car
006417.jpg,72.448,36.992,127.744,75.648,car
001561.jpg,52.48,40.832,90.88,112,person
001561.jpg,48.128,57.728,55.552,76.416,person
001561.jpg,29.952,57.216,40.96,62.336,car
001561.jpg,40.96,57.472,50.176,61.312,car
001561.jpg,12.032,56.704,25.856,65.152,car
008608.jpg,0.768,22.0105105105105,127.488,105.734234234234,diningtable
006299.jpg,82.176,16.256,91.392,38.784,bottle
006299.jpg,72.704,18.048,80.896,47.744,bottle
006299.jpg,15.36,16.256,41.472,48.512,pottedplant
006299.jpg,89.856,16.256,115.2,33.408,pottedplant
000403.jpg,40.192,39.04,124.416,111.232,cat
005582.jpg,18.944,18.048,97.792,112,person
005582.jpg,94.72,16.512,128,112,person
005582.jpg,0.256,16.512,27.392,112,person
005582.jpg,97.28,16.256,111.616,49.28,person
005582.jpg,76.032,22.4,86.784,43.648,person
008365.jpg,4.096,54.1325301204819,30.464,76.6506024096386,tvmonitor
008365.jpg,69.376,63.7469879518072,123.136,93.6024096385542,sofa
008365.jpg,43.776,63.4939759036145,80.128,80.1927710843374,sofa
003537.jpg,19.2,38.6975945017182,121.088,88.0309278350516,train
003537.jpg,0.512,66.1615120274914,18.944,85.9965635738832,train
008955.jpg,31.616,40.96,94.592,92.672,tvmonitor
007765.jpg,22.656,28.416,91.264,127.488,bird
007886.jpg,41.472,37.4420600858369,121.6,98.2188841201717,bird
009879.jpg,39.168,63.104,72.704,75.136,car
009879.jpg,118.272,58.24,128,78.464,car
009879.jpg,101.888,57.984,127.488,74.112,car
009879.jpg,90.88,57.472,103.168,86.4,person
001571.jpg,38.4,22.5075528700906,123.136,105.746223564955,person
001571.jpg,28.928,23.7764350453172,65.536,106,person
001571.jpg,26.368,22.2537764350453,64.768,83.4138972809668,person
001571.jpg,54.272,22.2537764350453,69.12,38.4954682779456,person
006556.jpg,0.512,22.0105105105105,128,106.5,dog
005899.jpg,32,32,97.024,66.56,dog
005899.jpg,0.256,0.256,36.352,38.144,car
007285.jpg,16.512,11.008,112,128,car
000872.jpg,0.512,19.84,100.608,89.472,aeroplane
000872.jpg,94.464,55.168,119.04,74.368,aeroplane
006264.jpg,49.408,26.1524064171123,86.784,104.895721925134,bird
006509.jpg,73.3168168168168,58.112,93.7372372372372,81.152,chair
006509.jpg,21.7552552552553,75.52,39.1126126126126,97.024,chair
006509.jpg,21.7552552552553,59.136,48.8123123123123,78.592,sofa
004707.jpg,76.416,90.624,100.48,119.808,pottedplant
004707.jpg,30.848,80.896,35.712,90.88,person
006284.jpg,43.264,33.2417417417417,128,106.244744744745,person
005783.jpg,17.92,65.6591591591592,51.712,87.8663663663664,motorbike
005783.jpg,61.184,62.8513513513514,106.496,90.6741741741742,motorbike
009584.jpg,45.568,17.024,67.328,42.624,cat
009584.jpg,82.688,60.544,124.672,107.648,cat
009584.jpg,65.536,73.6,104.704,112,cat
001901.jpg,65.152,66.816,79.232,99.84,chair
001901.jpg,90.752,65.28,95.872,106.24,chair
001901.jpg,75.648,66.048,94.848,102.4,chair
001901.jpg,76.928,68.096,95.872,105.728,diningtable
001901.jpg,17.024,72.704,60.288,127.232,sofa
005349.jpg,102.4,40.576,128,73.088,tvmonitor
005349.jpg,0.256,50.56,26.624,85.888,tvmonitor
005349.jpg,25.856,75.904,110.592,112,chair
000125.jpg,108.8,71.808,128,86.4,bicycle
000125.jpg,111.616,64.128,119.552,73.088,person
000125.jpg,97.792,69.504,106.24,85.632,person
000125.jpg,90.368,70.528,98.048,86.656,person
004310.jpg,23.552,49.5780780780781,74.496,79.6981981981982,cat
004310.jpg,0.256,21.7552552552553,110.848,105.223723723724,chair
007592.jpg,23.542042042042,30.976,103.947447447447,81.92,car
007592.jpg,68.2117117117117,56.576,96.8003003003003,118.528,person
007592.jpg,46.0045045045045,50.432,74.3378378378378,114.176,person
008506.jpg,2.56,59.5564263322884,23.808,87.487460815047,train
008506.jpg,22.784,35.9420062695925,116.992,97.3902821316614,train
007984.jpg,14.848,34.0267379679144,69.12,77.2085561497326,person
007984.jpg,99.584,55.8716577540107,105.472,70.3502673796791,person
007984.jpg,100.352,55.3636363636364,117.504,74.9224598930481,person
007984.jpg,103.424,63.7459893048128,119.04,89.1470588235294,motorbike
007984.jpg,7.424,56.1256684491979,53.76,111.5,person
007984.jpg,40.192,50.7914438502674,112.128,111.5,person
007984.jpg,74.752,55.3636363636364,111.872,107.94385026738,person
007984.jpg,64,82.0347593582888,124.416,111.5,motorbike
007984.jpg,0.512,66.0320855614973,15.872,81.2727272727273,motorbike
008332.jpg,0.512,30.336,91.904,112,person
008332.jpg,59.648,67.712,91.648,112,dog
007174.jpg,60.928,68.8353293413174,81.92,90.4670658682635,motorbike
007889.jpg,74.24,32.384,108.544,112,person
006306.jpg,0.256,39.6231231231231,89.088,75.8693693693694,aeroplane
001299.jpg,19.4090909090909,6.656,67.6841491841492,105.472,cow
001299.jpg,63.1107226107226,61.44,90.5512820512821,104.448,cow
001299.jpg,90.2972027972028,56.576,113.164335664336,111.36,cow
001669.jpg,21.376,19.2,109.184,86.272,cat
007517.jpg,29.6681681681682,14.08,103.181681681682,123.904,cat
005102.jpg,1.024,67.2,4.864,70.272,person
005102.jpg,0.256,58.752,12.8,72.064,car
005102.jpg,26.624,59.52,42.496,71.296,car
005102.jpg,51.2,60.288,81.664,72.832,car
005102.jpg,69.12,62.336,103.936,77.696,car
005102.jpg,77.568,63.36,128,86.144,car
004468.jpg,43.5172413793103,1.28,81.7011494252874,127.488,bottle
001154.jpg,0.256,75.648,44.544,112,sofa
001154.jpg,34.304,74.88,43.776,86.144,pottedplant
008044.jpg,93.44,65.2797619047619,126.72,73.9821428571429,bus
008044.jpg,115.2,68.6071428571429,128,81.6607142857143,car
008044.jpg,61.44,73.2142857142857,100.352,84.2202380952381,car
009571.jpg,22.528,83.527027027027,63.744,98.5870870870871,aeroplane
009421.jpg,34.56,34.176,59.904,90.496,person
009421.jpg,58.624,32.384,83.712,63.104,person
009421.jpg,29.952,51.584,64.768,107.904,person
009421.jpg,71.936,47.488,102.912,101.248,person
009421.jpg,51.2,49.792,75.52,95.36,person
009421.jpg,98.304,43.904,128,70.272,sofa
003199.jpg,31.744,31.1996996996997,96.256,105.223723723724,bird
004905.jpg,0.512,23.542042042042,50.432,92.9714714714715,aeroplane
001685.jpg,84.224,40.576,119.808,103.04,bird
001685.jpg,30.208,38.272,86.272,111.232,bird
008586.jpg,44.544,24.7137203166227,123.648,85.6266490765172,car
004878.jpg,9.216,49.024,110.592,112,cat
004878.jpg,3.84,16.512,128,112,sofa
004345.jpg,26.88,24.0240963855422,93.952,101.951807228916,cat
000537.jpg,28.416,16.06,101.376,115,dog
001734.jpg,25.6,37.504,112.896,96.128,sheep
009499.jpg,21.7610619469027,0.256,98.6283185840708,128,person
005436.jpg,89.344,47.744,119.296,62.592,motorbike
005436.jpg,9.472,52.096,44.032,69.76,motorbike
004836.jpg,0.256,44.5739910313901,121.344,121,motorbike
000236.jpg,22.528,58.5262467191601,70.4,95.4422572178478,bird
009491.jpg,25.856,51.328,89.088,87.424,sofa
009491.jpg,0.256,83.072,126.976,111.744,sofa
009491.jpg,44.288,16.256,68.096,52.352,pottedplant
009491.jpg,0.768,16.512,16.384,74.88,pottedplant
009491.jpg,92.416,61.312,128,89.216,sofa
000879.jpg,26.112,40.32,68.096,112,horse
000879.jpg,64.512,49.792,81.92,112,person
008335.jpg,22.784,30.4071856287425,76.288,99.6287425149701,train
008923.jpg,3.84,45.3612440191388,93.696,82.1315789473684,car
001693.jpg,0.512,45.2387387387387,117.248,101.13963963964,car
006309.jpg,13.312,33.6791044776119,128,103.962686567164,bird
004152.jpg,55.168,11.52,112,109.056,bottle
004152.jpg,45.952,84.224,90.496,128,bottle
004152.jpg,16.256,7.936,67.968,81.152,bottle
004274.jpg,69.632,17.28,128,92.288,tvmonitor
004274.jpg,0.256,16.256,69.12,92.288,pottedplant
002126.jpg,56.32,16.512,128,112,cow
002126.jpg,0.256,16.512,61.44,112,cow
002352.jpg,13.056,51.1212121212121,111.616,76.8787878787879,train
002352.jpg,0.256,53.6464646464647,12.544,75.3636363636364,train
008536.jpg,81.024,86.784,86.912,96.256,pottedplant
008536.jpg,66.432,89.856,72.32,96,pottedplant
008536.jpg,24.192,82.432,32.896,93.184,pottedplant
008536.jpg,55.68,78.336,65.92,96.768,pottedplant
008536.jpg,49.792,84.48,59.264,97.536,pottedplant
009308.jpg,0.256,22.2537764350453,128,94.5800604229607,cow
009308.jpg,5.888,22.2537764350453,79.872,97.6253776435045,person
004057.jpg,15.104,43.4468085106383,90.624,102.425531914894,bicycle
003086.jpg,82.176,56.192,103.168,107.648,person
005144.jpg,22.2530120481928,3.072,105.746987951807,128,person
002391.jpg,22.3544303797468,38.0444444444444,65.5949367088608,128,cat
008248.jpg,62.72,48.768,89.344,112,horse
008248.jpg,83.712,30.592,122.112,112,person
008248.jpg,74.752,27.264,88.576,51.328,person
001106.jpg,26.112,56.96,61.44,99.712,chair
001106.jpg,75.52,56.448,99.584,97.664,chair
001106.jpg,86.784,60.544,119.04,108.928,chair
001106.jpg,92.928,54.144,113.92,82.048,chair
001106.jpg,86.272,61.824,128,97.664,diningtable
000815.jpg,73.216,52.8235294117647,123.136,73.3983957219251,aeroplane
000815.jpg,2.56,42.9171122994652,82.432,76.4465240641711,aeroplane
000241.jpg,91.136,62.848,128,87.68,boat
000241.jpg,15.36,43.904,36.352,70.528,boat
000241.jpg,62.976,50.304,89.088,71.552,boat
007749.jpg,32.768,21.888,128,112,dog
003621.jpg,50.944,59.3075801749271,83.968,89.2376093294461,bicycle
003621.jpg,63.744,38.7623906705539,85.504,77.3163265306122,person
003621.jpg,112.896,36.2259475218659,125.952,50.9373177842566,bus
003621.jpg,75.52,36.2259475218659,97.792,48.1472303206997,bus
008564.jpg,59.0469107551487,49.92,109.085812356979,78.848,horse
008564.jpg,9.26201372997712,50.688,43.8066361556064,72.704,horse
002807.jpg,23.3630573248408,29.184,104.636942675159,114.944,motorbike
002807.jpg,36.1019108280255,8.448,100.305732484076,98.304,person
001816.jpg,0.256,25.216,94.464,80,cat
004364.jpg,27.904,63.4939759036145,56.576,89.5542168674699,sofa
004364.jpg,2.816,55.9036144578313,19.712,106,pottedplant
004364.jpg,63.744,63.7469879518072,72.192,76.6506024096386,chair
004364.jpg,53.504,58.6867469879518,61.44,66.2771084337349,pottedplant
007084.jpg,40.192,44.1871657754011,99.584,96.5133689839572,bird
009174.jpg,1.536,29.824,128,98.176,bus
009174.jpg,68.096,80.512,125.44,112,car
009174.jpg,10.24,80.512,52.736,99.968,car
009174.jpg,0.256,87.68,7.68,100.736,car
009174.jpg,0.256,98.176,117.504,112,car
009174.jpg,115.456,40.576,119.552,47.744,bottle
009174.jpg,74.24,41.6,77.824,48.512,bottle
009174.jpg,35.584,43.392,39.168,49.28,bottle
009174.jpg,90.112,40.32,95.232,45.952,person
005577.jpg,0.256,51.328,122.624,112,car
005752.jpg,0.768,16.512,127.744,111.488,sofa
005752.jpg,0.768,26.24,110.848,98.432,dog
003669.jpg,0.256,25.728,74.496,82.304,boat
003669.jpg,49.152,50.56,111.616,82.56,boat
003669.jpg,100.608,82.816,107.008,93.056,person
003669.jpg,97.28,82.048,100.864,89.728,person
003669.jpg,88.064,79.232,91.648,90.496,person
003669.jpg,121.856,82.048,128,95.104,person
005980.jpg,13.568,18.048,107.52,95.872,cat
004840.jpg,38.4,16.256,128,67.456,motorbike
004840.jpg,0.512,16.512,49.152,59.52,motorbike
004840.jpg,29.184,16.256,104.448,110.72,person
004840.jpg,35.84,37.76,86.528,112,person
004840.jpg,0.512,72.832,55.04,112,motorbike
005806.jpg,55.296,55.424,89.344,89.216,car
005806.jpg,32,35.2,48.384,55.424,car
007791.jpg,7.68,31.616,112.64,99.456,dog
007791.jpg,65.536,75.648,120.32,108.16,dog
007481.jpg,15.616,35.4096385542169,92.672,102.204819277108,bird
001643.jpg,0.256,21.7552552552553,124.416,104.713213213213,sofa
001643.jpg,0.256,32.2207207207207,120.832,103.947447447447,dog
007035.jpg,43.52,40.32,107.008,96.64,horse
007035.jpg,72.448,28.544,96,61.312,person
007035.jpg,0.256,16.256,38.4,98.688,person
000140.jpg,27.392,50.1371571072319,98.816,89.3092269326683,dog
000140.jpg,0.512,41.7431421446384,128,115,sofa
008883.jpg,39.68,72.32,81.408,88.96,bus
008883.jpg,85.248,73.6,104.448,88.704,bus
008883.jpg,117.248,72.064,128,88.704,bus
001754.jpg,72.32,77.824,86.912,124.416,bottle
001754.jpg,19.84,13.824,86.4,126.464,person
001754.jpg,87.936,37.376,111.744,100.864,person
001754.jpg,17.024,33.792,30.08,44.544,pottedplant
000102.jpg,106.496,60.8,128,96.384,sofa
000102.jpg,30.976,50.304,90.112,86.144,sofa
005090.jpg,7.168,49.4261363636364,119.296,86.7556818181818,bus
005090.jpg,118.016,60.9318181818182,127.488,84.4545454545455,person
005090.jpg,104.704,63.4886363636364,113.92,85.2215909090909,person
005090.jpg,42.752,59.1420454545455,53.504,93.9147727272727,person
005090.jpg,123.392,62.9772727272727,128,68.0909090909091,car
009087.jpg,4.096,60.032,23.808,73.856,pottedplant
009087.jpg,6.4,74.624,22.784,87.424,pottedplant
009087.jpg,1.28,86.144,27.136,111.744,pottedplant
009087.jpg,56.576,45.952,86.016,112,person
009087.jpg,56.32,47.488,68.864,66.944,person
009087.jpg,30.464,52.096,59.392,112,person
009087.jpg,65.536,66.944,88.064,105.856,cat
009087.jpg,109.568,93.056,128,112,chair
000331.jpg,59.776,59.904,111.488,123.392,chair
000331.jpg,31.616,56.832,51.328,109.056,chair
000331.jpg,16.256,93.696,28.8,128,chair
000331.jpg,54.144,65.024,107.648,119.552,person
002634.jpg,41.728,46.8761061946903,100.352,100.150442477876,cow
002634.jpg,30.976,56.7699115044248,60.16,93.8082595870207,cow
005429.jpg,52.736,56.9804804804805,73.472,76.6351351351351,bicycle
005429.jpg,57.856,46.2597597597598,68.864,71.2747747747748,person
005429.jpg,61.952,36.0495495495496,77.824,74.3378378378378,person
003116.jpg,25.6,30.085,124.672,115,bird
008202.jpg,48.896,44.416,117.248,111.232,cow
008202.jpg,112.128,39.04,128,65.92,cow
008202.jpg,99.584,43.392,116.224,52.096,cow
008202.jpg,74.496,43.392,99.84,53.12,cow
008202.jpg,96.256,34.688,107.776,39.552,cow
008202.jpg,98.304,38.784,113.152,44.416,cow
008202.jpg,111.872,35.712,120.832,39.552,cow
003008.jpg,54.016,53.9174174174174,67.328,58.7672672672673,boat
000520.jpg,40.3323353293413,20.224,106.5,115.456,person
002285.jpg,33.024,42.9414414414414,90.112,102.160660660661,person
002285.jpg,0.256,64.1276276276276,29.696,86.8453453453454,person
001963.jpg,40.192,37.248,86.272,95.36,person
001963.jpg,0.256,42.368,25.088,102.272,person
001963.jpg,62.976,76.928,70.656,104.064,bottle
001963.jpg,2.56,79.488,10.24,106.88,bottle
001963.jpg,62.208,49.024,69.632,76.416,bottle
001963.jpg,61.952,20.864,69.632,47.744,bottle
001963.jpg,1.28,88.448,127.744,112,diningtable
001963.jpg,20.992,75.904,51.968,99.2,diningtable
001963.jpg,23.552,66.176,43.776,97.664,chair
008191.jpg,52.224,58.752,71.68,74.112,horse
001203.jpg,11.3371428571429,22.675,119.588571428571,95.9,dog
003863.jpg,19.2,49.6641791044776,89.344,66.9179104477612,boat
003863.jpg,48.384,44.589552238806,82.944,106.5,person
008012.jpg,1.28,16.2900763358779,113.152,112.727735368957,pottedplant
006944.jpg,1.536,61.3198198198198,55.04,96.2897897897898,sheep
006944.jpg,55.808,52.3858858858859,89.088,95.7792792792793,sheep
006944.jpg,85.504,54.1726726726727,126.464,101.394894894895,sheep
006944.jpg,36.608,50.3438438438438,46.08,60.8093093093093,horse
006944.jpg,26.624,50.3438438438438,35.328,58.7672672672673,horse
006944.jpg,121.856,52.8963963963964,128,76.8903903903904,sheep
000934.jpg,0.256,30.6891891891892,128,95.7792792792793,aeroplane
006465.jpg,19.2,67.712,71.424,112,person
006465.jpg,0.256,59.008,13.824,112,person
006465.jpg,94.72,73.344,125.952,112,person
006465.jpg,76.288,73.6,96.256,112,person
006465.jpg,56.32,67.712,119.552,112,person
006465.jpg,35.84,55.168,46.592,69.76,person
006465.jpg,52.224,59.264,60.928,67.2,person
006465.jpg,65.792,59.008,76.8,68.992,person
003236.jpg,79.104,84.352,96.256,103.04,person
003236.jpg,0.512,53.12,12.544,65.152,person
003236.jpg,62.208,16.256,128,88.192,sofa
009923.jpg,28.672,59.2777777777778,64.512,106.5,cat
002049.jpg,52.48,25.5238095238095,121.088,65.3968253968254,pottedplant
002049.jpg,6.656,44.3174603174603,85.504,97.6507936507936,pottedplant
007566.jpg,0.512,28.6785714285714,126.976,106.488095238095,car
007566.jpg,23.04,21.2559523809524,48.384,38.9166666666667,car
007566.jpg,112.64,21.5119047619048,126.976,51.7142857142857,person
007566.jpg,89.088,30.4702380952381,93.696,34.5654761904762,person
007566.jpg,47.36,22.0238095238095,55.296,29.9583333333333,person
007566.jpg,16.64,49.4107142857143,41.216,80.3809523809524,person
009331.jpg,0.256,16.256,14.848,65.408,horse
009331.jpg,14.592,21.632,32,81.536,person
009331.jpg,25.6,59.008,55.552,91.008,dog
009331.jpg,66.56,65.92,92.16,84.096,dog
009331.jpg,84.736,66.176,105.472,87.936,dog
006103.jpg,0.512,94.848,17.152,110.976,car
006103.jpg,18.432,91.52,24.576,105.856,person
006103.jpg,51.968,90.496,57.088,103.296,person
006103.jpg,89.6,91.264,93.696,101.248,person
006103.jpg,99.84,91.008,103.936,99.456,person
006748.jpg,32.9585798816568,67.84,75.1952662721893,98.56,car
006748.jpg,66.2899408284024,46.08,106.745562130178,71.424,car
006748.jpg,79.0118343195266,46.848,84.3550295857988,51.712,person
001888.jpg,35.968,8.192,86.656,105.728,cat
002268.jpg,16.64,81.536,61.952,106.624,dog
002268.jpg,73.728,63.616,96.768,79.744,cat
002268.jpg,1.536,64.128,126.208,112,sofa
009058.jpg,0.256,16.256,123.904,89.472,car
000030.jpg,9.216,68.48,46.08,89.984,bicycle
000030.jpg,13.056,56.96,38.4,90.752,person
000030.jpg,75.52,51.328,115.2,90.24,person
002975.jpg,57.6,34.3157894736842,128,80.2947368421053,train
002975.jpg,59.136,59.5789473684211,65.024,76.5052631578948,person
001933.jpg,17.92,27.008,102.144,97.664,bird
009138.jpg,16.128,16.512,128,112,horse
006463.jpg,0.256,22.521021021021,60.416,106.5,person
006463.jpg,39.168,28.3918918918919,119.04,106.5,person
003837.jpg,16.512,77.056,60.032,114.176,chair
003837.jpg,22.912,100.352,111.744,128,chair
005344.jpg,45.1676646706587,61.44,81.814371257485,128,bicycle
005344.jpg,73.6706586826347,59.904,100.90119760479,128,bicycle
005344.jpg,31.4251497005988,10.24,93.7754491017964,115.712,person
005344.jpg,71.6347305389222,7.424,105.22754491018,104.448,person
000667.jpg,81.9032258064516,92.672,114.640552995392,119.296,horse
000667.jpg,77.8110599078341,92.672,113.361751152074,121.856,horse
000282.jpg,85.76,83.3048128342246,123.904,111.245989304813,chair
000282.jpg,83.712,42.9171122994652,121.856,92.7032085561497,person
000282.jpg,59.392,30.9786096256684,91.392,111.5,person
000282.jpg,0.768,24.6283422459893,50.944,111.5,person
000282.jpg,14.848,51.807486631016,75.776,111.5,person
000101.jpg,47.36,36.3048048048048,89.088,68.9774774774775,chair
000101.jpg,10.24,37.8363363363363,102.4,106.5,person
001522.jpg,79.104,27.776,96.512,77.696,bottle
001522.jpg,55.552,41.6,69.632,79.232,bottle
004584.jpg,1.536,38.784,127.488,99.712,sofa
004499.jpg,0.256,29.824,127.744,112,sofa
004499.jpg,19.968,39.296,125.44,112,person
004499.jpg,49.152,81.536,125.952,112,person
004499.jpg,57.088,22.144,128,101.248,person
001068.jpg,8.448,27.8192771084337,118.016,101.951807228916,motorbike
006134.jpg,32,41.344,113.152,97.408,horse
005440.jpg,0.256,66.1567164179104,113.664,83.1567164179105,train
001286.jpg,8.192,53.4682779456193,125.184,106,motorbike
000851.jpg,26.368,49.28,102.912,95.616,motorbike
000851.jpg,44.544,33.664,77.312,101.76,person
004938.jpg,1.28,59.52,128,111.744,sofa
004636.jpg,49.152,58.1678571428571,105.472,80.7357142857143,bird
000158.jpg,50.176,37.248,68.352,68.992,bird
006492.jpg,29.44,24.448,122.368,112,person
006492.jpg,42.496,59.008,82.176,109.696,person
006492.jpg,1.28,57.728,128,112,sofa
003549.jpg,1.38378378378378,30.158273381295,66.4216216216216,85.7553956834532,bicycle
003549.jpg,55.0054054054054,32.5755395683453,121.081081081081,90.2446043165468,bicycle
001273.jpg,21.4909090909091,33.792,107.781818181818,107.264,bird
001714.jpg,54.1325301204819,77.312,74.6265060240964,91.392,sheep
000117.jpg,0.256,32.2207207207207,127.488,93.9924924924925,aeroplane
002086.jpg,71.936,35.968,103.68,61.824,tvmonitor
002086.jpg,7.936,50.304,35.584,76.672,tvmonitor
009194.jpg,2.56,16.512,128,100.48,pottedplant
005591.jpg,29.184,81.792,110.08,112,diningtable
005591.jpg,88.832,99.712,109.824,112,chair
005591.jpg,92.672,76.672,105.984,87.68,chair
005591.jpg,79.872,75.904,89.856,85.376,chair
005591.jpg,61.44,74.88,66.816,83.84,chair
005591.jpg,51.2,74.368,56.32,77.696,chair
005591.jpg,19.712,71.552,32.768,80.256,chair
005591.jpg,17.152,78.208,26.368,107.904,chair
005591.jpg,22.016,78.72,33.024,111.744,chair
005591.jpg,28.672,79.488,42.496,112,chair
005591.jpg,37.632,81.792,53.76,111.232,chair
005591.jpg,48.64,82.816,72.192,112,chair
006848.jpg,20.224,64.6381381381381,80.896,86.5900900900901,bird
006848.jpg,84.736,40.6441441441441,128,83.7822822822823,bird
006848.jpg,83.2,53.1516516516516,128,82.2507507507508,bird
002785.jpg,56.832,21.7552552552553,121.6,66.9354354354354,cat
005981.jpg,62.464,49.28,103.424,112,cow
005981.jpg,17.664,34.688,52.48,55.168,cow
008294.jpg,9.728,33.6737160120846,52.992,67.4259818731118,car
008294.jpg,37.12,52.9607250755287,82.944,82.1450151057402,motorbike
008294.jpg,51.712,41.7945619335347,75.008,82.1450151057402,person
008294.jpg,55.552,40.0181268882175,81.664,49.4078549848943,car
008294.jpg,81.664,37.987915407855,115.456,52.4531722054381,car
006605.jpg,57.088,60.8,70.912,66.944,chair
006605.jpg,40.448,63.616,60.16,95.616,chair
006605.jpg,84.736,61.312,99.072,90.496,chair
006605.jpg,87.04,66.944,105.472,96.128,chair
006605.jpg,62.976,72.832,92.16,112,chair
006605.jpg,36.352,70.784,65.536,108.416,chair
006605.jpg,22.016,62.336,34.304,71.808,pottedplant
006605.jpg,12.544,40.576,24.576,78.208,pottedplant
009550.jpg,22.144,81.92,38.272,105.472,chair
009550.jpg,16.256,83.712,27.264,107.264,chair
009550.jpg,71.552,76.288,81.28,93.696,chair
009550.jpg,77.44,80.384,92.032,101.12,chair
009550.jpg,96.384,92.672,112,126.976,chair
009550.jpg,87.68,89.856,106.112,117.248,chair
009550.jpg,92.544,80.896,106.112,88.576,chair
009550.jpg,105.856,78.08,112,87.04,chair
009550.jpg,82.816,76.544,93.568,81.408,chair
009550.jpg,92.288,84.736,111.488,92.416,diningtable
003644.jpg,74.496,54.7775800711744,118.016,99.5,person
003644.jpg,60.416,54.0195729537367,84.736,77.5177935943061,person
003644.jpg,22.016,56.2935943060498,59.136,99.5,person
003644.jpg,0.256,72.9697508896797,21.504,98.9946619217082,chair
003644.jpg,37.12,74.4857651245552,95.488,97.2259786476868,diningtable
003644.jpg,118.016,73.4750889679715,127.744,99.5,chair
003425.jpg,11.264,16.256,104.448,90.496,dog
005830.jpg,0.256,30.4339339339339,121.088,99.3528528528529,car
008847.jpg,29.44,29.4681440443213,74.752,86.808864265928,aeroplane
006096.jpg,7.68,28.288,120.832,98.944,bus
002820.jpg,104.96,75.0215633423181,126.208,94.0242587601078,pottedplant
002820.jpg,66.048,78.5687331536388,80.128,94.5309973045822,pottedplant
002820.jpg,40.96,74.7681940700809,55.808,93.010781671159,pottedplant
005171.jpg,48.384,82.0191693290735,70.656,92.7539936102236,boat
005171.jpg,31.744,90.4536741214058,36.096,95.3099041533546,boat
008783.jpg,101.376,70.272,105.984,86.912,bottle
008783.jpg,38.4,76.928,122.624,111.488,diningtable
008783.jpg,97.024,63.616,113.408,83.584,chair
008783.jpg,82.944,63.104,97.28,80,chair
008783.jpg,43.264,79.488,67.584,112,chair
008783.jpg,22.016,74.112,57.344,112,chair
008783.jpg,28.416,62.592,44.8,81.792,chair
001176.jpg,119.808,79.232,123.392,95.616,boat
001176.jpg,69.632,36.992,115.456,103.04,boat
001176.jpg,20.224,41.344,28.672,103.04,boat
001176.jpg,50.176,92.288,64.512,96.384,boat
001176.jpg,35.584,80.512,44.8,96.64,boat
001176.jpg,8.448,70.528,20.736,97.152,boat
001176.jpg,104.192,82.304,114.176,94.848,boat
008285.jpg,33.792,24.192,83.712,67.968,tvmonitor
008285.jpg,22.528,28.8,101.12,112,person
009173.jpg,58.752,0.256,112,32.768,tvmonitor
004831.jpg,28.416,28.9024024024024,92.416,102.671171171171,person
009807.jpg,48.896,37.0705705705706,121.344,106.244744744745,horse
007133.jpg,17.024,28.416,112,95.232,car
007133.jpg,21.12,34.56,58.752,49.152,car
007133.jpg,46.72,40.192,87.68,46.336,car
009278.jpg,20.736,87.68,30.976,99.456,bicycle
004701.jpg,85.504,16.256,98.816,44.16,bottle
006153.jpg,61.952,58.2910447761194,78.336,72.7537313432836,train
005210.jpg,18.944,42.3967971530249,52.48,76.0017793594306,tvmonitor
000680.jpg,54.528,52.864,81.664,77.696,bird
009497.jpg,24.832,43.136,76.544,111.744,person
009497.jpg,45.568,36.48,81.664,81.28,person
009497.jpg,103.168,96.896,106.752,108.416,bottle
009497.jpg,92.16,95.872,96.512,106.624,bottle
006519.jpg,1.024,45.184,44.032,110.464,person
006519.jpg,35.584,42.88,97.28,112,person
006519.jpg,45.312,38.272,128,106.368,person
006519.jpg,84.224,83.072,91.392,112,bottle
006519.jpg,48.64,98.688,55.552,112,bottle
006519.jpg,20.48,96.128,127.744,112,diningtable
000982.jpg,17.152,25.42175066313,88.32,103.851458885942,aeroplane
000982.jpg,104.96,95.7029177718833,128,112,person
000982.jpg,68.352,46.8116710875332,74.496,51.6498673740053,person
000982.jpg,83.968,46.5570291777188,93.952,68.710875331565,person
008975.jpg,40.96,60.544,89.6,107.904,sofa
008975.jpg,6.144,56.96,34.56,82.816,chair
008975.jpg,96.512,46.72,128,112,person
004890.jpg,14.336,40.2605263157895,116.224,95.3973684210526,car
008690.jpg,42.496,83.2717717717718,56.576,90.9294294294294,person
000161.jpg,26.624,23.1307692307692,114.176,113.5,car
000161.jpg,17.408,64,30.976,87.6076923076923,car
002935.jpg,85.6050955414013,29.436170212766,128,111.5,person
002935.jpg,1.63057324840764,22.968085106383,53.8089171974522,111.5,person
002935.jpg,6.52229299363057,27.8191489361702,88.4585987261147,111.5,person
004315.jpg,55.7537313432836,38.4,88.7388059701493,91.392,train
007932.jpg,0.256,69.487987987988,37.376,105.734234234234,car
007932.jpg,20.224,66.6801801801802,68.096,89.9084084084084,car
007932.jpg,54.784,64.1276276276276,85.504,78.6771771771772,car
007932.jpg,68.608,63.1066066066066,94.464,75.8693693693694,car
007932.jpg,91.648,62.8513513513514,102.144,71.0195195195195,car
007932.jpg,99.072,62.5960960960961,105.984,69.2327327327327,car
007932.jpg,103.424,61.3198198198198,107.776,66.9354354354354,car
007932.jpg,107.264,59.7882882882883,115.712,80.2087087087087,person
007932.jpg,111.616,57.2357357357357,116.48,76.8903903903904,person
007932.jpg,38.912,69.487987987988,48.896,77.4009009009009,person
007932.jpg,69.12,65.9144144144144,74.24,72.2957957957958,person
007932.jpg,80.896,64.3828828828829,84.992,69.7432432432432,person
006455.jpg,34,38.6415094339623,101.6,100.849056603774,horse
006455.jpg,47.6,26.3584905660377,66.8,76.2830188679245,person
006363.jpg,51.4402985074627,27.648,77.3208955223881,120.064,bottle
006363.jpg,66.9179104477612,16.384,90.2611940298507,98.048,bottle
006363.jpg,34.1865671641791,16.384,57.7835820895522,99.328,bottle
004691.jpg,13.824,33.152,128,97.408,train
004691.jpg,8.448,16.256,18.176,21.12,car
004691.jpg,0.512,16.256,10.24,21.376,car
005903.jpg,0.512,38.272,82.944,112,train
005903.jpg,97.536,68.992,102.912,90.752,person
005903.jpg,80.128,67.712,84.736,82.048,person
007931.jpg,13.312,27.776,117.248,99.2,car
007931.jpg,105.984,39.552,128,80.256,car
007931.jpg,12.288,39.552,20.736,56.704,person
007931.jpg,18.944,39.04,27.648,52.352,person
007931.jpg,92.672,35.2,110.08,45.952,train
007931.jpg,0.512,29.312,11.264,46.208,train
008093.jpg,0.256,88.704,21.504,112,car
007249.jpg,18.944,29.824,90.112,104.32,cat
008806.jpg,56.32,28.8,59.392,33.152,pottedplant
008806.jpg,59.392,56.96,60.928,61.312,pottedplant
008806.jpg,60.928,57.472,62.72,61.312,pottedplant
008806.jpg,62.976,57.984,64.512,61.824,pottedplant
008806.jpg,87.552,57.728,93.44,73.856,pottedplant
008806.jpg,107.008,60.288,113.152,78.72,pottedplant
009409.jpg,98.56,60.032,128,73.856,bus
009409.jpg,43.008,58.496,90.368,73.088,bus
009409.jpg,22.528,60.8,36.864,67.712,bus
009409.jpg,0.256,49.792,23.296,83.328,bus
009409.jpg,22.784,67.456,51.456,78.72,car
005407.jpg,61.7228915662651,59.904,68.0481927710843,68.096,train
006987.jpg,106.752,37.6962365591398,121.344,50.4650537634409,tvmonitor
006987.jpg,66.048,20.3306451612903,111.616,74.4704301075269,person
006987.jpg,39.68,32.3333333333333,66.304,72.9381720430108,person
005387.jpg,11.52,60.032,106.24,94.08,bus
005387.jpg,0.512,81.024,11.52,84.864,car
008390.jpg,29.824,58.88,93.056,115.2,person
008390.jpg,24.192,29.952,89.984,128,person
008390.jpg,23.936,28.416,101.76,125.184,chair
008442.jpg,59.136,33.92,99.072,72.576,cat
008856.jpg,12.8,16.768,128,112,cat
006914.jpg,60.928,62.08,68.864,76.16,bird
002497.jpg,50.176,52.352,54.016,63.36,person
002497.jpg,49.408,56.704,100.608,87.68,car
002497.jpg,4.864,52.352,8.192,61.824,person
002497.jpg,33.792,55.168,37.888,62.848,person
002497.jpg,18.176,52.608,20.992,62.08,person
005509.jpg,2.816,37.9925373134328,118.528,72.2462686567164,aeroplane
005509.jpg,123.904,60.3208955223881,127.232,70.2164179104478,person
005509.jpg,120.832,60.3208955223881,122.88,69.455223880597,person
005509.jpg,117.248,59.5597014925373,120.832,69.7089552238806,person
005509.jpg,113.408,60.0671641791045,116.992,70.2164179104478,person
005509.jpg,109.824,60.3208955223881,113.664,72.2462686567164,person
005509.jpg,104.448,59.5597014925373,109.056,73.2611940298507,person
005509.jpg,107.776,64.1268656716418,110.592,74.0223880597015,person
005509.jpg,100.864,59.5597014925373,103.424,68.6940298507463,person
005509.jpg,93.184,61.3358208955224,96.256,71.4850746268657,person
005509.jpg,79.104,60.8283582089552,83.968,71.7388059701493,person
005509.jpg,75.52,60.8283582089552,79.104,72.7537313432836,person
005509.jpg,46.336,61.3358208955224,49.664,69.9626865671642,person
005509.jpg,41.472,61.3358208955224,43.776,69.455223880597,person
005509.jpg,39.68,61.589552238806,41.728,69.455223880597,person
005509.jpg,50.944,62.0970149253731,54.528,65.6492537313433,car
005509.jpg,28.416,62.6044776119403,33.024,65.9029850746269,car
005509.jpg,11.008,62.6044776119403,15.872,65.9029850746269,car
005509.jpg,23.296,62.3507462686567,28.672,66.410447761194,car
005509.jpg,20.224,62.3507462686567,23.808,65.3955223880597,car
005509.jpg,33.792,62.3507462686567,37.376,65.9029850746269,car
003452.jpg,43.451951951952,76.8,87.1006006006006,120.576,diningtable
003452.jpg,65.6591591591592,83.968,104.457957957958,128,chair
003452.jpg,37.0705705705706,72.192,44.472972972973,105.984,chair
003452.jpg,39.3678678678679,77.056,68.7222222222222,121.6,chair
003452.jpg,49.3228228228228,68.352,59.7882882882883,78.336,chair
003452.jpg,75.8693693693694,70.144,84.5480480480481,81.92,chair
003452.jpg,88.6321321321321,73.472,100.884384384384,86.528,chair
004312.jpg,34.304,23.68,111.872,112,sheep
006349.jpg,1.28,30.6616766467066,126.72,86.6497005988024,aeroplane
001726.jpg,94.464,73.088,112.128,82.304,bicycle
001726.jpg,124.416,74.112,128,80.768,bicycle
001726.jpg,99.072,65.664,109.824,81.28,person
001726.jpg,0.256,67.456,10.752,97.152,person
001393.jpg,15.616,65.664,83.2,112,diningtable
001393.jpg,0.512,65.664,19.968,111.744,chair
001393.jpg,73.984,51.84,122.88,112,person
001393.jpg,74.496,49.28,102.4,106.88,person
001393.jpg,50.432,47.744,72.96,66.944,person
001393.jpg,3.84,49.536,34.048,112,person
001393.jpg,66.56,57.984,71.68,70.528,bottle
001393.jpg,59.392,58.24,62.976,67.712,bottle
001393.jpg,54.528,57.984,58.88,69.504,bottle
001393.jpg,52.736,61.056,56.576,71.296,bottle
001393.jpg,50.176,64.384,53.76,75.392,bottle
001393.jpg,34.304,62.08,64,112,person
004622.jpg,25.984,15.616,112,128,person
004622.jpg,27.52,25.6,109.44,128,bicycle
007308.jpg,17.0012853470437,18.4,92.4640102827764,124.266666666667,horse
007308.jpg,37.3894601542416,18.6666666666667,74.9884318766067,74.1333333333333,person
007308.jpg,66.5154241645244,76.8,91.4048843187661,109.333333333333,horse
007308.jpg,64.1323907455013,71.7333333333333,83.1966580976864,94.6666666666667,person
003000.jpg,49.408,50.5990990990991,71.168,63.3618618618619,aeroplane
006684.jpg,19.456,21.12,100.608,105.856,tvmonitor
006684.jpg,96.256,32.384,128,84.096,tvmonitor
006341.jpg,25.984,22.272,104.832,128,person
004782.jpg,39.168,62.7275449101796,61.44,89.1946107784431,bicycle
004782.jpg,39.68,49.2395209580838,68.096,83.5958083832335,person
006362.jpg,10.24,23.168,103.936,100.992,car
006362.jpg,0.256,45.184,37.376,86.912,car
002566.jpg,60.928,52.864,93.952,66.176,bus
002566.jpg,8.704,62.336,26.624,68.992,car
002566.jpg,108.8,58.24,113.408,62.08,car
002566.jpg,39.68,60.544,51.968,64.128,car
002566.jpg,60.672,59.52,64.256,66.944,person
002566.jpg,46.592,59.52,50.944,66.944,person
002566.jpg,43.264,59.776,46.592,66.688,person
002566.jpg,34.048,62.336,37.376,68.736,person
006067.jpg,10.496,63.104,74.496,81.792,aeroplane
009438.jpg,42.368,16.384,103.808,128,horse
005970.jpg,45.2387387387387,29.184,106.5,128,cat
003605.jpg,3.84,35.3108808290155,128,112.238341968912,train
001343.jpg,86.272,39.04,116.992,65.664,tvmonitor
001343.jpg,57.344,59.008,68.608,68.736,tvmonitor
001343.jpg,58.88,67.2,71.936,94.848,chair
001343.jpg,2.048,67.968,48.384,94.848,sofa
001343.jpg,0.256,78.72,11.776,112,sofa
009359.jpg,47.104,62.1049822064057,68.608,79.5391459074733,chair
009359.jpg,11.776,71.4537366548043,72.448,99.5,sofa
007768.jpg,73.984,25.216,128,112,person
007768.jpg,1.28,16.768,98.56,112,person
003603.jpg,40.96,83.328,81.408,112,person
003603.jpg,84.992,78.72,112.384,112,person
003603.jpg,106.24,71.552,122.624,108.416,person
003603.jpg,101.632,52.352,128,104.832,person
003603.jpg,65.536,42.112,98.048,84.864,person
003603.jpg,46.336,50.048,65.792,73.088,person
003603.jpg,27.136,50.56,35.84,63.616,person
003603.jpg,0.256,39.808,43.776,112,person
003603.jpg,24.32,73.088,106.752,112,diningtable
003350.jpg,0.256,21.7544910179641,120.832,105.991017964072,diningtable
003350.jpg,90.112,21.7544910179641,128,68.0718562874251,person
003350.jpg,113.408,46.440119760479,128,68.8353293413174,chair
005526.jpg,105.472,86.4,128,112,tvmonitor
005526.jpg,0.256,17.024,68.608,112,person
005526.jpg,56.064,45.696,116.992,112,person
008069.jpg,0.256,49.792,11.776,90.752,person
008069.jpg,14.848,41.856,32.512,62.08,person
008069.jpg,28.416,49.536,39.936,63.104,person
008069.jpg,49.152,44.416,61.696,86.656,person
008069.jpg,54.528,56.96,73.984,96.384,person
008069.jpg,26.112,71.04,44.032,110.208,person
008069.jpg,0.256,92.288,11.776,112,person
008069.jpg,11.008,91.008,26.624,112,person
008069.jpg,28.16,93.568,39.424,112,person
008069.jpg,40.448,89.472,56.32,112,person
008069.jpg,36.608,103.552,50.688,112,person
008069.jpg,0.256,59.776,74.24,91.52,horse
008069.jpg,120.832,54.4,128,87.424,person
008069.jpg,117.248,43.136,128,81.28,person
008069.jpg,96.512,37.248,115.2,76.928,person
008069.jpg,80.896,23.168,105.216,72.832,horse
009373.jpg,56.576,22.912,128,96.384,tvmonitor
009373.jpg,0.256,27.776,57.088,85.12,tvmonitor
004630.jpg,28.16,40.576,45.056,89.984,person
004630.jpg,40.704,36.992,62.72,103.296,person
004630.jpg,54.272,38.528,90.368,111.744,person
004630.jpg,84.736,35.712,111.36,111.488,person
004630.jpg,51.968,19.84,83.968,112,person
004630.jpg,0.768,44.928,69.888,112,person
004630.jpg,117.76,44.16,124.416,65.92,person
004630.jpg,107.264,43.392,116.736,67.968,person
004630.jpg,0.768,18.816,111.104,50.56,bus
000515.jpg,0.256,66.944,10.24,91.008,bicycle
000515.jpg,0.256,37.76,7.424,87.424,person
000515.jpg,16.384,57.984,38.656,69.76,car
000515.jpg,37.632,58.752,47.616,67.2,car
009333.jpg,25.6,38.016,79.872,76.928,tvmonitor
009333.jpg,52.992,67.712,90.112,84.608,dog
009333.jpg,21.76,76.16,128,86.656,sofa
009333.jpg,74.496,88.96,128,111.744,chair
008503.jpg,0.768,17.28,55.808,112,bus
008503.jpg,51.968,43.136,63.744,84.864,bus
008503.jpg,111.104,87.936,128,112,car
008503.jpg,89.856,72.832,118.016,92.288,car
008503.jpg,65.536,78.72,93.696,108.16,car
008503.jpg,65.024,70.272,84.736,85.12,car
008503.jpg,68.096,65.664,79.616,71.552,car
008503.jpg,67.84,61.568,77.312,67.712,car
008503.jpg,72.192,59.52,79.36,65.152,car
008503.jpg,87.296,66.944,102.912,79.744,car
008503.jpg,81.92,63.104,93.696,72.832,car
008503.jpg,82.944,60.288,89.856,63.104,car
008503.jpg,97.792,57.984,100.864,65.92,person
008503.jpg,85.504,56.96,88.064,59.52,person
007009.jpg,7.40740740740741,20.7939189189189,128,84.5743243243243,motorbike
007594.jpg,28.416,64.896,123.392,112,horse
007594.jpg,15.872,34.176,48.64,105.856,person
007594.jpg,38.4,44.416,57.6,71.04,person
007594.jpg,47.36,34.944,89.856,110.208,person
007594.jpg,28.672,61.056,60.416,111.488,horse
002987.jpg,0.256,22.0089820359281,128,106.245508982036,bus
002987.jpg,32.768,61.7095808383234,82.432,106.5,person
005454.jpg,22.784,36.992,58.112,85.376,tvmonitor
005454.jpg,92.928,60.544,128,112,chair
005454.jpg,118.016,31.36,128,52.352,chair
005454.jpg,0.256,63.104,19.712,111.744,chair
005453.jpg,0.256,81.484984984985,50.432,105.734234234234,dog
005453.jpg,51.968,22.2657657657658,128,106.5,horse
005453.jpg,40.704,61.3198198198198,61.696,99.3528528528529,horse
008702.jpg,7.936,40.576,125.184,104.576,bus
008702.jpg,22.784,89.216,72.448,112,bicycle
008702.jpg,30.208,66.176,54.272,112,person
008702.jpg,19.456,72.064,33.28,112,person
008702.jpg,0.256,64.896,5.632,103.552,person
000235.jpg,62.208,81.28,80.896,112,chair
000235.jpg,34.816,99.456,69.376,112,chair
000235.jpg,0.256,90.496,24.832,111.744,chair
000235.jpg,102.912,78.72,116.48,96.896,chair
000235.jpg,10.24,84.096,70.912,112,diningtable
000235.jpg,106.24,65.152,116.992,81.024,sofa
000235.jpg,47.36,58.752,51.456,76.416,pottedplant
008723.jpg,1.28,38.2964071856287,119.808,85.6317365269461,aeroplane
002068.jpg,59.136,50.1716417910448,95.232,71.2313432835821,train
004962.jpg,65.28,65.4039039039039,89.088,74.5930930930931,car
001864.jpg,103.168,70.784,128,101.248,chair
001864.jpg,55.808,31.36,97.536,112,person
001864.jpg,23.296,37.248,55.296,112,person
001864.jpg,15.616,30.08,63.744,112,person
003453.jpg,27.392,43.392,107.776,88.192,person
003453.jpg,19.2,38.272,127.488,108.416,sofa
001588.jpg,0.256,55.9594594594595,15.104,81.2297297297297,tvmonitor
001588.jpg,25.6,54.6831831831832,64.256,76.8903903903904,sofa
001588.jpg,77.312,55.4489489489489,128,94.503003003003,sofa
003082.jpg,50.432,59.5282555282555,72.704,84.5700245700246,bird
003082.jpg,36.608,71.5380835380835,77.824,106.034398034398,bird
007999.jpg,23.808,69.76,116.736,112,sofa
007999.jpg,0.256,16.256,75.52,112,pottedplant
007999.jpg,76.288,16.256,100.864,88.192,pottedplant
007999.jpg,98.56,55.424,109.824,64.128,tvmonitor
008112.jpg,27.136,34.9261744966443,43.008,62.7248322147651,boat
008112.jpg,40.192,36.2013422818792,50.944,62.9798657718121,boat
005511.jpg,50.2641509433962,35.4666666666667,74.3018867924528,113.066666666667,horse
005511.jpg,45.2452830188679,29.8666666666667,81.6981132075472,79.4666666666667,person
008759.jpg,37.632,16.256,128,111.744,bicycle
008372.jpg,51.2,45.5301204819277,91.904,68.0481927710843,aeroplane
002658.jpg,41.728,44.9834834834835,48.384,73.0615615615616,bottle
002658.jpg,26.368,23.542042042042,37.632,50.8543543543544,pottedplant
002658.jpg,37.376,24.3078078078078,46.848,51.6201201201201,pottedplant
002658.jpg,46.336,32.475975975976,59.904,51.3648648648649,pottedplant
002658.jpg,70.144,22.2657657657658,120.832,104.202702702703,person
002658.jpg,14.336,67.7012012012012,99.072,106.5,diningtable
002658.jpg,71.424,47.0255255255255,119.296,98.5870870870871,chair
002658.jpg,113.152,36.8153153153153,128,96.5450450450451,chair
002635.jpg,35.072,49.2395209580838,107.264,93.0119760479042,bird
004723.jpg,91.904,48.768,117.76,112,person
004723.jpg,4.096,50.816,16.64,88.704,person
004723.jpg,0.256,49.536,14.336,93.824,person
000218.jpg,64.768,37.8363363363363,98.048,86.5900900900901,dog
000218.jpg,27.392,21.7552552552553,51.712,65.9144144144144,chair
000218.jpg,0.256,21.7552552552553,64.768,78.1666666666667,person
004158.jpg,74.24,68.2117117117117,85.504,99.6081081081081,bottle
004158.jpg,46.336,61.8303303303303,55.296,93.481981981982,bottle
004158.jpg,59.648,62.3408408408408,68.608,94.7582582582583,bottle
004158.jpg,0.256,33.496996996997,29.952,106.5,person
004158.jpg,22.784,35.539039039039,62.72,86.0795795795796,person
004158.jpg,99.584,39.8783783783784,128,103.436936936937,person
000251.jpg,6.75386313465784,121.344,44.3256070640177,128,car
000251.jpg,7.00772626931567,115.2,27.5706401766004,121.6,car
000251.jpg,30.8708609271523,111.36,76.3123620309051,128,car
000251.jpg,98.3984547461369,112.64,121.5,128,car
000251.jpg,19.7008830022075,109.824,24.2704194260486,120.064,person
000251.jpg,9.80022075055188,107.776,13.8620309050773,115.2,person
000251.jpg,11.8311258278146,109.824,16.4006622516556,118.016,person
005875.jpg,9.472,17.024,118.784,110.208,motorbike
007461.jpg,73.728,16.768,82.688,30.848,bottle
007461.jpg,82.688,16.512,90.88,48.768,bottle
007461.jpg,65.024,16.512,73.728,30.08,bottle
007461.jpg,55.552,16.256,63.744,30.336,bottle
007461.jpg,46.848,16.256,55.808,47.744,bottle
007461.jpg,37.632,16.768,46.592,47.744,bottle
007461.jpg,28.416,16.512,37.376,48.256,bottle
007461.jpg,19.2,16.768,28.16,47.488,bottle
007461.jpg,9.216,16.256,18.432,47.232,bottle
007461.jpg,1.28,16.512,9.728,47.232,bottle
007760.jpg,45.493993993994,64.512,90.9294294294294,128,dog
007760.jpg,22.0105105105105,1.024,105.734234234234,128,person
007483.jpg,0.512,24.936170212766,128,112,person
008831.jpg,3.072,69.7151029748284,70.656,110.863844393593,bicycle
008831.jpg,65.792,72.7631578947368,127.232,111.117848970252,bicycle
005535.jpg,20.992,16.256,110.848,94.848,dog
006187.jpg,31.616,8.448,112,128,person
006187.jpg,16.256,11.008,71.808,128,person
000827.jpg,54.784,60.5540540540541,64,72.2957957957958,cow
000827.jpg,64,62.3408408408408,79.36,73.0615615615616,cow
000435.jpg,52.48,49.3253012048193,109.312,96.6385542168675,horse
000435.jpg,60.16,40.9759036144578,76.8,91.578313253012,person
001765.jpg,19.2,17.792,99.072,106.368,motorbike
006990.jpg,74.496,70.016,109.824,95.36,bicycle
006990.jpg,82.688,52.096,94.72,94.848,person
000072.jpg,31.7102102102102,18.176,106.5,121.088,motorbike
000072.jpg,29.9234234234234,10.752,105.98948948949,34.816,motorbike
008980.jpg,19.0098039215686,14.848,100.323529411765,109.568,dog
001821.jpg,23.552,48,92.672,79.488,car
001821.jpg,1.28,31.36,13.568,44.928,car
002986.jpg,0.256,25.728,36.096,67.2,sheep
002986.jpg,0.256,61.056,48.64,112,sheep
002986.jpg,57.856,52.608,93.44,95.616,sheep
002986.jpg,81.408,48.768,119.808,92.8,sheep
002986.jpg,60.416,69.504,128,112,sheep
002986.jpg,99.328,24.192,121.6,46.72,sheep
002986.jpg,113.664,17.28,128,40.576,sheep
002986.jpg,41.216,34.688,65.536,58.496,sheep
002986.jpg,51.456,34.944,91.904,75.648,sheep
002986.jpg,72.192,32.896,83.712,41.344,sheep
002986.jpg,25.6,16.256,54.016,39.296,sheep
002986.jpg,0.256,16.256,25.6,25.984,sheep
002986.jpg,98.304,16.256,124.416,34.432,sheep
002986.jpg,53.76,16.256,77.568,32.128,sheep
002986.jpg,77.312,16.256,94.464,31.616,sheep
000427.jpg,9.984,27.6077844311377,98.816,91.4850299401198,motorbike
005173.jpg,3.328,44.423875432526,58.112,91.9117647058824,motorbike
005173.jpg,72.96,43.6660899653979,125.952,94.1851211072664,motorbike
005173.jpg,58.88,38.8667820069204,117.248,92.1643598615917,person
005173.jpg,4.352,35.583044982699,49.152,89.8910034602076,person
005173.jpg,103.936,29.2681660899654,117.76,63.8737024221453,person
005173.jpg,33.536,33.3096885813149,49.92,59.8321799307958,person
005173.jpg,66.816,30.7837370242215,79.872,44.423875432526,person
005173.jpg,72.192,27.7525951557093,88.064,44.9290657439446,person
005173.jpg,22.272,32.0467128027682,35.328,44.1712802768166,person
005173.jpg,0.256,28.257785467128,9.216,54.022491349481,person
005173.jpg,117.504,34.5726643598616,128,63.1159169550173,person
005173.jpg,89.344,27.7525951557093,101.12,46.69723183391,person
005173.jpg,100.096,27.7525951557093,107.264,41.1401384083045,person
005173.jpg,44.544,27.7525951557093,55.04,47.7076124567474,person
005173.jpg,34.56,27.7525951557093,44.8,35.8356401384083,person
005173.jpg,27.904,27.7525951557093,36.352,40.8875432525952,person
005173.jpg,16.128,27.7525951557093,27.392,42.6557093425606,person
004421.jpg,59.008,91.648,82.56,128,chair
004421.jpg,97.664,85.504,112,99.328,chair
004421.jpg,95.872,73.216,105.344,78.336,chair
004421.jpg,23.68,69.632,32.128,99.328,chair
004421.jpg,30.848,68.608,52.608,105.472,chair
004421.jpg,16.512,74.752,35.968,121.344,chair
004421.jpg,32.384,71.68,85.376,105.472,diningtable
004421.jpg,76.16,98.048,112,128,diningtable
003397.jpg,59.392,66.432,85.504,96.64,person
003397.jpg,3.84,59.008,66.048,98.176,car
004242.jpg,0.768,19.328,121.344,111.744,car
005531.jpg,59.264,53.76,81.792,91.904,chair
005531.jpg,81.28,45.056,89.984,66.816,chair
005531.jpg,65.152,45.824,83.072,83.456,chair
005531.jpg,79.488,55.296,107.136,92.16,chair
005531.jpg,57.728,13.056,71.808,47.616,pottedplant
005531.jpg,43.136,49.92,112,89.088,diningtable
004760.jpg,53.76,45.184,126.72,112,dog
004760.jpg,0.256,16.256,45.312,112,person
009179.jpg,108.032,81.28,126.208,98.432,bus
009179.jpg,70.912,82.304,89.856,88.704,bus
009179.jpg,62.208,94.592,83.968,107.136,car
009179.jpg,0.256,89.472,10.496,96.64,car
000530.jpg,22.2530120481928,28.928,68.3012048192771,104.448,person
000530.jpg,37.433734939759,28.416,103.975903614458,121.856,person
000530.jpg,62.2289156626506,15.616,76.9036144578313,43.008,person
000530.jpg,101.698795180723,24.832,106,39.68,person
000530.jpg,31.3614457831325,43.776,106,120.576,sofa
004950.jpg,30.8,34.1530612244898,85.2,102.602040816327,horse
004950.jpg,40,28.5816326530612,70.4,69.969387755102,person
006677.jpg,52.9406779661017,77.824,116.5,128,sofa
006677.jpg,11.7542372881356,71.424,30.5677966101695,117.248,chair
006677.jpg,28.5338983050847,60.16,96.1610169491526,128,person
006011.jpg,48.64,61.824,86.272,86.656,car
006011.jpg,53.76,40.32,88.576,57.984,car
006011.jpg,61.184,35.456,68.096,45.952,person
006011.jpg,62.464,52.352,72.704,62.336,person
001827.jpg,45.056,44.16,61.44,64.128,tvmonitor
007302.jpg,53.76,52.352,119.04,98.432,sofa
007302.jpg,4.864,37.76,24.064,60.288,pottedplant
008926.jpg,59.136,36.4152542372881,94.72,91.0762711864407,bird
000702.jpg,60.416,49.28,111.104,105.344,horse
000702.jpg,30.464,54.144,74.24,102.272,horse
000702.jpg,107.52,54.4,119.296,74.88,person
000702.jpg,18.688,71.808,21.248,76.928,person
000702.jpg,15.104,70.528,18.176,76.928,person
000702.jpg,12.544,71.296,15.104,77.184,person
001545.jpg,33.792,59.776,86.528,77.44,aeroplane
006827.jpg,16.256,50.944,70.016,98.816,sofa
006827.jpg,75.136,49.152,112,83.2,sofa
009944.jpg,22.272,52.4531722054381,84.224,95.8489425981873,motorbike
009944.jpg,37.12,31.6435045317221,78.08,95.595166163142,person
009108.jpg,67.84,16.2553191489362,106.752,105.872340425532,bottle
009108.jpg,30.464,16.2553191489362,67.584,103.31914893617,bottle
003121.jpg,0.512,25.5840840840841,72.192,106.5,horse
003121.jpg,53.76,34.2627627627628,123.392,106.5,person
003121.jpg,119.808,64.8933933933934,128,106.5,person
003121.jpg,112.128,58.7672672672673,125.184,83.0165165165165,person
002224.jpg,72.192,64.384,96.256,83.584,person
002224.jpg,26.368,48.768,86.528,98.688,person
002224.jpg,0.256,25.984,68.608,111.744,person
005814.jpg,63.744,57.728,99.328,86.4,tvmonitor
005814.jpg,13.568,16.256,71.424,104.576,person
005814.jpg,48.128,95.36,82.688,105.856,bottle
007299.jpg,27.904,64.896,42.496,90.24,bird
007299.jpg,59.904,64.896,71.168,77.44,bird
007299.jpg,77.056,73.856,89.856,91.264,bird
004654.jpg,18.688,46.2843137254902,92.928,93.4411764705882,cat
004654.jpg,0.256,19.2647058823529,122.88,109.5,chair
000671.jpg,34.7208588957055,84.48,90.7331288343558,120.576,bicycle
009528.jpg,22.016,33.152,125.184,98.432,cat
000714.jpg,48.64,35.7089552238806,112.384,97.6194029850746,bird
004792.jpg,45.44,34.56,81.792,86.016,cat
009339.jpg,98.048,16.512,128,86.656,chair
009339.jpg,27.136,21.632,117.76,97.664,bicycle
004653.jpg,34.518018018018,27.904,91.9504504504505,114.688,person
003921.jpg,21.248,33.408,101.888,112,dog
002534.jpg,88.832,61.3198198198198,98.816,68.7222222222222,car
002534.jpg,57.856,61.5750750750751,71.936,71.7852852852853,car
009666.jpg,62.848,39.424,94.592,128,bottle
009666.jpg,16.256,0.256,94.336,128,person
002984.jpg,43.776,57.3818181818182,54.528,65.0181818181818,bird
002984.jpg,47.36,55.6,63.232,65.5272727272727,bird
002984.jpg,62.72,57.6363636363636,70.4,64.7636363636364,bird
002481.jpg,25.3173652694611,4.864,101.919161676647,109.056,person
000904.jpg,60.672,58.752,86.528,83.328,cow
000904.jpg,4.352,44.928,42.24,76.928,person
000904.jpg,0.256,70.528,78.08,112,horse
003519.jpg,29.184,37.504,80.896,112,bird
004702.jpg,8.704,67.1758957654723,49.92,90.2964169381108,bird
004702.jpg,103.424,53.4560260586319,126.464,78.8631921824104,bird
004702.jpg,32.256,29.0651465798046,55.552,53.9641693811075,bird
000920.jpg,0.512,23.434036939314,128,108.405013192612,train
000920.jpg,71.936,32.6477572559367,84.48,66.4313984168865,person
002334.jpg,21.248,83.072,83.2,112,chair
002334.jpg,3.84,51.584,26.112,89.216,chair
002334.jpg,35.072,45.184,58.112,69.76,tvmonitor
002334.jpg,60.672,46.976,81.664,69.248,tvmonitor
002334.jpg,83.2,57.728,106.24,80.512,tvmonitor
009935.jpg,70.144,55.68,111.616,111.232,person
009935.jpg,26.624,47.744,45.824,68.736,person
009935.jpg,0.256,50.304,18.688,83.584,person
009935.jpg,107.264,55.424,119.04,84.096,tvmonitor
009935.jpg,93.184,50.56,104.704,71.296,tvmonitor
009935.jpg,26.624,46.976,39.936,58.24,tvmonitor
009935.jpg,6.144,48,19.2,61.824,tvmonitor
009935.jpg,8.448,72.832,40.448,112,chair
009935.jpg,27.904,58.752,44.544,92.288,chair
009935.jpg,68.096,76.16,95.488,112,chair
009935.jpg,0.256,62.848,19.2,95.872,chair
007678.jpg,19.968,45.1464968152866,107.52,70.1146496815287,bird
008890.jpg,44.16,39.424,107.648,63.744,dog
009638.jpg,0.256,80.512,26.88,112,chair
009638.jpg,104.96,64.896,128,98.176,chair
009638.jpg,91.648,63.104,103.424,70.272,chair
009638.jpg,122.88,61.568,128,73.856,chair
009638.jpg,104.704,61.824,115.2,81.28,chair
009638.jpg,0.256,67.712,12.032,86.4,chair
009638.jpg,24.576,16.768,128,112,person
009638.jpg,89.344,55.68,96.512,63.104,person
009638.jpg,98.048,56.96,103.424,62.592,person
009638.jpg,83.968,55.936,89.088,62.336,person
009638.jpg,3.84,55.168,13.056,66.432,pottedplant
009638.jpg,14.848,52.096,24.832,68.224,pottedplant
009638.jpg,86.272,68.48,108.032,87.68,diningtable
003441.jpg,26.88,41.088,96.768,86.144,bus
007915.jpg,14.848,67.968,37.12,92.032,tvmonitor
007915.jpg,38.4,67.712,64.768,89.216,tvmonitor
007915.jpg,66.304,72.064,94.464,101.248,tvmonitor
007915.jpg,71.168,82.816,83.968,111.232,tvmonitor
007915.jpg,32.512,81.024,55.552,105.856,tvmonitor
007915.jpg,49.92,82.048,71.168,110.208,tvmonitor
007915.jpg,29.952,25.984,93.696,87.936,person
004300.jpg,20.224,67.456,60.16,97.152,motorbike
009557.jpg,52.3858858858859,70.4,72.2957957957958,93.44,bicycle
009557.jpg,51.1096096096096,55.296,67.7012012012012,93.44,person
001241.jpg,24.704,15.36,112,128,horse
001241.jpg,52.352,4.864,112,128,person
001241.jpg,105.344,55.808,112,76.288,person
001241.jpg,16.256,76.288,30.592,128,person
001241.jpg,16.256,69.12,20.352,89.856,person
001241.jpg,45.696,10.752,51.328,19.712,person
001241.jpg,42.368,11.52,45.952,18.176,person
001241.jpg,38.784,8.96,41.856,15.616,person
005912.jpg,62.72,39.6231231231231,88.32,93.9924924924925,bird
000565.jpg,14.336,39.552,108.032,111.744,bicycle
009833.jpg,118.528,95.104,128,112,chair
009833.jpg,86.784,88.704,108.8,112,chair
009833.jpg,55.552,86.144,73.728,112,chair
009833.jpg,49.408,82.304,60.416,88.192,chair
009833.jpg,32.768,89.216,53.504,112,chair
009833.jpg,21.76,83.584,36.096,106.112,chair
009833.jpg,20.48,104.32,36.096,112,chair
009833.jpg,0.256,83.072,16.896,103.808,chair
009833.jpg,3.584,80.256,13.056,85.12,chair
007833.jpg,94.976,22.5060240963855,117.504,57.6746987951807,boat
007833.jpg,36.096,78.1686746987952,70.912,102.457831325301,bird
005552.jpg,82.4698795180723,51.712,92.5903614457831,86.528,person
005552.jpg,70.0722891566265,51.968,88.7951807228916,91.136,person
005552.jpg,63.4939759036145,60.672,89.5542168674699,104.192,motorbike
007007.jpg,28.672,68.0641711229947,74.496,111.5,person
007007.jpg,0.256,17.0080213903743,76.288,87.8770053475936,person
007007.jpg,61.952,64.2540106951872,128,111.5,diningtable
007007.jpg,98.56,46.2192513368984,127.488,67.048128342246,diningtable
007007.jpg,50.688,36.5668449197861,55.552,49.2673796791444,bottle
002693.jpg,36.864,55.2462686567164,101.632,103.201492537313,car
002693.jpg,11.776,35.7089552238806,33.792,98.3805970149254,person
002693.jpg,93.184,56.0074626865672,112.64,81.3805970149254,person
002693.jpg,8.704,41.544776119403,14.08,61.3358208955224,person
002693.jpg,0.256,41.7985074626866,8.704,62.3507462686567,person
002693.jpg,0.256,52.9626865671642,47.36,74.5298507462687,car
000077.jpg,61.44,21.7552552552553,128,106.5,cat
000077.jpg,0.512,21.7552552552553,78.336,106.5,cat
004748.jpg,6.912,71.04,59.904,101.504,aeroplane
004748.jpg,67.84,80.768,84.48,86.656,aeroplane
004748.jpg,96.256,95.104,108.032,100.992,car
004748.jpg,88.576,99.456,103.68,107.392,car
002933.jpg,24.832,40.400293255132,101.632,106.989736070381,person
002933.jpg,54.784,32.4912023460411,104.96,107.5,person
002933.jpg,38.4,57.2390029325513,68.864,86.3240469208211,dog
008017.jpg,4.096,42.4309309309309,97.536,100.884384384384,bird
003422.jpg,36.864,62.08,60.928,76.928,chair
003422.jpg,96.768,71.808,128,98.688,person
003422.jpg,63.488,46.976,114.432,83.072,person
003422.jpg,0.256,37.76,61.184,112,person
003422.jpg,31.744,72.832,128,112,diningtable
005471.jpg,77.568,28.6471471471471,116.48,65.9144144144144,chair
005471.jpg,4.864,28.6471471471471,70.144,106.244744744745,person
005471.jpg,70.144,28.1366366366366,127.232,100.118618618619,person
005471.jpg,41.472,82.2507507507508,48.64,99.3528528528529,bottle
007177.jpg,22.7762762762763,49.664,106.5,128,diningtable
007177.jpg,50.5990990990991,38.656,56.2147147147147,60.928,bottle
007177.jpg,93.2267267267267,48.64,106.5,88.064,chair
009810.jpg,5.888,37.0705705705706,119.808,87.6111111111111,car
007036.jpg,96,63.104,127.744,112,person
007036.jpg,73.216,64.64,100.096,112,person
007036.jpg,49.664,63.104,74.496,112,person
007036.jpg,17.408,63.36,54.016,111.488,person
009685.jpg,13.568,53.632,124.928,107.392,bus
001618.jpg,13.568,48.0465465465466,121.088,88.6321321321321,car
006603.jpg,25.0545454545455,82.688,41.8545454545455,109.312,bicycle
006276.jpg,43.7472527472527,12.5333333333333,77.3241758241758,82.1333333333334,person
006276.jpg,38.4175824175824,32,91.4478021978022,121.333333333333,horse
009094.jpg,60.16,36.736,100.864,74.112,tvmonitor
007298.jpg,0.768,21.7552552552553,71.168,105.734234234234,bus
007298.jpg,74.496,55.9594594594595,85.248,91.6951951951952,person
007298.jpg,55.552,55.1936936936937,68.608,89.3978978978979,person
007031.jpg,16.256,22.016,51.84,125.184,person
007031.jpg,83.072,31.232,110.72,119.04,person
008833.jpg,6.656,16.256,78.08,112,person
008833.jpg,102.656,40.32,128,112,person
006564.jpg,0.256,36.6746987951807,128,80.6987951807229,aeroplane
003056.jpg,70.144,81.28,94.208,101.248,diningtable
003056.jpg,66.304,78.464,73.216,100.48,chair
003056.jpg,71.168,79.488,78.848,100.48,chair
003056.jpg,90.112,80.512,93.696,83.072,chair
003056.jpg,84.736,77.184,91.136,80.768,bottle
003056.jpg,84.224,83.072,90.88,87.936,bottle
003056.jpg,83.968,88.96,91.136,94.08,bottle
003056.jpg,82.944,94.848,90.624,99.968,bottle
003056.jpg,91.648,88.96,99.84,102.528,bottle
003056.jpg,91.904,102.272,100.864,112,bottle
003056.jpg,83.2,104.32,89.856,112,bottle
003056.jpg,16.128,78.72,35.84,100.224,sofa
003056.jpg,11.776,75.392,24.832,84.096,chair
003586.jpg,0.8,22.3962264150943,98.8,96.4905660377358,cat
007821.jpg,24.3627450980392,14.848,98.2843137254902,79.872,car
007821.jpg,51.6372549019608,20.224,89.3627450980392,123.904,person
007821.jpg,23.8529411764706,11.776,60.5588235294118,109.568,person
008241.jpg,0.768,79.488,113.664,112,motorbike
008241.jpg,27.904,59.52,59.392,111.744,person
008241.jpg,27.648,51.328,72.704,112,person
008241.jpg,72.704,72.32,89.088,103.04,person
008241.jpg,60.16,57.472,92.416,112,person
008241.jpg,71.936,53.632,107.776,111.744,person
007575.jpg,3.84,16.256,121.088,76.16,bus
007230.jpg,67.84,47.744,92.672,91.264,sheep
007230.jpg,33.792,35.968,61.696,72.576,sheep
005964.jpg,0.256,21.7552552552553,109.056,105.98948948949,sheep
001610.jpg,4.096,30.336,94.208,86.656,cat
008004.jpg,65.92,49.152,99.2,79.36,bus
009950.jpg,0.256,22.5060240963855,128,106,train
009950.jpg,59.136,50.0843373493976,76.544,72.0963855421687,person
009175.jpg,33.792,30.592,84.736,56.704,cat
009175.jpg,63.488,61.312,111.36,103.04,pottedplant
003926.jpg,21.2536873156342,0.256,101.165191740413,120.32,train
002382.jpg,55.8222222222222,28.9375,128,100.479166666667,sofa
002382.jpg,1.06666666666667,44.5208333333333,125.866666666667,99.7708333333333,person
002382.jpg,21.3333333333333,50.8958333333333,76.0888888888889,96.9375,person
008222.jpg,34.0075075075075,25.088,91.9504504504505,108.032,dog
007790.jpg,18.688,47.744,27.136,60.544,chair
007790.jpg,6.656,46.72,14.848,50.56,chair
007790.jpg,37.376,16.256,53.76,31.616,car
007790.jpg,48.128,16.256,68.352,29.568,car
007790.jpg,5.888,49.024,32,108.672,bottle
009767.jpg,42.368,29.184,82.56,128,horse
009767.jpg,39.04,13.056,72.064,92.416,person
005518.jpg,32,37.248,75.52,104.064,dog
000263.jpg,20.864,57.344,106.88,82.688,car
000263.jpg,16.256,90.88,33.664,127.744,car
005367.jpg,28.672,34.518018018018,55.552,101.394894894895,bottle
004549.jpg,35.584,44.672,58.112,64.64,tvmonitor
004549.jpg,90.624,53.632,127.744,85.12,chair
004549.jpg,0.512,87.68,128,112,sofa
009754.jpg,45.568,47.744,107.776,99.968,person
001750.jpg,64,39.6231231231231,85.76,55.7042042042042,sheep
001750.jpg,44.544,43.9624624624625,64.512,61.5750750750751,sheep
001750.jpg,27.392,29.4129129129129,39.68,47.0255255255255,sheep
001750.jpg,102.912,25.5840840840841,118.784,35.0285285285285,sheep
001750.jpg,65.536,68.7222222222222,88.064,85.0585585585586,sheep
001750.jpg,44.032,69.487987987988,65.536,85.0585585585586,sheep
001750.jpg,87.04,77.4009009009009,103.68,90.9294294294294,sheep
001750.jpg,103.424,77.9114114114114,119.552,92.2057057057057,sheep
001750.jpg,29.44,75.3588588588589,40.192,91.1846846846847,sheep
002646.jpg,4.608,42.368,124.672,98.688,car
005631.jpg,16.256,30.208,68.736,127.488,bus
005631.jpg,66.944,61.952,82.56,106.24,bus
005631.jpg,82.816,68.352,87.424,89.856,bus
005631.jpg,85.888,74.24,93.568,96.256,person
005631.jpg,97.92,73.728,107.904,103.168,person
000581.jpg,35.84,68.5542168674699,69.632,95.8795180722892,sheep
008061.jpg,60.416,20.352,80.384,71.296,bottle
008061.jpg,26.624,41.6,39.936,85.12,bottle
008061.jpg,75.52,27.008,86.272,58.752,bottle
008061.jpg,10.752,16.512,23.552,45.952,bottle
008061.jpg,0.256,16.256,12.032,40.32,bottle
000921.jpg,41.728,35.712,128,90.496,cat
000921.jpg,32.512,32.896,76.544,73.088,chair
000921.jpg,36.608,17.024,128,112,chair
007114.jpg,0.768,39.6231231231231,108.032,106.5,sofa
007114.jpg,56.832,27.1156156156156,101.632,106.5,person
007114.jpg,12.8,57.2357357357357,67.328,106.244744744745,person
001083.jpg,41.728,35.539039039039,81.408,69.7432432432432,train
007748.jpg,41.2289156626506,41.984,106,95.488,horse
007748.jpg,63.7469879518072,28.416,83.4819277108434,72.704,person
000997.jpg,0.256,66.176,52.48,112,sofa
000997.jpg,97.536,52.864,117.504,69.504,tvmonitor
008676.jpg,106.24,71.9345238095238,122.368,92.4107142857143,motorbike
008676.jpg,62.72,86.5238095238095,88.32,106.488095238095,motorbike
008676.jpg,46.592,76.5416666666667,59.392,99.8333333333333,motorbike
008676.jpg,13.568,78.077380952381,27.136,95.7380952380952,motorbike
008676.jpg,32,60.1607142857143,63.744,81.9166666666667,car
008676.jpg,2.048,63.4880952380952,5.888,76.0297619047619,car
008676.jpg,105.216,56.8333333333333,123.136,85.2440476190476,person
008676.jpg,64.512,57.6011904761905,87.808,104.696428571429,person
008676.jpg,42.752,57.0892857142857,62.976,91.6428571428571,person
008676.jpg,11.264,59.6488095238095,27.904,91.6428571428571,person
008676.jpg,12.8,57.6011904761905,30.72,89.3392857142857,person
008676.jpg,7.424,60.9285714285714,12.288,72.1904761904762,person
008676.jpg,3.584,60.4166666666667,8.704,71.6785714285714,person
003194.jpg,0.256,25.5840840840841,95.744,97.8213213213213,dog
004510.jpg,31.488,28.8,62.464,55.168,tvmonitor
004510.jpg,25.856,66.944,65.28,112,chair
004510.jpg,108.032,37.504,128,107.904,chair
003377.jpg,50.56,36.096,90.752,92.16,bird
009480.jpg,19.328,28.416,85.888,71.936,aeroplane
009480.jpg,16.256,0.512,71.04,19.456,aeroplane
009480.jpg,16.512,41.472,112,128,aeroplane
003433.jpg,20.608,42.496,62.336,126.464,bicycle
003433.jpg,53.376,4.096,99.712,101.12,person
003433.jpg,77.44,79.872,103.04,116.48,chair
003280.jpg,27.392,36.5600600600601,126.464,106.5,person
005156.jpg,14.592,49.536,105.472,108.16,motorbike
005156.jpg,43.776,28.8,86.272,104.576,person
005156.jpg,2.048,44.416,42.496,77.184,car
005156.jpg,0.512,39.296,7.936,75.136,car
003204.jpg,44.032,65.92,71.168,92.544,tvmonitor
005288.jpg,55.552,82.304,63.744,90.24,sheep
009692.jpg,42.752,60.032,57.344,83.328,bird
009692.jpg,51.968,56.192,76.288,79.744,bird
000017.jpg,49.3333333333333,32.021978021978,74.4,68.5302197802198,person
000017.jpg,24,36.2857142857143,107.466666666667,105.038461538462,horse
001899.jpg,101.632,71.3373493975904,122.368,83.4819277108434,car
001899.jpg,76.288,71.3373493975904,85.76,79.433734939759,car
001899.jpg,71.168,74.3734939759036,76.544,79.1807228915663,car
001899.jpg,58.112,74.6265060240964,63.488,78.9277108433735,car
001899.jpg,27.648,75.6385542168675,37.632,82.2168674698795,car
001899.jpg,39.168,74.6265060240964,43.776,78.6746987951807,car
001899.jpg,5.632,74.8795180722892,12.288,79.1807228915663,car
001899.jpg,14.08,75.6385542168675,18.944,78.9277108433735,car
001899.jpg,19.456,73.3614457831325,26.368,78.6746987951807,car
001899.jpg,42.752,74.1204819277108,57.6,95.1204819277108,motorbike
001899.jpg,44.544,66.7831325301205,57.6,89.5542168674699,person
001899.jpg,63.488,74.3734939759036,67.584,78.1686746987952,car
001899.jpg,67.328,74.3734939759036,70.4,77.4096385542169,car
001164.jpg,19.456,60.544,102.656,111.488,diningtable
001164.jpg,84.48,46.976,125.44,97.408,person
001164.jpg,1.536,48,33.536,99.456,person
001164.jpg,26.624,45.952,46.08,73.088,person
001164.jpg,59.136,42.624,82.432,65.92,person
001164.jpg,88.32,80.768,116.736,112,chair
001164.jpg,40.192,86.656,71.936,112,chair
001164.jpg,72.192,70.528,89.6,104.576,chair
001164.jpg,119.04,34.432,128,50.048,pottedplant
002479.jpg,10.24,68.224,18.176,82.56,boat
002479.jpg,47.616,73.088,51.968,79.488,boat
002479.jpg,78.08,50.816,91.136,76.16,boat
003827.jpg,92.672,66.0363636363636,114.432,79.5272727272727,bicycle
003827.jpg,114.432,61.9636363636364,126.464,83.0909090909091,bicycle
003827.jpg,69.12,50.2545454545455,92.928,77.7454545454546,bicycle
003827.jpg,41.984,62.7272727272727,70.144,88.1818181818182,bicycle
003827.jpg,32.768,57.6363636363636,40.448,67.8181818181818,bicycle
003827.jpg,0.512,60.6909090909091,19.2,82.5818181818182,bicycle
003827.jpg,115.712,50.7636363636364,128,86.9090909090909,person
003827.jpg,98.048,56.6181818181818,112.128,76.4727272727273,person
003827.jpg,69.376,50.7636363636364,86.784,86.4,person
003827.jpg,50.176,44.4,70.144,88.6909090909091,person
003827.jpg,4.864,45.6727272727273,19.456,78.5090909090909,person
003827.jpg,40.96,54.5818181818182,47.36,68.0727272727273,person
005894.jpg,31.6796407185629,66.816,59.9281437125749,94.464,pottedplant
005894.jpg,28.625748502994,62.976,47.4580838323353,80.384,pottedplant
005894.jpg,29.8982035928144,56.064,47.2035928143713,62.72,pottedplant
005894.jpg,72.9071856287425,56.32,83.5958083832335,72.704,pottedplant
004256.jpg,0.512,23.5077399380805,128,99.1609907120743,train
008173.jpg,28.672,59.7882882882883,128,81.9954954954955,train
001093.jpg,13.312,27.025,122.624,107.605,car
001093.jpg,27.904,22.945,45.568,29.32,car
001093.jpg,65.024,23.965,69.12,27.28,car
001093.jpg,56.32,23.965,60.416,26.77,car
000830.jpg,31.744,62.592,90.112,110.72,diningtable
000830.jpg,38.4,72.576,66.304,112,chair
000830.jpg,64.512,67.456,89.088,104.832,chair
000830.jpg,64,60.8,81.408,79.488,chair
006911.jpg,54.5816326530612,18.4,77.6632653061225,78.6666666666667,person
006911.jpg,20.0918367346939,32.8,102.602040816327,107.733333333333,horse
004825.jpg,16.256,3.072,111.488,128,pottedplant
002448.jpg,54.2111650485437,24.8,83.3131067961165,74.9333333333333,person
002448.jpg,20.3470873786408,38.9333333333333,104.742718446602,116,horse
009153.jpg,16.768,27.392,112,128,person
004433.jpg,32.9649122807018,89.6,107.245614035088,128,dog
004433.jpg,51.7894736842105,19.968,86.1315789473684,104.704,person
004433.jpg,45.4298245614035,20.224,63.2368421052632,39.424,person
004433.jpg,76.9736842105263,3.84,94.2719298245614,29.44,pottedplant
002265.jpg,21.7552552552553,9.984,74.0825825825826,128,person
002265.jpg,39.6231231231231,53.76,101.905405405405,89.344,bird
008232.jpg,89.088,88.192,98.304,111.232,person
008232.jpg,96.256,87.68,103.936,112,person
008232.jpg,28.672,87.68,40.192,111.744,person
008232.jpg,108.544,89.472,120.576,111.232,person
008232.jpg,56.32,55.168,64.512,65.408,person
008232.jpg,15.104,53.376,21.248,80.256,person
008232.jpg,42.752,56.704,107.008,78.72,car
008232.jpg,17.152,54.144,70.144,75.136,car
003855.jpg,62.208,51.584,99.584,74.624,motorbike
003855.jpg,67.584,42.88,84.736,69.504,person
003855.jpg,8.192,44.416,24.832,69.76,person
003855.jpg,39.936,46.464,56.576,70.528,person
003855.jpg,33.28,57.984,60.16,73.6,bicycle
003855.jpg,4.096,55.424,26.624,71.808,bicycle
003855.jpg,78.336,24.704,90.112,30.848,bicycle
003855.jpg,51.456,26.496,62.72,32.896,bicycle
003855.jpg,79.616,18.816,88.064,28.8,person
003855.jpg,53.248,19.328,60.928,31.104,person
001314.jpg,17.408,22.0105105105105,94.464,103.947447447447,cat
002896.jpg,47.744,18.176,80.768,128,bird
001682.jpg,0.768,43.451951951952,95.232,106.5,person
001682.jpg,8.704,24.3078078078078,128,105.734234234234,person
001682.jpg,77.312,36.8153153153153,128,102.160660660661,bottle
000192.jpg,29.696,32.384,91.136,112,person
000192.jpg,0.512,70.272,12.544,112,chair
004897.jpg,46.336,71.53003003003,61.952,106.5,person
004897.jpg,0.256,69.487987987988,7.168,101.13963963964,person
004897.jpg,62.208,75.6141141141141,71.424,106.5,person
006912.jpg,0.512,34.944,128,112,diningtable
006912.jpg,113.408,31.104,128,71.04,person
006912.jpg,60.16,16.256,68.352,37.504,bottle
006912.jpg,0.256,35.2,23.808,52.352,chair
008186.jpg,0.512,8.52031602708804,123.904,120.244920993228,dog
006458.jpg,50.176,39.796178343949,126.208,93.0445859872611,car
006458.jpg,6.656,52.0254777070064,60.16,91.515923566879,car
006828.jpg,15.616,17.1760563380282,56.064,101.612676056338,bottle
008197.jpg,115.456,68.9477611940299,127.232,79.0970149253731,car
008197.jpg,101.888,68.6940298507463,105.472,72.5,car
008197.jpg,96.256,67.6791044776119,101.632,73.0074626865672,car
008197.jpg,93.44,69.2014925373134,99.072,73.0074626865672,car
008197.jpg,86.016,66.410447761194,93.696,74.0223880597015,car
007873.jpg,0.256,55.168,124.672,108.16,sofa
002214.jpg,93.44,43.648,128,79.488,bus
002214.jpg,48.896,36.48,82.688,87.68,train
002214.jpg,48.128,54.144,51.968,74.112,person
002214.jpg,98.304,62.336,102.912,68.736,person
001475.jpg,12.544,57.1381215469613,128,110,motorbike
001475.jpg,60.16,38.0773480662983,112.128,107.966850828729,person
006387.jpg,53.504,71.2010676156584,64.768,84.5925266903915,bicycle
006387.jpg,53.248,62.3576512455516,60.928,81.0551601423488,person
002276.jpg,14.08,35.7942942942943,112.384,104.713213213213,bird
001312.jpg,0.256,16.256,122.88,97.408,cow
001771.jpg,15.616,29.568,48.128,71.808,chair
001771.jpg,58.368,16.512,86.016,46.72,chair
001771.jpg,90.88,33.152,126.976,71.808,chair
000312.jpg,0.768,22.0074626865672,128,106.246268656716,train
002454.jpg,25.6,40.0778443113772,67.328,72.3982035928144,car
001944.jpg,8.192,30.592,118.784,109.696,car
001944.jpg,69.888,31.616,128,86.656,car
001944.jpg,112.128,35.712,128,44.416,car
001944.jpg,65.792,30.592,85.504,52.096,person
001944.jpg,62.464,30.592,71.424,45.184,person
001944.jpg,0.256,33.92,8.96,78.208,person
001944.jpg,113.92,87.68,128,112,chair
004910.jpg,27.1156156156156,46.592,99.6081081081081,100.864,bus
006611.jpg,42.2409638554217,34.56,78.6746987951807,100.608,horse
006611.jpg,67.7951807228916,60.672,96.6385542168675,97.792,person
006766.jpg,25.6,89.984,127.744,107.392,bus
006766.jpg,119.296,104.064,128,112,car
006766.jpg,114.176,103.296,121.6,107.136,car
006766.jpg,76.288,102.784,121.6,112,car
006766.jpg,67.328,95.104,113.152,111.232,car
006766.jpg,53.76,104.064,70.912,112,car
006766.jpg,14.848,104.32,59.136,112,car
006766.jpg,47.36,104.832,52.992,109.44,car
006766.jpg,1.536,105.6,25.344,112,car
006766.jpg,0.256,104.576,8.448,112,car
006766.jpg,36.608,97.92,41.472,102.528,person
008960.jpg,112.64,68.9495412844037,124.416,91.0321100917431,person
008960.jpg,104.448,74.7874617737003,110.848,91.0321100917431,person
008960.jpg,86.272,73.0107033639144,92.672,91.539755351682,person
008960.jpg,80.64,73.7721712538226,86.272,92.5550458715596,person
008960.jpg,30.464,62.6039755351682,39.168,67.6804281345566,car
006304.jpg,82.176,71.7852852852853,91.392,85.8243243243243,boat
009597.jpg,11.008,42.112,117.76,88.192,train
006339.jpg,17.152,32.64,37.888,51.072,tvmonitor
006339.jpg,24.064,81.28,43.776,96.64,chair
006339.jpg,23.808,52.352,41.472,65.664,chair
006339.jpg,72.704,41.6,98.048,101.76,sofa
006339.jpg,72.704,58.496,94.976,76.928,person
006339.jpg,67.84,42.624,82.432,63.104,person
006339.jpg,20.736,48.768,46.848,66.944,person
006339.jpg,22.016,81.024,48.128,93.056,person
003809.jpg,27.392,54.1726726726727,124.16,91.4399399399399,car
001052.jpg,16.64,41.856,110.336,87.936,car
009197.jpg,26.624,39.7446808510638,119.552,107.148936170213,dog
009197.jpg,12.032,16.2553191489362,47.616,104.851063829787,person
009197.jpg,50.944,16.2553191489362,92.672,106.127659574468,person
002450.jpg,12.032,43.4468085106383,71.936,94,dog
002450.jpg,60.928,10.2553191489362,120.832,91.1914893617021,person
006473.jpg,57.088,37.5828877005348,107.776,73.144385026738,cat
006473.jpg,6.144,42.9171122994652,60.16,89.4010695187166,tvmonitor
006473.jpg,50.944,52.5695187165775,128,111.5,sofa
007493.jpg,60.16,53.376,125.184,112,person
007493.jpg,8.96,17.024,95.488,112,person
007493.jpg,92.416,84.864,128,112,chair
007493.jpg,0.256,64.896,5.632,90.496,bottle
009208.jpg,59.904,31.7102102102102,98.048,106.5,person
009208.jpg,0.256,32.475975975976,63.744,99.3528528528529,horse
003308.jpg,60.544,14.848,81.792,26.624,cat
003308.jpg,18.816,70.912,62.336,128,chair
004785.jpg,14.336,46.6163141993958,121.6,106,diningtable
004785.jpg,103.424,58.2900302114804,125.696,98.1329305135952,chair
004785.jpg,90.88,44.5861027190332,107.008,77.5770392749245,chair
004785.jpg,87.296,41.2870090634441,97.28,65.1419939577039,chair
004785.jpg,80.896,39.0030211480363,89.088,57.0211480362538,chair
004785.jpg,51.2,36.2114803625378,67.328,47.1238670694864,chair
004785.jpg,29.952,40.5256797583082,36.608,57.7824773413897,chair
004785.jpg,23.552,42.5558912386707,34.816,66.6646525679758,chair
004785.jpg,17.408,45.8549848942598,32.256,80.1148036253776,chair
004785.jpg,3.84,60.0664652567976,23.808,103.462235649547,chair
004785.jpg,0.256,42.5558912386707,13.312,62.3504531722054,chair
004785.jpg,32.768,33.9274924471299,46.336,49.1540785498489,chair
003256.jpg,40.192,38.016,83.712,55.424,car
003256.jpg,62.464,74.112,69.888,84.096,bird
005020.jpg,69.12,62.336,111.616,75.904,car
009481.jpg,53.76,94.592,92.416,112,chair
009481.jpg,101.632,77.696,128,112,chair
009481.jpg,2.048,76.928,34.304,112,chair
009481.jpg,81.152,69.504,99.328,101.248,chair
009481.jpg,67.328,63.104,70.144,73.6,bottle
009481.jpg,60.16,66.432,63.744,77.44,bottle
009481.jpg,8.448,56.96,48.64,111.744,person
009481.jpg,78.592,53.376,126.464,107.136,person
009481.jpg,72.704,50.304,98.048,106.624,person
009481.jpg,55.808,52.608,76.288,98.432,person
009481.jpg,29.696,47.744,51.968,103.296,person
009481.jpg,10.24,42.112,18.688,49.28,tvmonitor
003300.jpg,84.48,63.616,115.2,90.496,sofa
003300.jpg,21.76,61.568,44.288,75.904,sofa
003300.jpg,20.992,72.064,49.92,101.248,sofa
003300.jpg,58.112,86.144,120.576,112,diningtable
003300.jpg,104.448,77.696,123.136,96.384,chair
003300.jpg,55.296,76.672,69.888,91.008,chair
003300.jpg,49.408,87.68,68.608,112,chair
003300.jpg,58.88,53.888,71.424,64.64,tvmonitor
009215.jpg,19.968,54.4,102.912,111.488,pottedplant
009215.jpg,77.824,39.04,128,103.04,pottedplant
002433.jpg,3.84,44.416,26.88,90.24,person
002433.jpg,0.256,42.368,83.968,112,person
002433.jpg,77.312,26.752,128,112,person
002433.jpg,122.624,29.312,128,63.104,person
002433.jpg,120.576,21.888,126.976,29.312,person
009476.jpg,12.032,42.07,122.624,83.89,aeroplane
004866.jpg,28.416,40.832,60.672,65.152,cat
004866.jpg,15.616,43.392,96.256,112,cat
006210.jpg,103.168,39.552,128,81.28,car
006210.jpg,95.744,50.304,109.056,68.736,car
006210.jpg,58.112,43.904,76.288,71.552,person
008316.jpg,37.888,21.7552552552553,128,106.244744744745,train
008865.jpg,69.632,62.4730538922156,128,98.6107784431138,person
008865.jpg,39.68,69.0898203592815,128,106.5,sofa
009614.jpg,1.792,53.632,48.128,71.808,car
009614.jpg,81.152,54.144,127.744,71.296,car
009614.jpg,109.824,57.728,128,74.112,car
009614.jpg,38.144,55.936,51.968,69.76,car
009614.jpg,61.696,44.928,109.824,81.28,person
009614.jpg,13.056,66.944,62.208,97.664,person
004279.jpg,66.816,58.496,73.984,85.632,bottle
004279.jpg,1.024,32.64,43.776,112,person
004279.jpg,19.2,30.848,49.408,100.224,person
004279.jpg,40.448,33.408,86.784,71.296,person
004279.jpg,76.544,29.056,98.048,81.28,person
004279.jpg,91.648,37.248,128,111.232,person
004279.jpg,33.792,93.568,115.456,112,diningtable
004279.jpg,38.656,65.152,96.512,94.08,diningtable
000093.jpg,44.8,52.7109144542773,88.064,85.4365781710914,dog
000093.jpg,13.568,21.7610619469027,128,106.746312684366,chair
009136.jpg,7.168,57.472,41.728,112,chair
009136.jpg,116.736,56.704,128,112,chair
009136.jpg,29.184,33.664,91.648,112,person
008051.jpg,33.536,44.16,91.648,112,bird
005497.jpg,22.0089820359281,42.752,106.5,128,dog
006965.jpg,40.704,33.408,61.952,76.16,boat
006965.jpg,65.28,67.712,128,111.744,boat
006965.jpg,55.552,67.712,110.08,111.488,person
006965.jpg,53.76,61.312,61.952,69.248,person
006965.jpg,43.776,62.336,48.384,69.248,person
006965.jpg,49.152,63.36,53.76,70.016,person
001766.jpg,100.864,23.168,108.032,41.088,person
001766.jpg,92.416,18.048,97.536,39.296,person
001766.jpg,87.552,18.048,92.672,37.76,person
001766.jpg,71.168,16.512,78.848,33.92,person
001766.jpg,64,16.256,69.376,30.848,person
001766.jpg,29.952,34.432,48.128,61.312,person
001766.jpg,56.832,37.504,69.12,60.288,person
001766.jpg,6.912,77.44,25.344,100.224,person
001766.jpg,14.336,95.104,32.256,112,person
001766.jpg,46.336,41.856,86.272,89.728,horse
001766.jpg,28.416,38.272,54.528,82.304,horse
001766.jpg,0.256,77.184,55.296,112,horse
001766.jpg,30.976,92.8,58.112,112,horse
002152.jpg,72.704,50.176,102.4,72.704,cow
004287.jpg,0.512,13.255,128,115,person
004287.jpg,19.2,33.655,96.256,115,cat
008576.jpg,53.248,27.9752747252747,87.808,110.5,person
008576.jpg,87.552,48.4148351648352,116.224,110.5,person
008576.jpg,32,50.4587912087912,62.464,110.5,person
008576.jpg,2.56,68.0879120879121,29.952,110.5,person
005190.jpg,32.768,22.4,114.432,112,person
005190.jpg,0.256,50.048,32.256,94.592,pottedplant
003638.jpg,29.696,87.68,45.824,111.744,chair
003638.jpg,0.256,85.888,29.184,111.488,diningtable
003638.jpg,87.04,60.544,95.488,80.512,person
003638.jpg,52.736,54.656,66.816,105.6,person
003638.jpg,51.968,49.28,92.416,111.232,person
003638.jpg,82.688,57.216,128,112,person
000700.jpg,3.072,78.6771771771772,14.336,85.8243243243243,car
000700.jpg,0.256,76.8903903903904,4.096,88.8873873873874,car
000700.jpg,102.912,79.442942942943,109.056,82.506006006006,car
000700.jpg,110.08,78.9324324324324,118.528,82.506006006006,car
000700.jpg,36.096,82.2507507507508,57.088,91.9504504504505,car
000700.jpg,32,84.2927927927928,122.112,106.5,car
000700.jpg,58.624,78.9324324324324,66.816,82.7612612612613,car
009411.jpg,15.872,44.672,118.528,101.76,car
009411.jpg,108.544,54.4,116.736,64.896,person
002278.jpg,2.048,35.456,124.416,95.872,bus
000329.jpg,74.496,75.3588588588589,81.408,80.9744744744745,car
000329.jpg,56.064,77.6561561561562,61.696,81.9954954954955,car
000329.jpg,66.304,75.6141141141141,70.144,78.6771771771772,car
008106.jpg,59.008,48.384,84.096,90.88,chair
008106.jpg,87.68,56.832,109.952,98.56,chair
008106.jpg,89.728,59.392,94.336,66.304,pottedplant
008106.jpg,16.512,107.008,41.088,128,chair
000034.jpg,47.6444444444445,42.752,110,102.4,train
000034.jpg,54.0333333333333,39.168,103.1,58.624,train
000545.jpg,53.888,37.376,84.864,128,person
000545.jpg,89.472,44.288,100.48,64,person
000545.jpg,96.64,44.032,102.016,63.744,person
000545.jpg,52.864,44.544,59.776,62.464,person
000545.jpg,47.488,44.544,50.816,51.2,person
000545.jpg,28.8,44.544,32.128,52.736,person
000545.jpg,42.368,45.568,49.024,50.176,car
005794.jpg,0.256,63.616,37.12,107.392,sofa
005794.jpg,21.248,58.752,71.936,100.48,chair
005794.jpg,67.328,54.912,88.064,69.248,diningtable
005794.jpg,82.176,53.376,91.648,71.04,chair
005794.jpg,76.544,51.328,85.76,68.48,chair
005794.jpg,71.168,54.144,82.688,72.832,chair
005794.jpg,6.4,27.776,32,48.768,pottedplant
005794.jpg,33.792,84.864,53.504,97.664,cat
005794.jpg,105.472,30.08,128,53.888,pottedplant
007424.jpg,23.04,37.0705705705706,115.456,90.4189189189189,car
002886.jpg,1.024,31.104,71.68,111.232,person
002886.jpg,61.44,43.392,90.88,110.976,person
002886.jpg,67.072,36.224,110.848,112,person
002886.jpg,83.712,34.944,127.488,111.232,person
007753.jpg,0.512,16.256,128,111.744,cat
006536.jpg,28.625748502994,49.664,106.5,128,person
004121.jpg,4.864,60.9638554216867,27.648,88.5421686746988,pottedplant
004121.jpg,56.32,45.2771084337349,88.832,83.2289156626506,person
004121.jpg,41.984,57.9277108433735,58.112,77.4096385542169,person
007343.jpg,7.168,14.253807106599,128,114,cat
009375.jpg,42.624,36.096,61.568,60.928,cow
009375.jpg,48.768,37.376,53.12,48.128,bottle
009375.jpg,48.768,23.552,79.232,97.28,person
005906.jpg,29.184,45.184,48.128,72.576,bus
005906.jpg,59.392,59.52,65.792,75.392,person
005906.jpg,91.648,49.536,102.4,81.792,person
002024.jpg,86.272,47.744,128,85.888,bus
002024.jpg,26.624,38.528,87.808,93.056,bus
002024.jpg,0.256,43.904,18.176,92.032,bus
002024.jpg,44.544,56.96,52.992,66.944,person
006674.jpg,32.3734939759036,14.848,85.2530120481928,128,cat
006948.jpg,32.256,92.288,50.944,112,bottle
006948.jpg,46.592,17.024,128,112,person
006948.jpg,0.512,23.68,43.52,112,person
006948.jpg,62.208,74.88,73.728,83.072,person
006948.jpg,43.52,71.04,60.416,96.128,person
006295.jpg,9.728,47.488,43.776,72.576,horse
006295.jpg,86.272,40.832,114.432,63.616,horse
006295.jpg,50.688,42.368,94.72,67.712,horse
000019.jpg,59.136,38.528,123.648,81.536,cat
000019.jpg,2.816,44.928,68.096,82.304,cat
006868.jpg,20.224,63.36,87.296,111.232,car
006868.jpg,0.256,64.384,10.752,102.272,car
006868.jpg,13.312,65.408,43.008,82.304,car
006868.jpg,11.52,63.872,31.232,72.576,car
006868.jpg,60.16,62.336,83.2,111.232,person
006424.jpg,51.968,62.08,126.976,112,sofa
006424.jpg,0.256,89.728,55.552,112,chair
009202.jpg,40.9260869565217,30.4,101.660869565217,119.2,horse
009202.jpg,49.4130434782609,6.66666666666667,88.1347826086957,78.1333333333333,person
009336.jpg,15.616,35.968,101.376,99.968,car
009336.jpg,116.736,53.376,121.6,70.784,car
009336.jpg,29.184,52.352,32.768,60.544,person
009336.jpg,18.432,52.352,29.696,66.432,person
006418.jpg,0.256,21.7552552552553,122.624,106.5,bicycle
005588.jpg,38.4,73.088,68.096,95.616,car
007289.jpg,0.256,40.6441441441441,40.704,58.2567567567568,boat
007289.jpg,7.168,46.0045045045045,111.36,96.8003003003003,boat
008132.jpg,37.376,57.728,50.176,67.2,aeroplane
008132.jpg,90.368,85.888,124.672,112,person
008132.jpg,64.256,85.12,91.136,112,person
008132.jpg,44.544,92.032,66.048,112,person
008132.jpg,30.208,98.432,37.376,101.76,aeroplane
008132.jpg,13.824,99.456,20.224,102.784,aeroplane
002099.jpg,0.256,39.552,128,100.736,aeroplane
005605.jpg,53.504,51.328,73.984,68.48,tvmonitor
005605.jpg,97.536,73.088,128,108.672,chair
005605.jpg,88.064,96.128,128,112,chair
005605.jpg,0.256,82.048,19.712,112,sofa
005605.jpg,77.312,32.384,91.648,84.096,pottedplant
005605.jpg,23.296,68.224,32.768,84.096,pottedplant
005605.jpg,19.456,75.904,27.392,82.048,pottedplant
005605.jpg,17.408,63.104,26.624,72.832,pottedplant
005605.jpg,36.864,57.728,41.472,71.296,pottedplant
005605.jpg,26.624,59.776,35.84,71.04,pottedplant
005605.jpg,6.656,55.936,10.496,73.6,pottedplant
005605.jpg,91.648,55.168,107.776,78.464,chair
005605.jpg,89.6,53.12,101.632,59.52,tvmonitor
005605.jpg,82.688,65.408,91.136,83.84,pottedplant
005605.jpg,114.176,66.944,116.224,73.088,bottle
005605.jpg,115.968,67.2,118.016,72.32,bottle
005605.jpg,112.64,59.776,114.432,65.92,bottle
005605.jpg,114.432,59.776,116.224,65.664,bottle
005605.jpg,112.384,67.456,114.432,72.832,bottle
005605.jpg,111.616,53.632,113.408,59.52,bottle
005605.jpg,113.408,53.376,115.2,59.008,bottle
005605.jpg,115.2,53.632,116.992,58.752,bottle
005605.jpg,116.992,53.632,118.016,58.752,bottle
005605.jpg,115.968,59.52,117.248,65.664,bottle
008607.jpg,1.28,42.368,78.592,96.64,cow
008607.jpg,49.92,43.392,112.64,103.04,cow
001097.jpg,0.256,38.8053892215569,23.808,106.5,person
001097.jpg,8.448,43.8952095808383,48.384,106.5,person
001097.jpg,44.544,70.1077844311377,68.608,106.5,person
001097.jpg,66.56,51.7844311377246,110.08,106.245508982036,person
001097.jpg,87.808,31.4251497005988,128,106.5,person
001043.jpg,15.616,23.7972972972973,123.392,100.373873873874,cat
003539.jpg,19.968,54.144,54.528,105.344,motorbike
003539.jpg,76.288,52.864,106.752,103.296,motorbike
003539.jpg,108.032,47.488,126.208,75.136,motorbike
003539.jpg,75.264,35.2,110.592,96.896,person
003539.jpg,20.992,32.384,57.856,99.712,person
003539.jpg,105.472,35.968,118.016,67.456,person
000380.jpg,0.768,22.521021021021,127.744,105.98948948949,bicycle
006475.jpg,93.6897506925208,97.792,110,128,bird
006475.jpg,52.9141274238227,97.024,84.005540166205,128,bird
006475.jpg,39.6620498614958,86.272,63.617728531856,114.944,bird
006475.jpg,54.4432132963989,2.048,102.609418282548,111.616,person
007615.jpg,76.032,27.008,109.568,109.44,bird
007615.jpg,36.096,56.96,74.496,112,bird
007166.jpg,37.8363363363363,33.28,94.7582582582583,100.608,dog
007166.jpg,22.0105105105105,23.296,106.5,87.296,dog
007166.jpg,65.9144144144144,14.08,102.415915915916,47.616,tvmonitor
008438.jpg,55.04,56.46996996997,96.512,94.7582582582583,bird
008336.jpg,57.344,78.976,60.416,81.792,car
008336.jpg,65.024,80.256,67.84,82.56,car
008336.jpg,68.608,79.232,75.008,85.632,car
008336.jpg,69.632,81.792,78.336,88.96,car
008336.jpg,76.032,79.488,97.28,100.48,car
008727.jpg,16.768,63.744,112,128,car
004777.jpg,45.568,39.3253164556962,111.872,105.550632911392,dog
005160.jpg,0.256,59.52,43.776,111.488,chair
005160.jpg,44.8,53.12,60.16,71.552,chair
005160.jpg,83.456,51.072,98.816,67.456,chair
005160.jpg,63.744,66.176,100.096,112,chair
005160.jpg,85.504,59.776,107.52,111.488,chair
005160.jpg,101.632,49.792,108.544,60.544,chair
005160.jpg,8.192,59.52,101.12,111.488,diningtable
005160.jpg,105.984,51.84,127.744,74.112,diningtable
005160.jpg,0.256,33.408,24.064,60.544,tvmonitor
005160.jpg,76.288,31.872,91.392,64.128,person
005160.jpg,0.768,16.256,15.872,33.408,pottedplant
005160.jpg,55.04,56.96,74.24,75.392,pottedplant
005160.jpg,30.208,68.992,36.096,88.96,bottle
002411.jpg,33.024,57.728,76.8,82.304,car
008312.jpg,25.216,36.608,84.096,112.64,motorbike
008312.jpg,60.288,20.224,103.296,102.656,person
005328.jpg,38.4,57.728,53.76,75.392,bird
008602.jpg,0.256,22.144,83.712,70.016,sofa
008602.jpg,0.256,39.296,31.232,100.736,person
008602.jpg,38.4,52.864,75.52,111.744,person
008602.jpg,70.656,35.968,128,112,person
001408.jpg,50.5990990990991,62.72,66.9354354354354,114.688,bottle
001408.jpg,35.7942942942943,27.392,80.2087087087087,99.072,person
001408.jpg,26.6051051051051,17.408,34.2627627627628,42.752,bottle
001408.jpg,75.1036036036036,0.256,106.5,27.648,person
001408.jpg,42.9414414414414,22.272,106.5,93.696,person
001408.jpg,51.8753753753754,0.256,68.466966966967,33.28,pottedplant
002064.jpg,5.12,31.616,120.832,100.736,bicycle
002064.jpg,14.848,88.96,115.456,112,diningtable
002064.jpg,104.96,84.864,121.6,112,chair
002064.jpg,3.072,86.912,17.152,112,chair
002064.jpg,3.072,75.904,28.416,97.408,chair
007775.jpg,27.4285714285714,22.784,78.984126984127,72.704,dog
006549.jpg,61.056,5.12,79.232,17.408,boat
000776.jpg,4.352,45.13,123.136,87.715,car
003788.jpg,41.984,59.5782918149466,81.92,95.7099644128114,cat
003788.jpg,0.256,28.7526690391459,128,99.5,chair
008351.jpg,34.816,63.1066066066066,96.512,90.4189189189189,train
004683.jpg,5.632,16.512,109.056,90.496,cat
008306.jpg,41.216,50.8395061728395,116.736,95.8888888888889,boat
008306.jpg,34.56,50.0802469135803,44.544,57.1666666666667,boat
008236.jpg,50.944,55.936,64.768,65.152,aeroplane
008236.jpg,56.32,64.128,68.608,74.112,aeroplane
004986.jpg,52.608,74.496,61.568,78.848,chair
004986.jpg,51.84,78.08,63.36,100.352,chair
006530.jpg,10.24,61.056,49.152,88.192,chair
006530.jpg,55.296,62.08,128,100.48,sofa
006530.jpg,62.464,83.072,128,112,chair
006530.jpg,12.032,58.752,19.712,69.248,chair
006530.jpg,0.768,59.008,10.496,80.256,chair
006530.jpg,15.104,56.704,21.76,60.8,chair
008862.jpg,51.0566037735849,49.8666666666667,78.5283018867925,118.666666666667,horse
008862.jpg,51.5849056603774,24,83.0188679245283,85.3333333333333,person
006089.jpg,38.912,49.28,76.288,81.28,car
004968.jpg,33.4893617021277,0.512,106,120.32,horse
004968.jpg,65.1489361702128,49.408,106,110.336,person
000448.jpg,31.488,49.024,119.04,112,diningtable
000448.jpg,58.624,30.592,80.384,58.752,person
000448.jpg,43.776,37.76,56.576,54.912,person
000448.jpg,22.528,34.176,36.352,44.672,person
000448.jpg,2.816,47.744,48.64,112,person
000448.jpg,12.032,39.552,57.6,89.216,person
000448.jpg,1.28,34.432,13.056,62.592,person
000448.jpg,64.256,32.64,91.392,64.128,person
000448.jpg,85.76,36.736,108.032,71.552,person
000448.jpg,88.32,43.392,128,102.528,person
000448.jpg,71.424,73.856,110.848,112,person
003057.jpg,42.368,27.648,92.288,109.056,motorbike
003057.jpg,42.368,26.112,95.36,100.096,person
003057.jpg,16.768,30.976,52.864,57.344,car
004379.jpg,41.472,62.336,78.08,74.368,aeroplane
006515.jpg,6.656,32.896,120.32,97.92,bicycle
000450.jpg,25.728,9.216,99.2,109.056,train
006772.jpg,62.208,34.2908309455587,107.264,108.5,person
006772.jpg,22.528,37.3510028653295,69.12,108.5,person
006760.jpg,52.224,38.5989304812834,85.504,82.0347593582888,cat
006760.jpg,115.2,60.951871657754,128,111.5,tvmonitor
006760.jpg,0.512,17.0080213903743,64.768,70.096256684492,tvmonitor
002494.jpg,2.56,21.888,128,111.744,cow
001938.jpg,0.768,16.768,128,112,person
008385.jpg,17.2547425474255,96.768,100.30081300813,128,diningtable
008385.jpg,43.4932249322493,50.176,94.6964769647697,116.224,person
008385.jpg,85.5257452574526,81.408,107.178861788618,128,chair
002917.jpg,105.984,39.296,128,64.896,car
002917.jpg,18.688,38.784,120.832,96.128,car
002917.jpg,12.288,40.576,41.728,52.352,car
002917.jpg,2.048,43.904,11.008,51.328,car
007419.jpg,44.032,32.896,122.624,102.784,cat
000500.jpg,75.264,61.312,111.616,112,bicycle
000500.jpg,22.528,29.056,55.808,112,person
000500.jpg,73.728,34.432,82.176,50.56,person
000500.jpg,59.136,34.176,64.768,50.56,person
000500.jpg,51.2,37.76,56.576,46.464,person
000500.jpg,47.872,35.456,51.2,41.856,person
000500.jpg,24.832,35.2,31.488,45.184,person
000500.jpg,19.456,34.944,25.088,43.392,person
004143.jpg,37.376,33.408,112.896,105.856,bird
007688.jpg,1.024,25.472,128,111.488,motorbike
005408.jpg,27.84,52.16,107.2,102.08,dog
005208.jpg,28.416,61.3198198198198,59.136,106.5,person
004992.jpg,13.824,30.592,122.88,91.264,dog
005389.jpg,7.40740740740741,40.3934426229508,121.481481481481,89.3770491803279,train
001928.jpg,1.792,20.992,103.424,107.264,motorbike
002208.jpg,34.56,39.552,128,108.416,boat
002208.jpg,0.256,37.504,88.832,77.952,boat
006140.jpg,46.336,69.7432432432432,126.72,106.5,diningtable
006140.jpg,70.4,59.533033033033,86.528,77.6561561561562,person
006140.jpg,88.064,60.5540540540541,104.448,83.0165165165165,person
006140.jpg,99.072,59.0225225225225,128,95.7792792792793,person
006140.jpg,1.28,22.2657657657658,52.48,106.5,person
006140.jpg,45.568,45.7492492492492,61.696,69.9984984984985,person
006140.jpg,18.432,35.2837837837838,46.848,73.5720720720721,person
004169.jpg,21.7552552552553,5.632,104.202702702703,128,person
004269.jpg,0.256,38.1927710843374,71.424,106,person
004269.jpg,76.8,32.1204819277108,128,106,person
002004.jpg,25.472,28.416,64.64,70.4,tvmonitor
002004.jpg,68.224,40.192,98.432,77.056,tvmonitor
002004.jpg,17.28,71.424,42.368,107.264,tvmonitor
002621.jpg,41.472,31.616,125.44,94.592,bird
002621.jpg,83.2,16.512,121.6,43.648,bird
000225.jpg,32,46.0045045045045,90.88,88.6321321321321,sheep
000225.jpg,0.512,27.1156156156156,12.032,42.1756756756757,sheep
003536.jpg,28.416,41.6,128,112,dog
003536.jpg,0.256,41.088,47.36,112,person
001017.jpg,49.0675675675676,81.92,68.9774774774775,116.736,motorbike
001017.jpg,43.1966966966967,52.48,72.2957957957958,104.448,person
000632.jpg,72.192,61.056,89.856,81.28,tvmonitor
000632.jpg,74.496,86.4,128,112,sofa
000632.jpg,15.616,58.752,45.568,101.76,chair
009259.jpg,54.016,46.515015015015,75.52,70.509009009009,person
009259.jpg,42.752,52.3858858858859,86.784,80.7192192192192,motorbike
003847.jpg,52.224,54.656,128,112,person
003847.jpg,0.256,31.104,53.504,112,person
006800.jpg,37.888,57.984,45.056,65.92,bird
006800.jpg,44.8,44.16,54.528,67.712,bird
006800.jpg,67.84,64.128,75.52,67.968,bird
006800.jpg,72.448,64.384,96,112,person
006800.jpg,92.416,67.2,110.592,112,person
006800.jpg,102.912,57.984,128,112,person
008811.jpg,0.768,30.336,128,112,bicycle
000710.jpg,52.608,45.312,73.6,69.12,cat
000710.jpg,64.128,46.592,93.568,118.784,chair
000710.jpg,25.216,93.952,87.68,128,chair
000710.jpg,40.32,33.024,50.816,63.744,pottedplant
003395.jpg,35.968,54.272,97.152,126.208,bicycle
003395.jpg,18.816,25.088,99.968,61.696,sofa
003395.jpg,36.992,34.816,98.432,96.768,person
008878.jpg,44.288,51.328,98.048,66.176,train
005998.jpg,5.12,27.3757225433526,123.392,103.167630057803,car
002786.jpg,20.48,46.5421686746988,89.088,90.8192771084337,horse
002786.jpg,51.456,35.1566265060241,66.048,73.1084337349398,person
001147.jpg,4.864,22.0105105105105,127.232,106.5,person
005397.jpg,80.64,60.032,128,112,sofa
005397.jpg,42.24,57.728,64.256,91.52,chair
005397.jpg,63.744,60.544,84.48,90.24,chair
005397.jpg,60.16,55.424,77.056,65.92,chair
000211.jpg,12.288,83.072,62.464,105.344,cow
001630.jpg,22.656,3.584,29.824,29.184,person
001630.jpg,64.64,6.912,84.608,54.784,person
001630.jpg,34.944,24.32,67.2,91.648,person
001630.jpg,55.68,50.176,103.808,128,person
001630.jpg,101.248,8.192,111.488,65.28,person
001630.jpg,37.76,59.136,67.2,109.568,bicycle
001630.jpg,54.144,91.648,103.04,128,bicycle
007921.jpg,14.848,81.792,59.904,105.856,car
007003.jpg,48.128,71.296,83.712,89.472,bus
007003.jpg,0.256,77.952,21.248,102.272,car
007003.jpg,9.728,81.536,60.16,112,car
007003.jpg,50.176,81.536,80.128,108.928,car
007003.jpg,101.376,86.656,128,110.208,car
005868.jpg,4.864,50.304,124.928,98.944,car
007465.jpg,0.256,19.072,127.488,111.488,tvmonitor
007093.jpg,19.456,34.944,82.688,92.544,person
007093.jpg,17.92,63.104,60.16,112,chair
007093.jpg,72.704,61.824,113.92,112,chair
000845.jpg,2.304,46.1119402985075,126.208,73.7686567164179,aeroplane
006751.jpg,63.232,51.3517350157729,116.224,95.8123028391167,bird
006751.jpg,23.296,33.4652996845426,61.696,60.294952681388,bird
002648.jpg,26.624,56.192,77.312,111.232,sheep
002648.jpg,61.184,53.888,89.6,73.6,sheep
002648.jpg,9.728,41.6,65.28,84.352,sheep
003449.jpg,0.768,21.12,30.976,95.872,tvmonitor
003449.jpg,48.64,77.696,72.448,91.264,bottle
003449.jpg,27.392,78.72,43.52,92.288,bottle
003449.jpg,96.512,16.512,128,38.784,tvmonitor
005826.jpg,19.968,56.704,33.792,89.216,person
002657.jpg,54.272,66.688,73.728,83.584,horse
002657.jpg,82.688,71.296,85.504,77.184,person
002657.jpg,68.608,106.368,75.776,112,person
001595.jpg,68.608,57.472,113.152,91.776,bus
001595.jpg,10.24,56.448,70.4,89.728,bus
002858.jpg,38.8573573573574,20.224,96.0345345345345,122.88,horse
002858.jpg,62.3408408408408,8.448,92.2057057057057,89.088,person
005161.jpg,84.224,43.392,96.256,75.392,person
005161.jpg,29.952,47.232,40.448,72.576,person
005161.jpg,13.824,48.512,23.296,71.04,person
005161.jpg,0.256,47.744,6.656,69.248,person
005161.jpg,45.568,45.952,55.04,71.808,person
005161.jpg,70.144,62.848,74.24,75.136,person
005161.jpg,126.208,61.824,128,78.72,person
005161.jpg,73.984,53.376,115.456,93.056,horse
005161.jpg,21.76,55.936,52.224,86.912,horse
005161.jpg,0.768,58.752,16.384,84.096,horse
005161.jpg,45.312,56.448,68.352,86.4,horse
005161.jpg,15.616,58.752,28.416,82.816,horse
002472.jpg,99.84,63.104,105.984,78.976,person
002472.jpg,108.032,61.312,113.408,79.232,person
002472.jpg,122.624,62.336,128,78.464,person
002472.jpg,91.392,65.408,96,77.952,person
002472.jpg,1.024,51.328,51.2,78.72,aeroplane
002472.jpg,34.816,53.376,98.304,76.16,aeroplane
005995.jpg,20.736,43.0671641791045,73.728,82.1417910447761,train
005995.jpg,2.048,66.9179104477612,7.168,78.3358208955224,train
006030.jpg,18.688,77.696,47.616,112,chair
006030.jpg,42.752,72.32,64.512,112,chair
006030.jpg,52.48,66.944,67.328,112,chair
006030.jpg,8.192,67.712,26.112,87.424,chair
006030.jpg,0.256,77.44,74.496,112,diningtable
008426.jpg,40.96,34.0552763819095,97.28,96.9899497487437,bird
008557.jpg,38.656,55.7537313432836,54.528,70.4701492537313,tvmonitor
008557.jpg,5.888,53.7238805970149,12.544,65.3955223880597,pottedplant
008557.jpg,4.352,60.3208955223881,8.192,65.9029850746269,pottedplant
008557.jpg,0.256,59.5597014925373,4.864,68.4402985074627,pottedplant
008557.jpg,9.216,65.6492537313433,15.616,74.2761194029851,pottedplant
008557.jpg,4.864,67.1716417910448,9.984,75.7985074626866,pottedplant
008557.jpg,1.28,67.6791044776119,5.632,76.8134328358209,pottedplant
008557.jpg,6.4,79.8582089552239,11.008,84.9328358208955,pottedplant
008557.jpg,8.448,74.5298507462687,15.36,83.1567164179105,pottedplant
008557.jpg,47.616,69.455223880597,114.176,106.246268656716,sofa
004352.jpg,1.28,40.576,126.208,110.72,dog
006864.jpg,86.016,21.7544910179641,128,104.209580838323,person
006864.jpg,60.672,23.0269461077844,97.28,93.5209580838323,person
006864.jpg,2.816,21.7544910179641,60.928,89.7035928143713,person
006864.jpg,49.664,21.7544910179641,58.368,50.2574850299401,person
003184.jpg,0.512,34.944,128,112,cat
003184.jpg,37.632,35.968,110.08,108.416,cat
001642.jpg,14.5314960629921,0.552915766738661,102.720472440945,128,dog
007940.jpg,23.04,20.096,98.048,112,person
009178.jpg,0.512,42.6861861861862,128,104.202702702703,car
004441.jpg,45.4572192513369,39.68,60.6978609625668,50.944,cow
000470.jpg,49.664,38.784,106.24,101.76,horse
000470.jpg,40.96,39.552,83.968,95.872,horse
000470.jpg,113.408,49.28,128,85.12,horse
000470.jpg,37.12,49.792,44.288,74.88,person
009945.jpg,124.416,67.2,128,70.016,sheep
009945.jpg,119.04,66.944,122.624,69.76,sheep
009945.jpg,99.584,67.712,112.64,75.904,sheep
009945.jpg,87.296,67.712,99.072,74.112,sheep
009945.jpg,83.968,66.688,88.32,68.992,sheep
009945.jpg,80.896,68.736,86.016,72.32,sheep
009945.jpg,70.912,67.712,80.896,73.6,sheep
009945.jpg,74.752,65.664,77.824,67.712,sheep
009945.jpg,69.888,68.224,73.728,70.272,sheep
009945.jpg,67.328,66.432,70.912,69.248,sheep
009945.jpg,60.16,68.224,69.888,74.112,sheep
009945.jpg,57.344,66.944,63.232,70.528,sheep
009945.jpg,44.544,65.408,49.152,67.968,sheep
009945.jpg,36.096,66.432,44.032,71.808,sheep
009945.jpg,23.552,66.944,33.792,74.624,sheep
009945.jpg,11.264,66.432,17.92,69.248,sheep
009945.jpg,7.424,65.92,11.776,68.736,sheep
009945.jpg,0.256,65.92,3.584,71.552,sheep
009945.jpg,1.024,63.872,4.864,65.92,sheep
009371.jpg,0.512,21.7552552552553,127.232,68.9774774774775,aeroplane
004283.jpg,55.168,0.256,112,127.744,motorbike
008720.jpg,45.2387387387387,60.16,85.3138138138138,98.816,cat
000477.jpg,0.256,37.8363363363363,7.68,64.8933933933934,bus
000477.jpg,7.68,46.7702702702703,15.616,58.7672672672673,bus
000477.jpg,16.128,55.1936936936937,20.224,60.8093093093093,car
000477.jpg,27.904,69.487987987988,30.976,85.0585585585586,bicycle
000477.jpg,25.6,54.6831831831832,35.072,81.9954954954955,person
000477.jpg,38.656,54.9384384384384,46.336,84.2927927927928,person
000477.jpg,45.824,55.4489489489489,49.408,74.3378378378378,person
000477.jpg,49.408,55.9594594594595,59.136,94.7582582582583,person
000477.jpg,58.624,56.7252252252252,65.024,87.3558558558559,person
000477.jpg,65.28,52.3858858858859,76.288,92.460960960961,person
000477.jpg,71.424,55.1936936936937,82.688,95.2687687687688,person
000477.jpg,77.056,54.6831831831832,86.784,102.160660660661,person
000477.jpg,81.408,51.3648648648649,92.672,106.5,person
000477.jpg,84.992,54.9384384384384,102.4,106.244744744745,person
000477.jpg,97.28,53.4069069069069,114.944,106.5,person
000477.jpg,109.312,53.4069069069069,128,106.5,person
007943.jpg,29.184,45.696,53.76,77.952,person
007943.jpg,43.52,42.368,90.112,112,person
007943.jpg,85.248,38.016,124.416,96.896,person
006267.jpg,21.504,61.0820895522388,100.864,97.8731343283582,dog
006267.jpg,25.6,39.7686567164179,58.88,71.7388059701493,dog
002255.jpg,28.1862244897959,32.2083333333333,100.757653061224,96.764880952381,aeroplane
009326.jpg,25.856,49.3228228228228,80.384,75.3588588588589,car
005489.jpg,64.512,63.8723723723724,84.224,73.3168168168168,car
005489.jpg,104.704,39.6231231231231,118.784,45.493993993994,car
008514.jpg,29.44,42.4309309309309,45.568,74.8483483483483,bicycle
008514.jpg,41.728,53.1516516516516,59.904,88.1216216216216,bicycle
008514.jpg,66.56,58.0015015015015,86.272,89.3978978978979,bicycle
008514.jpg,86.272,40.6441441441441,100.608,68.7222222222222,bicycle
008514.jpg,55.552,47.0255255255255,71.168,73.0615615615616,bicycle
008514.jpg,100.864,33.496996996997,110.336,54.6831831831832,bicycle
008514.jpg,85.504,25.3288288288288,108.032,63.6171171171171,person
008514.jpg,102.656,21.7552552552553,118.016,51.8753753753754,person
008514.jpg,65.536,40.6441441441441,90.624,83.0165165165165,person
008514.jpg,42.24,34.2627627627628,65.536,83.527027027027,person
008514.jpg,60.928,27.1156156156156,75.52,65.6591591591592,person
008514.jpg,71.936,23.2867867867868,85.248,46.0045045045045,person
008514.jpg,45.824,21.7552552552553,65.28,34.2627627627628,person
008514.jpg,32.512,27.3708708708709,56.32,58.2567567567568,person
008514.jpg,61.952,21.7552552552553,81.152,27.3708708708709,person
006850.jpg,25.1615384615385,10.24,70.6,83.968,person
006850.jpg,15.2615384615385,22.784,95.9846153846154,104.96,horse
009068.jpg,88.064,68.48,128,112,sofa
009068.jpg,33.536,71.552,75.008,102.272,chair
009068.jpg,1.28,75.392,19.712,92.544,chair
009068.jpg,72.704,56.96,111.872,101.76,person
009068.jpg,0.256,68.48,72.448,104.064,person
009068.jpg,81.92,62.336,94.464,77.44,pottedplant
006963.jpg,61.44,79.0996978851964,109.312,98.1329305135952,cat
006963.jpg,18.688,43.3172205438066,50.432,79.0996978851964,person
006963.jpg,65.536,51.6918429003021,86.272,74.2779456193354,person
006963.jpg,82.688,22.2537764350453,128,105.746223564955,chair
006963.jpg,69.12,50.9305135951662,85.76,67.6797583081571,sofa
009242.jpg,19.456,40.832,124.16,82.816,sofa
009242.jpg,68.096,36.992,108.544,70.784,person
009242.jpg,27.904,39.808,61.44,74.368,person
009242.jpg,43.776,60.288,49.152,75.392,bottle
009242.jpg,13.056,57.216,22.784,78.72,bottle
005743.jpg,36.2170542635659,46.6356589147287,109.147286821705,108.651162790698,dog
005743.jpg,0.992248062015504,42.6666666666667,128,112.62015503876,sofa
006291.jpg,104.704,23.1042780748663,127.744,111.5,cow
006291.jpg,77.056,23.3582887700535,123.904,102.101604278075,cow
006291.jpg,64.512,17.0080213903743,99.072,73.3983957219251,cow
006291.jpg,25.6,17.2620320855615,78.08,72.3823529411765,cow
006291.jpg,12.032,19.548128342246,42.496,70.096256684492,cow
006291.jpg,5.632,34.5347593582888,16.384,55.8716577540107,cow
006291.jpg,0.256,22.3422459893048,15.36,58.6657754010695,cow
000999.jpg,75.648,81.152,89.984,103.68,bottle
000999.jpg,16.512,4.096,87.68,128,person
002025.jpg,68.224,76.032,100.992,128,chair
002025.jpg,84.096,70.656,102.528,85.248,chair
002025.jpg,76.416,81.408,112,128,diningtable
006983.jpg,53.76,63.1066066066066,103.936,106.5,boat
006983.jpg,53.76,45.2387387387387,72.96,65.9144144144144,person
008171.jpg,11.008,72.576,24.832,97.152,chair
008171.jpg,22.016,71.296,33.536,92.544,chair
008171.jpg,0.256,75.648,23.04,95.872,diningtable
008171.jpg,97.28,40.576,126.72,108.672,pottedplant
008171.jpg,76.544,51.072,93.696,80.768,pottedplant
008171.jpg,30.208,44.672,86.528,112,person
002977.jpg,75.52,36.3128342245989,110.848,89.6550802139037,dog
002977.jpg,48.896,45.9652406417112,82.176,83.5588235294118,dog
000129.jpg,39.314371257485,51.712,86.3952095808383,128,bicycle
000129.jpg,85.377245508982,61.952,106.5,128,bicycle
000129.jpg,21.7544910179641,36.864,38.5508982035928,111.616,bicycle
000129.jpg,21.7544910179641,0.256,38.2964071856287,92.928,person
000129.jpg,40.3323353293413,0.256,90.7215568862275,118.272,person
000129.jpg,85.6317365269461,4.864,106.5,124.672,person
007375.jpg,5.888,24.96,128,112,aeroplane
007375.jpg,102.656,94.336,106.24,102.016,person
007375.jpg,122.112,94.08,125.184,101.504,person
007375.jpg,125.184,93.056,128,101.248,person
003344.jpg,35.584,55.4489489489489,106.24,92.2057057057057,car
003344.jpg,29.696,51.3648648648649,45.056,60.8093093093093,car
003344.jpg,15.104,44.2177177177177,30.464,92.460960960961,person
003344.jpg,54.528,44.472972972973,65.792,47.7912912912913,car
003344.jpg,62.72,44.2177177177177,74.496,47.7912912912913,car
003344.jpg,74.496,44.2177177177177,86.528,48.8123123123123,car
003344.jpg,82.688,44.2177177177177,91.648,48.8123123123123,car
003344.jpg,87.296,44.472972972973,98.816,48.8123123123123,car
003344.jpg,97.28,43.451951951952,111.872,50.0885885885886,car
003344.jpg,103.68,44.472972972973,115.456,49.8333333333333,car
003344.jpg,111.616,43.7072072072072,126.208,50.8543543543544,car
003344.jpg,121.088,44.2177177177177,128,51.1096096096096,car
001499.jpg,54.272,73.088,60.928,92.8,person
001499.jpg,74.752,81.28,77.824,85.888,person
001499.jpg,60.928,75.648,62.464,79.232,person
009600.jpg,25.6,60.544,92.928,101.248,bicycle
009600.jpg,36.352,35.456,85.76,91.264,person
005947.jpg,23.04,28.1366366366366,82.688,105.734234234234,sheep
002757.jpg,19.2,30.011811023622,119.552,109.699475065617,train
008530.jpg,0.256,29.6681681681682,83.712,106.5,dog
002589.jpg,44.8,60.8,72.96,103.04,chair
002589.jpg,58.56,37.44,72,58.88,chair
002589.jpg,48.96,45.76,58.56,61.76,chair
002589.jpg,0.32,51.84,35.52,100.8,sofa
002589.jpg,5.76,45.12,35.52,104,person
002589.jpg,66.56,62.4,111.68,112,person
002589.jpg,50.24,46.4,77.44,107.52,person
002589.jpg,72.32,31.68,101.12,91.84,person
002054.jpg,1.536,24.4347826086957,127.488,112.949275362319,train
005326.jpg,50.432,66.2978723404255,60.672,84.6808510638298,person
005326.jpg,87.296,60.936170212766,92.416,76,person
005326.jpg,112.64,62.7234042553191,115.968,69.6170212765958,person
005326.jpg,108.544,62.9787234042553,112.128,71.1489361702128,person
005326.jpg,101.632,63.2340425531915,105.472,67.063829787234,person
005326.jpg,15.36,72.936170212766,46.336,88.2553191489362,cow
005326.jpg,8.704,73.4468085106383,36.608,86.7234042553192,cow
005326.jpg,65.792,70.8936170212766,86.272,82.8936170212766,cow
005326.jpg,60.16,72.1702127659574,67.328,79.3191489361702,cow
005326.jpg,97.024,66.8085106382979,105.472,74.9787234042553,cow
005326.jpg,92.416,66.2978723404255,98.048,74.468085106383,cow
005326.jpg,105.728,65.2765957446809,109.312,71.1489361702128,cow
001795.jpg,45.568,52.096,77.056,87.936,person
008151.jpg,75.008,58.496,116.224,101.504,sofa
008151.jpg,0.512,69.504,69.12,110.72,sofa
008151.jpg,30.976,55.936,55.552,70.528,chair
003548.jpg,13.056,25.216,128,112,person
004673.jpg,13.312,60.8093093093093,40.704,100.118618618619,bicycle
004673.jpg,20.48,38.3468468468468,52.224,90.4189189189189,person
004135.jpg,8.96,52.3858858858859,116.224,84.0375375375375,aeroplane
004814.jpg,0.256,29.9234234234234,128,89.1426426426427,cat
003721.jpg,3.84,47.7912912912913,113.664,84.8033033033033,car
007662.jpg,18.2780748663102,52.736,44.6951871657754,125.184,bird
004360.jpg,26.0945945945946,16.64,106.5,128,person
004360.jpg,73.3168168168168,24.832,101.905405405405,67.072,person
003596.jpg,19.968,43.392,109.824,93.824,car
003596.jpg,59.648,34.432,73.216,40.576,car
003596.jpg,79.104,36.224,88.576,40.576,car
006609.jpg,54.784,55.936,128,112,dog
006609.jpg,0.256,19.84,128,112,person
007050.jpg,34.56,45.2387387387387,79.36,106.244744744745,cat
005583.jpg,53.12,56.32,61.568,80.896,person
003961.jpg,16.256,0.256,100.224,128,person
003645.jpg,43.008,59.1636363636364,50.944,73.6727272727273,horse
003645.jpg,65.536,54.3272727272727,73.728,68.3272727272727,horse
003645.jpg,43.776,51.0181818181818,52.224,67.3090909090909,person
003645.jpg,65.792,48.9818181818182,73.728,62.7272727272727,person
001221.jpg,48.3132530120482,25.856,88.7951807228916,98.56,train
001221.jpg,64.2530120481928,63.744,71.8433734939759,72.704,person
001221.jpg,54.6385542168675,69.12,58.1807228915663,72.448,person
005063.jpg,45.184,92.16,65.152,121.088,cow
005063.jpg,24.96,88.32,39.552,125.184,person
006909.jpg,0.256,17.792,124.16,112,aeroplane
007568.jpg,8.96,16.256,119.296,111.744,person
003984.jpg,35.072,23.7093023255814,128,81.2674418604651,cat
009039.jpg,54.784,85.888,87.04,98.688,aeroplane
009039.jpg,45.824,31.104,53.76,34.944,aeroplane
005331.jpg,40.7547169811321,37.8666666666667,98.8679245283019,119.466666666667,horse
005331.jpg,48.6792452830189,22.4,86.7169811320755,81.0666666666667,person
005331.jpg,44.188679245283,23.2,64.5283018867925,37.3333333333333,car
005331.jpg,30.9811320754717,24.5333333333333,43.6603773584906,36.8,car
005331.jpg,22.2641509433962,24.2666666666667,32.5660377358491,37.3333333333333,car
008001.jpg,50.176,30.9830028328612,68.096,50.8696883852691,car
008001.jpg,64.512,25.3739376770538,128,52.399433427762,car
008001.jpg,100.608,40.9263456090652,128,57.4985835694051,car
008001.jpg,13.312,43.4759206798867,117.248,90.8980169971671,car
008559.jpg,47.7912912912913,16.896,106.5,128,person
008559.jpg,21.7552552552553,35.84,42.4309309309309,120.576,person
000220.jpg,10.24,48.512,118.784,90.752,car
000220.jpg,109.312,45.184,128,58.752,car
000220.jpg,67.84,53.632,79.872,63.872,person
006222.jpg,52.352,13.568,79.232,30.208,bird
006222.jpg,51.84,87.552,71.296,109.568,bird
001543.jpg,0.256,55.936,29.952,80.768,tvmonitor
001543.jpg,74.752,60.032,128,105.6,sofa
002443.jpg,34.518018018018,44.8,106.5,100.608,dog
002443.jpg,22.2657657657658,34.56,94.503003003003,82.176,person
002735.jpg,22.2978723404255,44.8,96.434988179669,115.466666666667,horse
002735.jpg,43.7446808510638,21.8666666666667,75.7825059101655,72,person
002170.jpg,37.888,82.816,97.024,104.064,car
002170.jpg,96.768,78.976,128,96.896,car
002170.jpg,67.328,77.44,71.936,83.072,person
002170.jpg,13.824,76.416,20.992,98.432,person
003891.jpg,99.421686746988,63.232,106,86.784,person
003891.jpg,85.5060240963855,64.512,97.3975903614458,80.128,person
003891.jpg,58.9397590361446,59.904,68.0481927710843,72.704,person
003891.jpg,70.0722891566265,62.72,75.6385542168675,71.68,person
003891.jpg,48.8192771084337,62.72,56.6626506024096,73.216,person
003891.jpg,39.4578313253012,63.744,51.855421686747,90.112,person
003891.jpg,29.3373493975904,59.136,35.9156626506024,76.288,person
003891.jpg,34.9036144578313,59.136,41.2289156626506,76.288,person
003891.jpg,22.7590361445783,80.384,105.746987951807,128,car
003891.jpg,23.2650602409639,72.704,106,101.12,car
009894.jpg,55.04,61.3358208955224,69.376,67.6791044776119,train
002841.jpg,21.888,61.952,66.688,105.984,person
002841.jpg,41.088,19.712,100.992,111.104,person
000771.jpg,39.808,36.608,72.576,72.704,chair
000771.jpg,84.096,48.896,112,99.072,sofa
004009.jpg,39.168,44.4344262295082,70.144,82.2950819672131,aeroplane
009191.jpg,7.424,25.382183908046,124.672,102.617816091954,motorbike
005027.jpg,60.16,29.824,70.144,48,person
005027.jpg,55.04,39.296,72.448,61.056,person
005027.jpg,32.256,46.208,43.776,53.376,chair
005027.jpg,70.912,34.944,116.992,78.208,tvmonitor
000219.jpg,52.1306306306306,85.248,100.629129129129,118.784,motorbike
006170.jpg,51.456,57.3832335329341,56.32,65.2724550898204,cow
006170.jpg,37.632,55.6017964071856,44.544,66.2904191616767,cow
006170.jpg,13.824,55.3473053892216,23.552,67.8173652694611,cow
006259.jpg,21.7552552552553,48.128,106.5,113.152,diningtable
006259.jpg,95.2687687687688,45.568,105.478978978979,67.328,chair
006259.jpg,28.9024024024024,40.704,47.0255255255255,56.576,chair
006259.jpg,22.521021021021,49.92,31.7102102102102,68.096,chair
006259.jpg,38.8573573573574,28.672,53.9174174174174,43.776,person
006259.jpg,22.521021021021,34.816,32.9864864864865,49.92,person
008188.jpg,11.264,38.8098360655738,118.528,97.6295081967213,car
008188.jpg,66.56,40.344262295082,82.432,55.1770491803279,person
008188.jpg,92.416,44.1803278688525,100.608,56.7114754098361,person
008225.jpg,61.952,49.6181818181818,71.936,73.8,person
008225.jpg,28.672,66.1636363636364,48.384,99,person
008225.jpg,14.336,47.5818181818182,48.64,71.2545454545455,car
008225.jpg,32.768,63.1090909090909,63.744,77.8727272727273,car
003077.jpg,20.736,63.2409638554217,61.184,90.0602409638554,sofa
003077.jpg,82.688,60.2048192771084,112.896,85.7590361445783,chair
003077.jpg,64,61.2168674698795,88.064,86.2650602409639,chair
003077.jpg,18.688,57.1686746987952,39.936,95.1204819277108,person
003077.jpg,39.168,57.9277108433735,60.672,94.1084337349398,person
003077.jpg,62.464,54.1325301204819,82.176,89.3012048192771,person
003077.jpg,90.112,55.9036144578313,111.36,88.289156626506,person
003450.jpg,46.848,46.3943298969072,68.096,104.824742268041,person
003450.jpg,60.928,48.4355670103093,91.136,84.9226804123711,person
003450.jpg,34.56,57.3659793814433,60.16,87.2190721649485,person
003450.jpg,5.632,48.4355670103093,108.288,108.907216494845,sofa
003450.jpg,92.16,29.298969072165,122.88,64.2551546391753,pottedplant
000895.jpg,32.256,34.176,70.144,107.904,person
000895.jpg,6.4,41.856,40.192,103.808,person
001149.jpg,37.888,51.328,103.168,93.312,sofa
001149.jpg,19.2,37.76,37.376,55.168,tvmonitor
001149.jpg,0.256,17.792,36.352,112,pottedplant
006286.jpg,20.48,38.528,103.68,112,person
006286.jpg,111.616,53.632,121.6,69.504,person
006286.jpg,97.536,53.12,109.568,64.896,person
006286.jpg,102.912,72.064,128,112,diningtable
006286.jpg,88.832,61.312,103.68,71.296,diningtable
006286.jpg,40.96,58.752,51.968,64.128,diningtable
006286.jpg,26.624,63.36,53.504,87.424,diningtable
006286.jpg,0.256,98.432,20.992,112,diningtable
006286.jpg,0.512,59.264,13.568,73.6,diningtable
006286.jpg,104.448,77.696,128,112,chair
006286.jpg,12.544,61.568,34.56,87.424,chair
006286.jpg,34.56,57.984,42.752,64.128,chair
006286.jpg,38.4,63.104,59.648,90.24,chair
006286.jpg,4.864,58.752,16.64,75.136,chair
006286.jpg,14.336,57.728,24.32,69.504,chair
006286.jpg,24.832,61.312,38.912,67.968,chair
006286.jpg,47.104,58.496,59.136,65.664,chair
006286.jpg,50.176,62.336,61.44,69.248,chair
006286.jpg,102.4,61.568,116.224,75.392,chair
006286.jpg,0.256,59.264,8.192,60.544,chair
008437.jpg,39.6231231231231,31.232,82.506006006006,92.672,horse
008437.jpg,34.7732732732733,45.568,47.7912912912913,68.352,person
009830.jpg,11.008,20.608,102.656,96.64,car
008315.jpg,42.24,56.96,116.736,95.872,bus
008315.jpg,116.224,75.904,128,85.632,car
008315.jpg,122.112,76.928,128,92.032,car
008315.jpg,93.44,78.72,103.936,97.664,person
008315.jpg,91.904,85.12,104.448,103.296,motorbike
002377.jpg,23.296,47.488,128,112,bicycle
005104.jpg,0.256,37.5810810810811,17.664,74.5930930930931,tvmonitor
005104.jpg,78.08,42.9414414414414,128,106.5,sofa
005104.jpg,90.88,72.2957957957958,115.2,97.3108108108108,cat
000325.jpg,25.6,32.128,128,67.2,aeroplane
001204.jpg,20.736,65.152,121.6,111.488,sofa
001204.jpg,124.416,52.608,128,67.456,tvmonitor
001204.jpg,116.736,65.152,128,84.096,chair
003273.jpg,52.096,26.624,94.08,72.704,bird
004553.jpg,35.84,48.2215568862276,127.488,106.5,horse
004553.jpg,13.056,63.2365269461078,24.32,97.0838323353294,person
004553.jpg,61.952,30.4071856287425,94.208,85.377245508982,person
003034.jpg,0.256,87.68,75.52,112,diningtable
003034.jpg,6.912,61.824,20.736,73.344,sofa
003034.jpg,90.88,52.096,100.096,60.032,pottedplant
003034.jpg,77.056,60.544,119.296,112,chair
003034.jpg,59.136,62.336,65.28,68.736,chair
003034.jpg,78.08,67.456,109.824,100.736,person
003034.jpg,10.24,40.832,66.304,94.592,person
000302.jpg,124.928,86.656,128,97.92,car
000302.jpg,121.6,80.256,124.416,85.888,car
000302.jpg,71.424,73.6,122.368,103.04,car
000302.jpg,62.72,74.88,80.896,87.68,car
000302.jpg,0.256,77.696,22.272,112,car
000302.jpg,34.048,78.464,47.104,109.952,person
000302.jpg,30.976,85.888,54.528,109.952,motorbike
007773.jpg,39.168,91.9940119760479,54.016,100.646706586826,bus
001375.jpg,43.52,14.2829268292683,128,109.151219512195,bird
002350.jpg,38.016,0.768,91.264,128,bottle
005705.jpg,31.872,4.096,78.976,104.448,boat
005134.jpg,7.936,51.584,12.288,70.272,person
005134.jpg,10.752,49.536,18.432,76.416,person
005134.jpg,27.904,51.328,33.28,72.32,person
005134.jpg,33.28,49.28,41.728,79.488,person
005134.jpg,46.592,53.376,51.968,69.76,person
005134.jpg,51.2,50.56,59.648,75.136,person
005134.jpg,67.84,54.4,73.472,71.552,person
005134.jpg,82.176,51.84,91.904,86.656,person
005134.jpg,94.464,53.12,102.144,79.488,person
005134.jpg,104.448,53.888,113.664,74.88,person
005134.jpg,0.512,72.064,11.264,112,person
005134.jpg,75.52,57.472,79.872,67.712,person
005134.jpg,122.112,53.632,126.976,61.312,person
005134.jpg,115.712,55.68,121.856,72.32,person
005134.jpg,60.416,60.288,64.512,68.736,person
005134.jpg,61.952,54.656,66.304,67.712,person
004397.jpg,16.5092838196286,0.256,101.305039787798,112.64,person
009619.jpg,53.76,51.072,78.336,80.256,dog
005244.jpg,0.512,18.56,111.616,103.552,train
009089.jpg,16.256,20.48,103.552,128,person
001539.jpg,26.112,58.752,91.392,105.6,bicycle
008698.jpg,19.0098039215686,7.424,91.656862745098,128,person
007933.jpg,2.048,26.752,125.952,105.856,bicycle
005618.jpg,96.256,53.632,127.744,85.632,tvmonitor
005618.jpg,55.296,55.68,69.12,81.28,chair
005618.jpg,68.096,53.12,80.896,76.928,chair
005618.jpg,47.872,53.376,57.6,75.136,chair
005618.jpg,22.784,39.552,31.744,77.696,person
005618.jpg,36.352,39.808,48.896,78.208,person
002625.jpg,29.184,92.032,40.704,96.384,car
002625.jpg,10.752,91.264,22.528,96.128,car
002625.jpg,42.752,88.448,45.056,99.2,person
002625.jpg,27.392,89.728,29.696,96.128,person
002625.jpg,25.088,90.496,27.904,99.456,person
002625.jpg,21.504,88.96,25.6,101.76,person
002625.jpg,109.056,89.216,114.176,102.784,person
002625.jpg,9.216,89.472,11.008,96.64,person
003061.jpg,73.216,24.3078078078078,114.176,77.6561561561562,chair
003061.jpg,23.808,27.8813813813814,66.304,61.8303303303303,chair
003061.jpg,120.832,43.7072072072072,128,77.6561561561562,chair
006321.jpg,29.824,51.2,75.392,105.472,dog
006321.jpg,19.072,20.736,41.856,57.856,chair
004272.jpg,57.728,37.376,109.952,100.864,dog
009743.jpg,38.4,57.7295514511873,87.552,71.8060686015831,cat
004409.jpg,0.256,23.2538699690402,92.416,92.8142414860681,dog
001397.jpg,54.1726726726727,30.976,76.1246246246246,67.328,dog
009349.jpg,16.512,77.824,54.144,128,sheep
009349.jpg,50.816,18.944,95.872,118.016,person
009349.jpg,87.68,24.064,112,128,person
009349.jpg,37.76,30.208,46.464,70.144,person
009349.jpg,19.584,29.44,29.824,55.552,person
009349.jpg,26.24,33.024,39.552,76.544,person
001875.jpg,9.216,51.328,36.608,75.904,tvmonitor
003915.jpg,40.192,57.216,128,112,dog
003915.jpg,2.304,16.512,47.616,55.168,person
003915.jpg,50.176,24.96,77.056,57.984,person
005274.jpg,72.192,42.368,111.36,107.648,dog
005274.jpg,43.52,74.624,70.912,103.296,dog
005274.jpg,26.112,31.872,108.032,104.064,person
002186.jpg,59.648,56.448,76.032,81.28,person
002186.jpg,38.912,16.256,49.664,52.096,person
002186.jpg,76.8,24.96,89.856,45.952,chair
002186.jpg,52.224,25.472,67.328,51.84,chair
002186.jpg,47.104,27.776,72.704,48.768,diningtable
002963.jpg,18.432,25.216,128,112,sheep
005285.jpg,23.04,46.208,95.232,103.552,bird
005285.jpg,97.792,56.96,128,88.192,bird
005521.jpg,17.664,53.376,117.248,111.744,diningtable
005521.jpg,66.56,27.52,102.912,52.096,diningtable
003861.jpg,29.44,34.7335329341317,73.472,96.3203592814371,boat
003861.jpg,94.208,84.6137724550898,109.568,90.7215568862275,boat
000739.jpg,103.424,24.120320855615,128,111.5,person
000739.jpg,98.816,37.5828877005348,122.624,111.5,person
000739.jpg,69.632,33.0106951871658,106.24,111.5,person
000739.jpg,61.184,30.4705882352941,85.76,111.5,person
000739.jpg,42.24,30.4705882352941,64.512,111.5,person
000739.jpg,24.832,33.2647058823529,49.408,111.5,person
000739.jpg,0.768,23.1042780748663,27.648,111.5,person
007185.jpg,38.912,22.5060240963855,112.64,106,horse
003991.jpg,20.224,27.9884318766067,128,81.6876606683805,cat
008885.jpg,13.7556962025316,10.752,102.993670886076,126.976,cat
005457.jpg,16.384,51.2832369942197,99.072,89.6878612716763,car
005457.jpg,109.056,26.6127167630058,114.432,31.4450867052023,person
005457.jpg,122.624,26.1040462427746,127.744,30.9364161849711,person
004372.jpg,36.352,51.3493975903615,81.152,93.3493975903614,horse
004372.jpg,43.776,40.4698795180723,62.208,82.2168674698795,person
006900.jpg,122.624,38.784,128,62.08,car
006900.jpg,71.424,42.624,86.272,51.584,car
006900.jpg,0.256,45.952,38.4,67.968,car
006900.jpg,0.256,54.656,15.616,95.36,car
006900.jpg,22.016,46.72,125.44,102.272,car
006900.jpg,83.712,36.992,119.04,63.36,car
006421.jpg,81.408,62.5960960960961,91.648,68.9774774774775,car
006421.jpg,15.104,61.8303303303303,40.448,72.0405405405406,car
006421.jpg,105.728,62.8513513513514,110.592,65.6591591591592,car
000829.jpg,55.552,58.496,115.712,87.68,bus
000829.jpg,0.256,59.776,50.944,90.24,bus
000829.jpg,90.88,16.256,98.56,21.12,car
000829.jpg,22.784,45.44,44.544,59.52,car
000829.jpg,121.856,48,128,56.96,car
000829.jpg,13.312,19.328,20.736,25.984,car
000829.jpg,4.096,88.96,20.48,102.016,bicycle
000829.jpg,119.808,96.64,125.952,105.856,person
000829.jpg,117.504,100.736,128,111.232,person
003356.jpg,25.344,32.128,99.072,99.456,tvmonitor
008472.jpg,3.072,10.6312364425163,125.184,119.672451193059,aeroplane
006930.jpg,0.512,50.816,126.208,112,sofa
009904.jpg,34.432,87.808,56.96,99.584,car
004013.jpg,43.52,53.4042553191489,99.072,97.5744680851064,bird
005514.jpg,0.256,29.568,93.184,92.032,cow
005514.jpg,90.112,38.272,128,90.24,cow
001211.jpg,79.8924205378973,55.04,116,128,cat
001211.jpg,12.2542787286064,2.304,68.958435207824,71.936,dog
001211.jpg,13.0171149144254,32,104.557457212714,128,chair
007919.jpg,42.752,50.8433734939759,114.688,92.8433734939759,horse
007919.jpg,68.096,34.3975903614458,82.688,74.6265060240964,person
004205.jpg,0.768,24.3078078078078,63.232,106.5,person
004205.jpg,68.608,21.7552552552553,127.744,106.5,person
004205.jpg,48.896,32.9864864864865,67.072,92.2057057057057,person
004205.jpg,70.144,38.8573573573574,84.224,63.6171171171171,person
009780.jpg,84.224,46.6946107784431,128,102.173652694611,dog
009780.jpg,0.256,26.0808383233533,128,106.5,person
009780.jpg,0.256,22.0089820359281,128,57.8922155688623,sofa
002718.jpg,35.328,25.728,104.192,92.288,bird
000262.jpg,87.808,63.4897959183674,128,89,car
002256.jpg,83.712,65.92,128,111.488,bus
002256.jpg,62.208,78.72,82.688,98.432,bus
002256.jpg,50.432,93.056,55.552,105.856,person
007334.jpg,23.808,21.888,114.688,92.032,cat
003299.jpg,0.512,22.2611940298507,127.744,87.4701492537313,aeroplane
005984.jpg,23.808,67.2,75.52,110.464,dog
005984.jpg,71.68,71.04,118.784,100.48,dog
005984.jpg,0.512,52.352,128,111.488,sofa
005984.jpg,15.36,30.848,113.92,111.744,person
002606.jpg,89.856,71.2313432835821,110.592,79.3507462686567,car
002606.jpg,64.512,70.7238805970149,94.464,81.8880597014925,car
002606.jpg,49.408,71.2313432835821,64.512,82.6492537313433,car
002606.jpg,0.256,74.0223880597015,10.24,87.9776119402985,car
002606.jpg,63.744,70.4701492537313,75.008,75.544776119403,car
006520.jpg,37.0569230769231,10.496,87.3676923076923,124.928,bird
008105.jpg,5.632,34.176,120.832,99.456,car
008105.jpg,97.28,25.984,113.408,32.384,car
008105.jpg,74.496,25.472,98.304,32.64,car
008105.jpg,71.936,32.64,128,65.408,car
008105.jpg,55.04,26.24,77.824,34.944,car
008105.jpg,16.64,27.776,49.408,42.624,car
008105.jpg,0.256,29.824,16.896,50.56,car
008105.jpg,0.256,24.448,14.848,34.176,car
008105.jpg,13.824,24.704,28.416,33.408,car
008105.jpg,30.976,24.192,46.848,29.056,car
008105.jpg,67.584,23.68,79.104,29.824,car
008105.jpg,0.256,78.464,10.24,112,car
008105.jpg,116.224,19.328,128,42.624,person
008105.jpg,110.848,22.144,114.176,28.288,person
008105.jpg,106.496,21.632,110.592,26.496,person
008105.jpg,96.768,21.12,102.4,27.776,person
008105.jpg,91.904,20.864,97.024,28.288,person
008105.jpg,89.6,21.376,90.624,24.704,person
008105.jpg,85.76,20.352,89.856,25.984,person
008105.jpg,72.704,21.12,75.52,24.192,person
008105.jpg,63.232,20.608,65.792,23.936,person
008105.jpg,67.328,20.608,70.912,23.68,person
008105.jpg,46.336,19.584,56.832,32.896,person
003282.jpg,56.3652694610778,45.824,106.5,113.408,person
003282.jpg,22.0089820359281,4.864,106.5,128,person
004011.jpg,22.272,46.2597597597598,106.24,89.6531531531532,car
006483.jpg,25.6,24.1485411140584,97.024,112,person
006483.jpg,78.592,53.1777188328912,89.088,72.2758620689655,bottle
006483.jpg,80.896,64.6366047745358,86.528,80.6790450928382,bottle
006483.jpg,71.936,54.4509283819629,78.08,71.2572944297082,bottle
003374.jpg,6.93333333333333,19.6754874651811,54.9333333333333,50.3718662952646,tvmonitor
003374.jpg,61.3333333333333,33.9651810584958,72.5333333333333,51.4303621169916,pottedplant
003374.jpg,36,47.7256267409471,82.9333333333333,111.5,dog
004885.jpg,26.624,51.328,105.472,103.04,boat
001230.jpg,17.408,52.3684210526316,102.144,77.6766917293233,aeroplane
008753.jpg,92.928,78.0972540045767,123.392,101.719679633867,bird
003391.jpg,30.72,73.088,47.872,112,person
003391.jpg,19.712,87.168,67.328,112,motorbike
009189.jpg,118.784,77.2063492063492,128,89.9047619047619,cow
009189.jpg,103.68,73.3968253968254,114.944,87.3650793650794,cow
009189.jpg,77.824,72.8888888888889,93.696,82.2857142857143,cow
009189.jpg,59.136,69.8412698412699,73.472,78.2222222222222,cow
009189.jpg,31.488,63.2380952380952,58.112,79.4920634920635,cow
009189.jpg,17.92,61.2063492063492,30.72,76.1904761904762,cow
004014.jpg,16.256,19.2,111.744,128,chair
004014.jpg,16.768,12.288,93.568,128,person
008615.jpg,12.8,59.52,30.208,69.504,cow
008970.jpg,64.512,42.1137724550898,94.976,83.0868263473054,pottedplant
008970.jpg,16.64,41.0958083832335,48.64,73.4161676646707,tvmonitor
004255.jpg,0.256,35.4042553191489,15.36,57.3617021276596,motorbike
004255.jpg,9.984,16.5106382978723,33.792,22.1276595744681,motorbike
004255.jpg,49.152,16.2553191489362,66.56,25.4468085106383,motorbike
004255.jpg,64,16.2553191489362,86.016,27.2340425531915,motorbike
004255.jpg,93.952,16.2553191489362,107.008,31.063829787234,motorbike
004255.jpg,0.256,16.7659574468085,114.176,110.723404255319,motorbike
002633.jpg,56.4096385542169,38.912,101.698795180723,105.472,horse
002633.jpg,67.289156626506,25.856,84.2409638554217,79.616,person
003360.jpg,21.7552552552553,39.424,32.475975975976,84.736,chair
003360.jpg,31.7102102102102,1.024,101.13963963964,104.448,person
003360.jpg,46.7702702702703,65.024,77.6561561561562,123.136,dog
000298.jpg,46.08,22.6649484536082,86.784,106.100515463918,person
000174.jpg,36.608,22.7762762762763,109.056,106.5,person
006055.jpg,94.464,59.008,108.288,91.776,chair
006055.jpg,105.472,61.824,118.016,94.336,chair
006055.jpg,117.248,56.96,125.952,66.944,chair
006055.jpg,32,54.144,53.248,93.568,chair
006055.jpg,6.912,55.68,30.208,95.104,chair
005355.jpg,1.792,45.696,109.056,92.288,train
005355.jpg,115.456,62.848,125.952,71.296,train
007735.jpg,48.896,38.8573573573574,72.704,96.8003003003003,person
007735.jpg,1.024,89.3978978978979,93.696,106.5,diningtable
007735.jpg,86.528,81.2297297297297,127.488,106.5,chair
007735.jpg,61.44,74.8483483483483,98.304,102.160660660661,chair
007735.jpg,1.024,72.551051051051,32,97.0555555555556,chair
000245.jpg,4.608,49.536,124.928,90.752,car
000245.jpg,77.568,51.584,84.224,59.776,person
000246.jpg,15.36,27.264,84.736,95.36,dog
001756.jpg,34.176,105.728,112,128,diningtable
001756.jpg,104.576,95.232,112,109.056,chair
001756.jpg,49.792,77.568,60.8,114.432,bottle
001756.jpg,81.536,26.624,108.928,106.24,person
001756.jpg,17.28,8.448,83.072,115.968,person
001756.jpg,22.656,113.408,43.392,128,chair
007535.jpg,23.6413043478261,15.104,76.7717391304348,125.184,person
000187.jpg,0.256,40.32,61.44,102.016,tvmonitor
007129.jpg,20.992,37.4143576826197,62.72,114.5,dog
007129.jpg,47.872,15.7896725440806,108.032,114.5,person
004396.jpg,60.928,66.432,68.352,71.04,aeroplane
008223.jpg,33.024,19.072,128,111.744,sheep
005267.jpg,17.408,34.4402985074627,103.424,100.15671641791,train
008258.jpg,15.3137254901961,9.216,101.21568627451,128,cat
002662.jpg,30.72,59.1746031746032,125.696,112,diningtable
002662.jpg,95.488,26.6666666666667,128,90.4126984126984,person
002662.jpg,118.016,71.8730158730159,128,112,person
002662.jpg,54.272,19.5555555555556,83.712,60.1904761904762,person
002662.jpg,36.352,24.6349206349206,53.76,59.6825396825397,person
002662.jpg,23.552,29.968253968254,39.936,59.1746031746032,person
002662.jpg,1.28,29.4603174603175,58.112,109.460317460317,person
002247.jpg,18.304,66.304,112,115.456,car
001015.jpg,24.576,55.4489489489489,28.16,63.1066066066066,bird
001015.jpg,54.272,61.0645645645646,60.16,68.466966966967,bird
001015.jpg,100.352,69.487987987988,107.008,74.8483483483483,bird
004318.jpg,16.256,15.616,109.44,72.448,dog
000625.jpg,95.232,86.912,118.528,102.272,chair
000625.jpg,95.232,71.04,119.808,89.728,chair
000625.jpg,122.368,70.784,127.744,87.168,chair
000625.jpg,121.856,86.144,128,101.504,chair
000625.jpg,67.328,69.504,73.728,87.936,chair
000625.jpg,67.072,86.656,73.728,100.736,chair
000625.jpg,39.424,68.48,47.872,86.144,chair
000625.jpg,39.424,85.12,47.872,99.456,chair
000625.jpg,16.64,68.736,25.6,86.912,chair
000625.jpg,17.408,84.864,22.016,99.968,chair
000625.jpg,14.848,22.144,22.016,38.016,chair
000625.jpg,13.312,36.224,22.016,56.448,chair
000625.jpg,41.728,22.656,50.944,39.808,chair
000625.jpg,41.472,37.248,49.664,54.912,chair
000625.jpg,70.144,22.656,76.8,39.552,chair
000625.jpg,69.888,38.528,78.592,58.496,chair
000625.jpg,96,22.656,102.4,39.552,chair
000625.jpg,95.744,37.76,101.888,55.168,chair
000625.jpg,123.392,22.912,128,38.528,chair
000625.jpg,122.88,37.76,128,55.68,chair
000625.jpg,101.12,69.504,124.416,91.264,person
000625.jpg,69.376,70.784,95.488,90.496,person
000625.jpg,69.12,86.144,95.232,101.504,person
000625.jpg,41.984,84.864,64.768,99.968,person
000625.jpg,43.776,68.224,67.328,87.168,person
000625.jpg,19.456,65.664,41.984,85.888,person
000625.jpg,19.456,85.888,41.472,99.456,person
000625.jpg,17.152,36.992,43.264,56.96,person
000625.jpg,16.384,20.096,41.472,40.576,person
000625.jpg,44.544,20.352,70.144,39.552,person
000625.jpg,44.032,37.76,72.448,63.104,person
000625.jpg,71.424,21.376,96.256,44.16,person
000625.jpg,72.448,40.064,107.008,62.848,person
000625.jpg,99.328,20.608,123.648,40.576,person
000625.jpg,99.584,38.528,128,62.848,person
000625.jpg,0.256,21.12,14.592,40.576,person
000625.jpg,0.768,37.504,29.44,61.568,person
007435.jpg,24.0240963855422,81.92,49.3253012048193,128,chair
007435.jpg,83.9879518072289,66.304,101.192771084337,79.872,chair
007435.jpg,40.4698795180723,60.928,58.1807228915663,75.264,chair
007435.jpg,22.2530120481928,98.56,33.1325301204819,123.392,chair
007435.jpg,24.5301204819277,73.728,106,128,diningtable
009872.jpg,9.984,78.208,34.816,95.616,chair
009872.jpg,40.192,78.72,66.816,94.336,chair
009872.jpg,70.912,77.696,93.952,93.568,chair
009872.jpg,79.104,94.336,118.272,112,chair
009872.jpg,29.184,94.848,70.4,111.744,chair
009872.jpg,0.256,94.592,22.272,112,chair
003464.jpg,0.256,43.8211009174312,113.92,95.6009174311927,train
004916.jpg,7.68,30.1786786786787,85.504,106.5,person
004916.jpg,90.88,83.7822822822823,118.784,106.5,bottle
004916.jpg,30.464,43.7072072072072,43.264,59.2777777777778,tvmonitor
008595.jpg,24.064,47.7912912912913,56.064,90.1636636636637,motorbike
008595.jpg,42.24,22.0105105105105,128,106.5,motorbike
004076.jpg,19.712,29.568,106.24,87.68,cat
006375.jpg,94.976,52.352,111.872,62.592,car
006375.jpg,49.664,55.68,74.496,71.808,car
006375.jpg,7.168,56.96,50.176,94.336,car
006612.jpg,62.08,52.224,84.096,105.472,person
006612.jpg,34.944,51.456,71.808,80.384,cow
005664.jpg,52.736,20.096,93.44,67.968,person
005664.jpg,20.992,20.864,105.472,112,person
005664.jpg,0.256,20.096,39.168,112,person
005664.jpg,116.224,16.256,128,36.48,person
001224.jpg,25.856,60.5540540540541,47.872,92.9714714714715,bicycle
001224.jpg,55.04,63.8723723723724,77.312,93.9924924924925,bicycle
001224.jpg,83.968,65.6591591591592,110.848,99.3528528528529,bicycle
001224.jpg,70.144,61.3198198198198,90.88,88.3768768768769,bicycle
001224.jpg,24.32,41.4099099099099,48.384,78.4219219219219,person
001224.jpg,52.736,42.4309309309309,76.288,84.8033033033033,person
001224.jpg,83.456,44.7282282282282,110.848,84.5480480480481,person
001224.jpg,70.144,43.7072072072072,89.344,82.2507507507508,person
001224.jpg,26.624,22.0105105105105,34.56,41.6651651651652,person
001224.jpg,94.72,21.7552552552553,101.632,37.8363363363363,person
002994.jpg,41.984,87.68,79.104,102.528,car
002994.jpg,17.152,88.192,37.632,99.968,car
009458.jpg,4.01162790697674,5.12,31.8953488372093,25.088,bottle
009458.jpg,32.406976744186,3.328,55.1744186046512,28.16,bottle
009458.jpg,55.1744186046512,6.144,77.6860465116279,28.928,bottle
009458.jpg,77.1744186046512,10.24,96.6162790697674,27.392,bottle
009458.jpg,89.9651162790698,3.584,106.337209302326,16.896,bottle
009458.jpg,100.709302325581,13.312,122.453488372093,26.368,bottle
009458.jpg,105.058139534884,1.28,124.5,16.64,bottle
007779.jpg,28.416,79.488,47.616,92.288,car
007779.jpg,47.616,72.576,78.08,92.288,car
007779.jpg,78.08,79.232,99.072,91.52,car
001009.jpg,8.448,18.816,128,112,cat
001009.jpg,1.024,27.264,67.328,96.896,cat
009470.jpg,0.512,33.3129770992366,128,97.5,sofa
009470.jpg,4.864,59.1412213740458,58.112,70.3931297709924,cat
009470.jpg,58.624,61.9541984732824,119.808,84.4580152671756,cat
003218.jpg,60.16,62.4730538922156,73.216,86.1407185628743,bicycle
003218.jpg,112.384,62.7275449101796,124.16,87.9221556886228,bicycle
003218.jpg,71.936,61.9640718562874,82.944,82.0688622754491,bicycle
003218.jpg,82.944,58.1467065868264,89.344,77.4880239520958,bicycle
003218.jpg,44.032,66.2904191616767,57.344,91.9940119760479,bicycle
003218.jpg,21.248,53.8203592814371,29.952,66.7994011976048,bicycle
003218.jpg,110.08,45.1676646706587,123.392,82.8323353293413,person
003218.jpg,59.392,45.6766467065868,71.68,78.5059880239521,person
003218.jpg,71.424,46.9491017964072,82.176,75.4520958083832,person
003218.jpg,21.248,44.6586826347305,29.44,64.2544910179641,person
003218.jpg,77.824,43.8952095808383,86.528,60.1826347305389,person
003218.jpg,88.832,43.1317365269461,96.768,71.8892215568862,person
003218.jpg,96.256,42.1137724550898,101.376,70.1077844311377,person
003218.jpg,116.48,40.3323353293413,123.648,56.6197604790419,person
003218.jpg,84.48,42.3682634730539,91.904,69.0898203592815,person
003218.jpg,9.216,43.8952095808383,20.48,83.8502994011976,person
003218.jpg,33.792,42.3682634730539,39.424,61.4550898203593,person
003218.jpg,2.816,41.8592814371258,12.032,79.2694610778443,person
003218.jpg,61.952,42.1137724550898,64.256,46.9491017964072,person
003218.jpg,58.112,40.0778443113772,60.928,44.6586826347305,person
003218.jpg,54.528,41.0958083832335,59.648,51.0209580838323,person
003218.jpg,50.944,43.6407185628743,54.016,46.9491017964072,person
003218.jpg,39.424,42.3682634730539,43.776,62.2185628742515,person
003218.jpg,27.904,42.877245508982,34.56,61.4550898203593,person
003218.jpg,24.576,41.3502994011976,28.416,47.4580838323353,person
003218.jpg,0.256,46.185628742515,4.352,56.3652694610778,person
008260.jpg,24.064,34.176,116.992,81.28,dog
008260.jpg,0.768,16.512,127.744,111.744,sofa
008524.jpg,2.24,18.3172413793103,24.32,28.7862068965517,car
008524.jpg,0.32,19.9034482758621,125.12,109.048275862069,horse
008063.jpg,83.2,40.832,109.056,92.032,chair
008063.jpg,13.568,42.88,40.192,93.056,chair
008063.jpg,53.248,43.392,75.264,89.216,chair
004171.jpg,31.7937219730942,77.312,76.5246636771301,110.848,bird
002213.jpg,14.0689655172414,26.778947368421,101.793103448276,113.536842105263,horse
002213.jpg,44.4137931034483,15.0105263157895,72.8275862068966,80.421052631579,person
009282.jpg,3.92982456140351,36.7719298245614,120.982456140351,96.8421052631579,car
006565.jpg,0.256,50.6286863270777,102.656,111.5,cat
006943.jpg,30.976,36.992,79.36,92.032,train
006943.jpg,72.704,35.968,128,96.128,train
006943.jpg,16.384,56.704,22.528,75.136,person
006943.jpg,0.512,50.56,14.848,112,person
006789.jpg,43.9513108614232,13.2,76.9026217228465,64.8,person
006789.jpg,29.6591760299625,67.6,46.7303370786517,107.6,person
006789.jpg,33.2322097378277,17.2,95.9588014981273,124,horse
009926.jpg,30.464,37.504,60.928,88.96,person
009926.jpg,76.288,17.536,125.44,107.904,person
009926.jpg,19.712,56.192,71.68,98.688,bicycle
009926.jpg,76.544,53.376,113.408,112,bicycle
004138.jpg,66.125,65.8666666666667,106.5,128,person
004138.jpg,22.828125,19.2,100.390625,128,person
005845.jpg,0.256,72.2879656160459,69.12,108.5,cat
005845.jpg,60.416,20.0100286532951,128,108.5,person
009433.jpg,20.224,56.3728813559322,99.072,91.7118644067797,train
009433.jpg,121.6,67.0508474576271,126.72,81.2881355932204,person
009433.jpg,114.176,62.9830508474576,119.552,76.9661016949153,person
009433.jpg,98.816,67.8135593220339,102.912,79,person
009433.jpg,92.928,67.8135593220339,97.536,80.7796610169492,person
009433.jpg,15.616,70.1016949152542,18.944,77.9830508474576,person
009433.jpg,49.92,64.2542372881356,53.76,75.1864406779661,person
007163.jpg,45.312,45.696,76.544,112,person
007163.jpg,14.848,43.904,57.088,112,person
007163.jpg,40.704,72.064,127.744,112,horse
007163.jpg,46.592,48.768,74.24,67.2,horse
000915.jpg,6.656,81.536,70.144,112,diningtable
000915.jpg,52.736,34.176,106.496,112,person
000915.jpg,24.064,42.368,72.704,83.584,person
000915.jpg,20.224,65.664,41.216,83.84,chair
000915.jpg,36.608,50.56,47.104,57.472,chair
000609.jpg,4.096,50.304,117.76,86.4,dog
000133.jpg,25.6174496644295,4.608,110.543624161074,128,person
000133.jpg,41.4295302013423,58.112,93.2013422818792,128,horse
000133.jpg,12.6107382550336,0.256,26.1275167785235,25.856,person
000133.jpg,17.7114093959732,14.848,41.9395973154362,26.624,horse
002864.jpg,0.768,19.84,19.456,39.808,person
002864.jpg,0.256,16.512,40.704,52.352,person
002864.jpg,11.264,20.608,59.904,108.416,person
002864.jpg,64.768,20.608,128,104.576,person
009605.jpg,22.784,20.608,117.248,110.464,dog
004455.jpg,41.984,51.1096096096096,65.536,74.0825825825826,cat
004455.jpg,20.736,21.7552552552553,121.088,104.457957957958,pottedplant
